[     464ms] [VERBOSE] [DOM] Password field is not contained in a form: (More info: https://goo.gl/9p2vKq) %o @ http://localhost:8099/:0
[   32352ms] [ERROR] Failed to load resource: net::ERR_CONNECTION_REFUSED @ http://localhost:8099/stream:0
[   35355ms] [ERROR] Failed to load resource: net::ERR_CONNECTION_REFUSED @ http://localhost:8099/stream:0
[   38359ms] [ERROR] Failed to load resource: net::ERR_CONNECTION_REFUSED @ http://localhost:8099/stream:0
[   41364ms] [ERROR] Failed to load resource: net::ERR_CONNECTION_REFUSED @ http://localhost:8099/stream:0
[   44369ms] [ERROR] Failed to load resource: net::ERR_CONNECTION_REFUSED @ http://localhost:8099/stream:0
[   47372ms] [ERROR] Failed to load resource: net::ERR_CONNECTION_REFUSED @ http://localhost:8099/stream:0
[   50377ms] [ERROR] Failed to load resource: net::ERR_CONNECTION_REFUSED @ http://localhost:8099/stream:0
[   53387ms] [ERROR] Failed to load resource: net::ERR_CONNECTION_REFUSED @ http://localhost:8099/stream:0
[   56389ms] [ERROR] Failed to load resource: net::ERR_CONNECTION_REFUSED @ http://localhost:8099/stream:0
[   59395ms] [ERROR] Failed to load resource: net::ERR_CONNECTION_REFUSED @ http://localhost:8099/stream:0
[   62399ms] [ERROR] Failed to load resource: net::ERR_CONNECTION_REFUSED @ http://localhost:8099/stream:0
[   65403ms] [ERROR] Failed to load resource: net::ERR_CONNECTION_REFUSED @ http://localhost:8099/stream:0
[   68406ms] [ERROR] Failed to load resource: net::ERR_CONNECTION_REFUSED @ http://localhost:8099/stream:0
[   71409ms] [ERROR] Failed to load resource: net::ERR_CONNECTION_REFUSED @ http://localhost:8099/stream:0
[   74414ms] [ERROR] Failed to load resource: net::ERR_CONNECTION_REFUSED @ http://localhost:8099/stream:0
[   77417ms] [ERROR] Failed to load resource: net::ERR_CONNECTION_REFUSED @ http://localhost:8099/stream:0
[   80421ms] [ERROR] Failed to load resource: net::ERR_CONNECTION_REFUSED @ http://localhost:8099/stream:0
[   83424ms] [ERROR] Failed to load resource: net::ERR_CONNECTION_REFUSED @ http://localhost:8099/stream:0
[   86428ms] [ERROR] Failed to load resource: net::ERR_CONNECTION_REFUSED @ http://localhost:8099/stream:0
[   89432ms] [ERROR] Failed to load resource: net::ERR_CONNECTION_REFUSED @ http://localhost:8099/stream:0
[   92435ms] [ERROR] Failed to load resource: net::ERR_CONNECTION_REFUSED @ http://localhost:8099/stream:0
[   95439ms] [ERROR] Failed to load resource: net::ERR_CONNECTION_REFUSED @ http://localhost:8099/stream:0
[   98443ms] [ERROR] Failed to load resource: net::ERR_CONNECTION_REFUSED @ http://localhost:8099/stream:0
[  101447ms] [ERROR] Failed to load resource: net::ERR_CONNECTION_REFUSED @ http://localhost:8099/stream:0
[  104451ms] [ERROR] Failed to load resource: net::ERR_CONNECTION_REFUSED @ http://localhost:8099/stream:0
[  107455ms] [ERROR] Failed to load resource: net::ERR_CONNECTION_REFUSED @ http://localhost:8099/stream:0
[  110459ms] [ERROR] Failed to load resource: net::ERR_CONNECTION_REFUSED @ http://localhost:8099/stream:0
[  113463ms] [ERROR] Failed to load resource: net::ERR_CONNECTION_REFUSED @ http://localhost:8099/stream:0
[  116467ms] [ERROR] Failed to load resource: net::ERR_CONNECTION_REFUSED @ http://localhost:8099/stream:0
[  119472ms] [ERROR] Failed to load resource: net::ERR_CONNECTION_REFUSED @ http://localhost:8099/stream:0
[  122475ms] [ERROR] Failed to load resource: net::ERR_CONNECTION_REFUSED @ http://localhost:8099/stream:0
[  125478ms] [ERROR] Failed to load resource: net::ERR_CONNECTION_REFUSED @ http://localhost:8099/stream:0
[  128482ms] [ERROR] Failed to load resource: net::ERR_CONNECTION_REFUSED @ http://localhost:8099/stream:0
[  131485ms] [ERROR] Failed to load resource: net::ERR_CONNECTION_REFUSED @ http://localhost:8099/stream:0
[  134489ms] [ERROR] Failed to load resource: net::ERR_CONNECTION_REFUSED @ http://localhost:8099/stream:0
[  137492ms] [ERROR] Failed to load resource: net::ERR_CONNECTION_REFUSED @ http://localhost:8099/stream:0
[  140496ms] [ERROR] Failed to load resource: net::ERR_CONNECTION_REFUSED @ http://localhost:8099/stream:0
[  143500ms] [ERROR] Failed to load resource: net::ERR_CONNECTION_REFUSED @ http://localhost:8099/stream:0
[  146504ms] [ERROR] Failed to load resource: net::ERR_CONNECTION_REFUSED @ http://localhost:8099/stream:0
[  149508ms] [ERROR] Failed to load resource: net::ERR_CONNECTION_REFUSED @ http://localhost:8099/stream:0
[  152512ms] [ERROR] Failed to load resource: net::ERR_CONNECTION_REFUSED @ http://localhost:8099/stream:0
[  155515ms] [ERROR] Failed to load resource: net::ERR_CONNECTION_REFUSED @ http://localhost:8099/stream:0
[  158520ms] [ERROR] Failed to load resource: net::ERR_CONNECTION_REFUSED @ http://localhost:8099/stream:0
[  161523ms] [ERROR] Failed to load resource: net::ERR_CONNECTION_REFUSED @ http://localhost:8099/stream:0
[  164527ms] [ERROR] Failed to load resource: net::ERR_CONNECTION_REFUSED @ http://localhost:8099/stream:0
[  167531ms] [ERROR] Failed to load resource: net::ERR_CONNECTION_REFUSED @ http://localhost:8099/stream:0
[  170534ms] [ERROR] Failed to load resource: net::ERR_CONNECTION_REFUSED @ http://localhost:8099/stream:0
[  173538ms] [ERROR] Failed to load resource: net::ERR_CONNECTION_REFUSED @ http://localhost:8099/stream:0
[  176542ms] [ERROR] Failed to load resource: net::ERR_CONNECTION_REFUSED @ http://localhost:8099/stream:0
[  179546ms] [ERROR] Failed to load resource: net::ERR_CONNECTION_REFUSED @ http://localhost:8099/stream:0
[  182549ms] [ERROR] Failed to load resource: net::ERR_CONNECTION_REFUSED @ http://localhost:8099/stream:0
[  185554ms] [ERROR] Failed to load resource: net::ERR_CONNECTION_REFUSED @ http://localhost:8099/stream:0
[  188557ms] [ERROR] Failed to load resource: net::ERR_CONNECTION_REFUSED @ http://localhost:8099/stream:0
[  191561ms] [ERROR] Failed to load resource: net::ERR_CONNECTION_REFUSED @ http://localhost:8099/stream:0
[  194565ms] [ERROR] Failed to load resource: net::ERR_CONNECTION_REFUSED @ http://localhost:8099/stream:0
[  197567ms] [ERROR] Failed to load resource: net::ERR_CONNECTION_REFUSED @ http://localhost:8099/stream:0
[  200570ms] [ERROR] Failed to load resource: net::ERR_CONNECTION_REFUSED @ http://localhost:8099/stream:0
[  203574ms] [ERROR] Failed to load resource: net::ERR_CONNECTION_REFUSED @ http://localhost:8099/stream:0
[  206580ms] [ERROR] Failed to load resource: net::ERR_CONNECTION_REFUSED @ http://localhost:8099/stream:0
[  209583ms] [ERROR] Failed to load resource: net::ERR_CONNECTION_REFUSED @ http://localhost:8099/stream:0
[  212587ms] [ERROR] Failed to load resource: net::ERR_CONNECTION_REFUSED @ http://localhost:8099/stream:0
[  215590ms] [ERROR] Failed to load resource: net::ERR_CONNECTION_REFUSED @ http://localhost:8099/stream:0
[  218594ms] [ERROR] Failed to load resource: net::ERR_CONNECTION_REFUSED @ http://localhost:8099/stream:0
[  221597ms] [ERROR] Failed to load resource: net::ERR_CONNECTION_REFUSED @ http://localhost:8099/stream:0
[  224600ms] [ERROR] Failed to load resource: net::ERR_CONNECTION_REFUSED @ http://localhost:8099/stream:0
[  227604ms] [ERROR] Failed to load resource: net::ERR_CONNECTION_REFUSED @ http://localhost:8099/stream:0
[  230607ms] [ERROR] Failed to load resource: net::ERR_CONNECTION_REFUSED @ http://localhost:8099/stream:0
[  233610ms] [ERROR] Failed to load resource: net::ERR_CONNECTION_REFUSED @ http://localhost:8099/stream:0
[  236614ms] [ERROR] Failed to load resource: net::ERR_CONNECTION_REFUSED @ http://localhost:8099/stream:0
[  239617ms] [ERROR] Failed to load resource: net::ERR_CONNECTION_REFUSED @ http://localhost:8099/stream:0
[  242619ms] [ERROR] Failed to load resource: net::ERR_CONNECTION_REFUSED @ http://localhost:8099/stream:0
[  245624ms] [ERROR] Failed to load resource: net::ERR_CONNECTION_REFUSED @ http://localhost:8099/stream:0
[  248627ms] [ERROR] Failed to load resource: net::ERR_CONNECTION_REFUSED @ http://localhost:8099/stream:0
[  251630ms] [ERROR] Failed to load resource: net::ERR_CONNECTION_REFUSED @ http://localhost:8099/stream:0
[  254634ms] [ERROR] Failed to load resource: net::ERR_CONNECTION_REFUSED @ http://localhost:8099/stream:0
[  257638ms] [ERROR] Failed to load resource: net::ERR_CONNECTION_REFUSED @ http://localhost:8099/stream:0
[  260642ms] [ERROR] Failed to load resource: net::ERR_CONNECTION_REFUSED @ http://localhost:8099/stream:0
[  263647ms] [ERROR] Failed to load resource: net::ERR_CONNECTION_REFUSED @ http://localhost:8099/stream:0
[  266649ms] [ERROR] Failed to load resource: net::ERR_CONNECTION_REFUSED @ http://localhost:8099/stream:0
[  269652ms] [ERROR] Failed to load resource: net::ERR_CONNECTION_REFUSED @ http://localhost:8099/stream:0
[  272655ms] [ERROR] Failed to load resource: net::ERR_CONNECTION_REFUSED @ http://localhost:8099/stream:0
[  275659ms] [ERROR] Failed to load resource: net::ERR_CONNECTION_REFUSED @ http://localhost:8099/stream:0
[  278662ms] [ERROR] Failed to load resource: net::ERR_CONNECTION_REFUSED @ http://localhost:8099/stream:0
[  281666ms] [ERROR] Failed to load resource: net::ERR_CONNECTION_REFUSED @ http://localhost:8099/stream:0
[  284669ms] [ERROR] Failed to load resource: net::ERR_CONNECTION_REFUSED @ http://localhost:8099/stream:0
[  287673ms] [ERROR] Failed to load resource: net::ERR_CONNECTION_REFUSED @ http://localhost:8099/stream:0
[  290678ms] [ERROR] Failed to load resource: net::ERR_CONNECTION_REFUSED @ http://localhost:8099/stream:0
[  293682ms] [ERROR] Failed to load resource: net::ERR_CONNECTION_REFUSED @ http://localhost:8099/stream:0
[  296687ms] [ERROR] Failed to load resource: net::ERR_CONNECTION_REFUSED @ http://localhost:8099/stream:0
[  299692ms] [ERROR] Failed to load resource: net::ERR_CONNECTION_REFUSED @ http://localhost:8099/stream:0
[  302695ms] [ERROR] Failed to load resource: net::ERR_CONNECTION_REFUSED @ http://localhost:8099/stream:0
[  305699ms] [ERROR] Failed to load resource: net::ERR_CONNECTION_REFUSED @ http://localhost:8099/stream:0
[  308702ms] [ERROR] Failed to load resource: net::ERR_CONNECTION_REFUSED @ http://localhost:8099/stream:0
[  311705ms] [ERROR] Failed to load resource: net::ERR_CONNECTION_REFUSED @ http://localhost:8099/stream:0
[  314709ms] [ERROR] Failed to load resource: net::ERR_CONNECTION_REFUSED @ http://localhost:8099/stream:0
[  317713ms] [ERROR] Failed to load resource: net::ERR_CONNECTION_REFUSED @ http://localhost:8099/stream:0
[  320716ms] [ERROR] Failed to load resource: net::ERR_CONNECTION_REFUSED @ http://localhost:8099/stream:0
[  323718ms] [ERROR] Failed to load resource: net::ERR_CONNECTION_REFUSED @ http://localhost:8099/stream:0
[  326722ms] [ERROR] Failed to load resource: net::ERR_CONNECTION_REFUSED @ http://localhost:8099/stream:0
[  329725ms] [ERROR] Failed to load resource: net::ERR_CONNECTION_REFUSED @ http://localhost:8099/stream:0
[  332729ms] [ERROR] Failed to load resource: net::ERR_CONNECTION_REFUSED @ http://localhost:8099/stream:0
[  335733ms] [ERROR] Failed to load resource: net::ERR_CONNECTION_REFUSED @ http://localhost:8099/stream:0
[  338736ms] [ERROR] Failed to load resource: net::ERR_CONNECTION_REFUSED @ http://localhost:8099/stream:0
[  341739ms] [ERROR] Failed to load resource: net::ERR_CONNECTION_REFUSED @ http://localhost:8099/stream:0
[  344742ms] [ERROR] Failed to load resource: net::ERR_CONNECTION_REFUSED @ http://localhost:8099/stream:0
[  347747ms] [ERROR] Failed to load resource: net::ERR_CONNECTION_REFUSED @ http://localhost:8099/stream:0
[  350749ms] [ERROR] Failed to load resource: net::ERR_CONNECTION_REFUSED @ http://localhost:8099/stream:0
[  353755ms] [ERROR] Failed to load resource: net::ERR_CONNECTION_REFUSED @ http://localhost:8099/stream:0
[  356759ms] [ERROR] Failed to load resource: net::ERR_CONNECTION_REFUSED @ http://localhost:8099/stream:0
[  359764ms] [ERROR] Failed to load resource: net::ERR_CONNECTION_REFUSED @ http://localhost:8099/stream:0
[  362767ms] [ERROR] Failed to load resource: net::ERR_CONNECTION_REFUSED @ http://localhost:8099/stream:0
[  365771ms] [ERROR] Failed to load resource: net::ERR_CONNECTION_REFUSED @ http://localhost:8099/stream:0
[  368775ms] [ERROR] Failed to load resource: net::ERR_CONNECTION_REFUSED @ http://localhost:8099/stream:0
[  371779ms] [ERROR] Failed to load resource: net::ERR_CONNECTION_REFUSED @ http://localhost:8099/stream:0
[  374785ms] [ERROR] Failed to load resource: net::ERR_CONNECTION_REFUSED @ http://localhost:8099/stream:0
[  377788ms] [ERROR] Failed to load resource: net::ERR_CONNECTION_REFUSED @ http://localhost:8099/stream:0
[  380793ms] [ERROR] Failed to load resource: net::ERR_CONNECTION_REFUSED @ http://localhost:8099/stream:0
[  383798ms] [ERROR] Failed to load resource: net::ERR_CONNECTION_REFUSED @ http://localhost:8099/stream:0
[  386802ms] [ERROR] Failed to load resource: net::ERR_CONNECTION_REFUSED @ http://localhost:8099/stream:0
[  389806ms] [ERROR] Failed to load resource: net::ERR_CONNECTION_REFUSED @ http://localhost:8099/stream:0
[  392810ms] [ERROR] Failed to load resource: net::ERR_CONNECTION_REFUSED @ http://localhost:8099/stream:0
[  395814ms] [ERROR] Failed to load resource: net::ERR_CONNECTION_REFUSED @ http://localhost:8099/stream:0
[  398818ms] [ERROR] Failed to load resource: net::ERR_CONNECTION_REFUSED @ http://localhost:8099/stream:0
[  401822ms] [ERROR] Failed to load resource: net::ERR_CONNECTION_REFUSED @ http://localhost:8099/stream:0
[  404828ms] [ERROR] Failed to load resource: net::ERR_CONNECTION_REFUSED @ http://localhost:8099/stream:0
[  407830ms] [ERROR] Failed to load resource: net::ERR_CONNECTION_REFUSED @ http://localhost:8099/stream:0
[  410834ms] [ERROR] Failed to load resource: net::ERR_CONNECTION_REFUSED @ http://localhost:8099/stream:0
[  413838ms] [ERROR] Failed to load resource: net::ERR_CONNECTION_REFUSED @ http://localhost:8099/stream:0
[  416841ms] [ERROR] Failed to load resource: net::ERR_CONNECTION_REFUSED @ http://localhost:8099/stream:0
[  419845ms] [ERROR] Failed to load resource: net::ERR_CONNECTION_REFUSED @ http://localhost:8099/stream:0
[  422848ms] [ERROR] Failed to load resource: net::ERR_CONNECTION_REFUSED @ http://localhost:8099/stream:0
[  425852ms] [ERROR] Failed to load resource: net::ERR_CONNECTION_REFUSED @ http://localhost:8099/stream:0
[  428855ms] [ERROR] Failed to load resource: net::ERR_CONNECTION_REFUSED @ http://localhost:8099/stream:0
[  431859ms] [ERROR] Failed to load resource: net::ERR_CONNECTION_REFUSED @ http://localhost:8099/stream:0
[  434864ms] [ERROR] Failed to load resource: net::ERR_CONNECTION_REFUSED @ http://localhost:8099/stream:0
[  437867ms] [ERROR] Failed to load resource: net::ERR_CONNECTION_REFUSED @ http://localhost:8099/stream:0
[  440871ms] [ERROR] Failed to load resource: net::ERR_CONNECTION_REFUSED @ http://localhost:8099/stream:0
[  443876ms] [ERROR] Failed to load resource: net::ERR_CONNECTION_REFUSED @ http://localhost:8099/stream:0
[  446879ms] [ERROR] Failed to load resource: net::ERR_CONNECTION_REFUSED @ http://localhost:8099/stream:0
[  449884ms] [ERROR] Failed to load resource: net::ERR_CONNECTION_REFUSED @ http://localhost:8099/stream:0
[  452887ms] [ERROR] Failed to load resource: net::ERR_CONNECTION_REFUSED @ http://localhost:8099/stream:0
[  455891ms] [ERROR] Failed to load resource: net::ERR_CONNECTION_REFUSED @ http://localhost:8099/stream:0
[  458895ms] [ERROR] Failed to load resource: net::ERR_CONNECTION_REFUSED @ http://localhost:8099/stream:0
[  461898ms] [ERROR] Failed to load resource: net::ERR_CONNECTION_REFUSED @ http://localhost:8099/stream:0
[  464902ms] [ERROR] Failed to load resource: net::ERR_CONNECTION_REFUSED @ http://localhost:8099/stream:0
[  467904ms] [ERROR] Failed to load resource: net::ERR_CONNECTION_REFUSED @ http://localhost:8099/stream:0
[  470908ms] [ERROR] Failed to load resource: net::ERR_CONNECTION_REFUSED @ http://localhost:8099/stream:0
[  473912ms] [ERROR] Failed to load resource: net::ERR_CONNECTION_REFUSED @ http://localhost:8099/stream:0
[  476918ms] [ERROR] Failed to load resource: net::ERR_CONNECTION_REFUSED @ http://localhost:8099/stream:0
[  479922ms] [ERROR] Failed to load resource: net::ERR_CONNECTION_REFUSED @ http://localhost:8099/stream:0
[  482926ms] [ERROR] Failed to load resource: net::ERR_CONNECTION_REFUSED @ http://localhost:8099/stream:0
[  485930ms] [ERROR] Failed to load resource: net::ERR_CONNECTION_REFUSED @ http://localhost:8099/stream:0
[  488934ms] [ERROR] Failed to load resource: net::ERR_CONNECTION_REFUSED @ http://localhost:8099/stream:0
[  491938ms] [ERROR] Failed to load resource: net::ERR_CONNECTION_REFUSED @ http://localhost:8099/stream:0
[  494941ms] [ERROR] Failed to load resource: net::ERR_CONNECTION_REFUSED @ http://localhost:8099/stream:0
[  497945ms] [ERROR] Failed to load resource: net::ERR_CONNECTION_REFUSED @ http://localhost:8099/stream:0
[  500948ms] [ERROR] Failed to load resource: net::ERR_CONNECTION_REFUSED @ http://localhost:8099/stream:0
[  503952ms] [ERROR] Failed to load resource: net::ERR_CONNECTION_REFUSED @ http://localhost:8099/stream:0
[  506955ms] [ERROR] Failed to load resource: net::ERR_CONNECTION_REFUSED @ http://localhost:8099/stream:0
[  509959ms] [ERROR] Failed to load resource: net::ERR_CONNECTION_REFUSED @ http://localhost:8099/stream:0
[  512962ms] [ERROR] Failed to load resource: net::ERR_CONNECTION_REFUSED @ http://localhost:8099/stream:0
[  515966ms] [ERROR] Failed to load resource: net::ERR_CONNECTION_REFUSED @ http://localhost:8099/stream:0
[  518971ms] [ERROR] Failed to load resource: net::ERR_CONNECTION_REFUSED @ http://localhost:8099/stream:0
[  521975ms] [ERROR] Failed to load resource: net::ERR_CONNECTION_REFUSED @ http://localhost:8099/stream:0
[  524979ms] [ERROR] Failed to load resource: net::ERR_CONNECTION_REFUSED @ http://localhost:8099/stream:0
[  527983ms] [ERROR] Failed to load resource: net::ERR_CONNECTION_REFUSED @ http://localhost:8099/stream:0
[  530987ms] [ERROR] Failed to load resource: net::ERR_CONNECTION_REFUSED @ http://localhost:8099/stream:0
[  533991ms] [ERROR] Failed to load resource: net::ERR_CONNECTION_REFUSED @ http://localhost:8099/stream:0
[  536996ms] [ERROR] Failed to load resource: net::ERR_CONNECTION_REFUSED @ http://localhost:8099/stream:0
[  539999ms] [ERROR] Failed to load resource: net::ERR_CONNECTION_REFUSED @ http://localhost:8099/stream:0
[  543002ms] [ERROR] Failed to load resource: net::ERR_CONNECTION_REFUSED @ http://localhost:8099/stream:0
[  546005ms] [ERROR] Failed to load resource: net::ERR_CONNECTION_REFUSED @ http://localhost:8099/stream:0
[  549008ms] [ERROR] Failed to load resource: net::ERR_CONNECTION_REFUSED @ http://localhost:8099/stream:0
[  552013ms] [ERROR] Failed to load resource: net::ERR_CONNECTION_REFUSED @ http://localhost:8099/stream:0
[  555017ms] [ERROR] Failed to load resource: net::ERR_CONNECTION_REFUSED @ http://localhost:8099/stream:0
[  558021ms] [ERROR] Failed to load resource: net::ERR_CONNECTION_REFUSED @ http://localhost:8099/stream:0
[  561025ms] [ERROR] Failed to load resource: net::ERR_CONNECTION_REFUSED @ http://localhost:8099/stream:0
[  564028ms] [ERROR] Failed to load resource: net::ERR_CONNECTION_REFUSED @ http://localhost:8099/stream:0
[  567032ms] [ERROR] Failed to load resource: net::ERR_CONNECTION_REFUSED @ http://localhost:8099/stream:0
[  570036ms] [ERROR] Failed to load resource: net::ERR_CONNECTION_REFUSED @ http://localhost:8099/stream:0
[  573040ms] [ERROR] Failed to load resource: net::ERR_CONNECTION_REFUSED @ http://localhost:8099/stream:0
[  576043ms] [ERROR] Failed to load resource: net::ERR_CONNECTION_REFUSED @ http://localhost:8099/stream:0
[  579047ms] [ERROR] Failed to load resource: net::ERR_CONNECTION_REFUSED @ http://localhost:8099/stream:0
[  582051ms] [ERROR] Failed to load resource: net::ERR_CONNECTION_REFUSED @ http://localhost:8099/stream:0
[  585055ms] [ERROR] Failed to load resource: net::ERR_CONNECTION_REFUSED @ http://localhost:8099/stream:0
[  588058ms] [ERROR] Failed to load resource: net::ERR_CONNECTION_REFUSED @ http://localhost:8099/stream:0
[  591062ms] [ERROR] Failed to load resource: net::ERR_CONNECTION_REFUSED @ http://localhost:8099/stream:0
[  594065ms] [ERROR] Failed to load resource: net::ERR_CONNECTION_REFUSED @ http://localhost:8099/stream:0
[  597068ms] [ERROR] Failed to load resource: net::ERR_CONNECTION_REFUSED @ http://localhost:8099/stream:0
[  600072ms] [ERROR] Failed to load resource: net::ERR_CONNECTION_REFUSED @ http://localhost:8099/stream:0
[  603074ms] [ERROR] Failed to load resource: net::ERR_CONNECTION_REFUSED @ http://localhost:8099/stream:0
[  606079ms] [ERROR] Failed to load resource: net::ERR_CONNECTION_REFUSED @ http://localhost:8099/stream:0
[  609082ms] [ERROR] Failed to load resource: net::ERR_CONNECTION_REFUSED @ http://localhost:8099/stream:0
[  612086ms] [ERROR] Failed to load resource: net::ERR_CONNECTION_REFUSED @ http://localhost:8099/stream:0
[  615090ms] [ERROR] Failed to load resource: net::ERR_CONNECTION_REFUSED @ http://localhost:8099/stream:0
[  618093ms] [ERROR] Failed to load resource: net::ERR_CONNECTION_REFUSED @ http://localhost:8099/stream:0
[  621098ms] [ERROR] Failed to load resource: net::ERR_CONNECTION_REFUSED @ http://localhost:8099/stream:0
[  624102ms] [ERROR] Failed to load resource: net::ERR_CONNECTION_REFUSED @ http://localhost:8099/stream:0
[  627105ms] [ERROR] Failed to load resource: net::ERR_CONNECTION_REFUSED @ http://localhost:8099/stream:0
[  630109ms] [ERROR] Failed to load resource: net::ERR_CONNECTION_REFUSED @ http://localhost:8099/stream:0
[  633112ms] [ERROR] Failed to load resource: net::ERR_CONNECTION_REFUSED @ http://localhost:8099/stream:0
[  636115ms] [ERROR] Failed to load resource: net::ERR_CONNECTION_REFUSED @ http://localhost:8099/stream:0
[  639117ms] [ERROR] Failed to load resource: net::ERR_CONNECTION_REFUSED @ http://localhost:8099/stream:0
[  642120ms] [ERROR] Failed to load resource: net::ERR_CONNECTION_REFUSED @ http://localhost:8099/stream:0
[  645124ms] [ERROR] Failed to load resource: net::ERR_CONNECTION_REFUSED @ http://localhost:8099/stream:0
[  648127ms] [ERROR] Failed to load resource: net::ERR_CONNECTION_REFUSED @ http://localhost:8099/stream:0
[  651130ms] [ERROR] Failed to load resource: net::ERR_CONNECTION_REFUSED @ http://localhost:8099/stream:0
[  654132ms] [ERROR] Failed to load resource: net::ERR_CONNECTION_REFUSED @ http://localhost:8099/stream:0
[  657137ms] [ERROR] Failed to load resource: net::ERR_CONNECTION_REFUSED @ http://localhost:8099/stream:0
[  660141ms] [ERROR] Failed to load resource: net::ERR_CONNECTION_REFUSED @ http://localhost:8099/stream:0
[  663144ms] [ERROR] Failed to load resource: net::ERR_CONNECTION_REFUSED @ http://localhost:8099/stream:0
[  666148ms] [ERROR] Failed to load resource: net::ERR_CONNECTION_REFUSED @ http://localhost:8099/stream:0
[  669151ms] [ERROR] Failed to load resource: net::ERR_CONNECTION_REFUSED @ http://localhost:8099/stream:0
[  672155ms] [ERROR] Failed to load resource: net::ERR_CONNECTION_REFUSED @ http://localhost:8099/stream:0
[  675160ms] [ERROR] Failed to load resource: net::ERR_CONNECTION_REFUSED @ http://localhost:8099/stream:0
[  678164ms] [ERROR] Failed to load resource: net::ERR_CONNECTION_REFUSED @ http://localhost:8099/stream:0
[  681167ms] [ERROR] Failed to load resource: net::ERR_CONNECTION_REFUSED @ http://localhost:8099/stream:0
[  684172ms] [ERROR] Failed to load resource: net::ERR_CONNECTION_REFUSED @ http://localhost:8099/stream:0
[  687175ms] [ERROR] Failed to load resource: net::ERR_CONNECTION_REFUSED @ http://localhost:8099/stream:0
[  690178ms] [ERROR] Failed to load resource: net::ERR_CONNECTION_REFUSED @ http://localhost:8099/stream:0
[  693181ms] [ERROR] Failed to load resource: net::ERR_CONNECTION_REFUSED @ http://localhost:8099/stream:0
[  696185ms] [ERROR] Failed to load resource: net::ERR_CONNECTION_REFUSED @ http://localhost:8099/stream:0
[  699189ms] [ERROR] Failed to load resource: net::ERR_CONNECTION_REFUSED @ http://localhost:8099/stream:0
[  702192ms] [ERROR] Failed to load resource: net::ERR_CONNECTION_REFUSED @ http://localhost:8099/stream:0
[  705196ms] [ERROR] Failed to load resource: net::ERR_CONNECTION_REFUSED @ http://localhost:8099/stream:0
[  708200ms] [ERROR] Failed to load resource: net::ERR_CONNECTION_REFUSED @ http://localhost:8099/stream:0
[  711204ms] [ERROR] Failed to load resource: net::ERR_CONNECTION_REFUSED @ http://localhost:8099/stream:0
[  714210ms] [ERROR] Failed to load resource: net::ERR_CONNECTION_REFUSED @ http://localhost:8099/stream:0
[  717214ms] [ERROR] Failed to load resource: net::ERR_CONNECTION_REFUSED @ http://localhost:8099/stream:0
[  720217ms] [ERROR] Failed to load resource: net::ERR_CONNECTION_REFUSED @ http://localhost:8099/stream:0
[  723220ms] [ERROR] Failed to load resource: net::ERR_CONNECTION_REFUSED @ http://localhost:8099/stream:0
[  726224ms] [ERROR] Failed to load resource: net::ERR_CONNECTION_REFUSED @ http://localhost:8099/stream:0
[  729228ms] [ERROR] Failed to load resource: net::ERR_CONNECTION_REFUSED @ http://localhost:8099/stream:0
[  732232ms] [ERROR] Failed to load resource: net::ERR_CONNECTION_REFUSED @ http://localhost:8099/stream:0
[  735236ms] [ERROR] Failed to load resource: net::ERR_CONNECTION_REFUSED @ http://localhost:8099/stream:0
[  738240ms] [ERROR] Failed to load resource: net::ERR_CONNECTION_REFUSED @ http://localhost:8099/stream:0
[  741243ms] [ERROR] Failed to load resource: net::ERR_CONNECTION_REFUSED @ http://localhost:8099/stream:0
[  744247ms] [ERROR] Failed to load resource: net::ERR_CONNECTION_REFUSED @ http://localhost:8099/stream:0
[  747251ms] [ERROR] Failed to load resource: net::ERR_CONNECTION_REFUSED @ http://localhost:8099/stream:0
[  750255ms] [ERROR] Failed to load resource: net::ERR_CONNECTION_REFUSED @ http://localhost:8099/stream:0
[  753258ms] [ERROR] Failed to load resource: net::ERR_CONNECTION_REFUSED @ http://localhost:8099/stream:0
[  756263ms] [ERROR] Failed to load resource: net::ERR_CONNECTION_REFUSED @ http://localhost:8099/stream:0
[  759269ms] [ERROR] Failed to load resource: net::ERR_CONNECTION_REFUSED @ http://localhost:8099/stream:0
[  762273ms] [ERROR] Failed to load resource: net::ERR_CONNECTION_REFUSED @ http://localhost:8099/stream:0
[  765277ms] [ERROR] Failed to load resource: net::ERR_CONNECTION_REFUSED @ http://localhost:8099/stream:0
[  768281ms] [ERROR] Failed to load resource: net::ERR_CONNECTION_REFUSED @ http://localhost:8099/stream:0
[  771286ms] [ERROR] Failed to load resource: net::ERR_CONNECTION_REFUSED @ http://localhost:8099/stream:0
[  774290ms] [ERROR] Failed to load resource: net::ERR_CONNECTION_REFUSED @ http://localhost:8099/stream:0
[  777294ms] [ERROR] Failed to load resource: net::ERR_CONNECTION_REFUSED @ http://localhost:8099/stream:0
[  780298ms] [ERROR] Failed to load resource: net::ERR_CONNECTION_REFUSED @ http://localhost:8099/stream:0
[  783302ms] [ERROR] Failed to load resource: net::ERR_CONNECTION_REFUSED @ http://localhost:8099/stream:0
[  786305ms] [ERROR] Failed to load resource: net::ERR_CONNECTION_REFUSED @ http://localhost:8099/stream:0
[  789310ms] [ERROR] Failed to load resource: net::ERR_CONNECTION_REFUSED @ http://localhost:8099/stream:0
[  792313ms] [ERROR] Failed to load resource: net::ERR_CONNECTION_REFUSED @ http://localhost:8099/stream:0
[  795316ms] [ERROR] Failed to load resource: net::ERR_CONNECTION_REFUSED @ http://localhost:8099/stream:0
[  798319ms] [ERROR] Failed to load resource: net::ERR_CONNECTION_REFUSED @ http://localhost:8099/stream:0
[  801322ms] [ERROR] Failed to load resource: net::ERR_CONNECTION_REFUSED @ http://localhost:8099/stream:0
[  804325ms] [ERROR] Failed to load resource: net::ERR_CONNECTION_REFUSED @ http://localhost:8099/stream:0
[  807330ms] [ERROR] Failed to load resource: net::ERR_CONNECTION_REFUSED @ http://localhost:8099/stream:0
[  810333ms] [ERROR] Failed to load resource: net::ERR_CONNECTION_REFUSED @ http://localhost:8099/stream:0
[  813337ms] [ERROR] Failed to load resource: net::ERR_CONNECTION_REFUSED @ http://localhost:8099/stream:0
[  816342ms] [ERROR] Failed to load resource: net::ERR_CONNECTION_REFUSED @ http://localhost:8099/stream:0
[  819346ms] [ERROR] Failed to load resource: net::ERR_CONNECTION_REFUSED @ http://localhost:8099/stream:0
[  822351ms] [ERROR] Failed to load resource: net::ERR_CONNECTION_REFUSED @ http://localhost:8099/stream:0
[  825355ms] [ERROR] Failed to load resource: net::ERR_CONNECTION_REFUSED @ http://localhost:8099/stream:0
[  828359ms] [ERROR] Failed to load resource: net::ERR_CONNECTION_REFUSED @ http://localhost:8099/stream:0
[  831363ms] [ERROR] Failed to load resource: net::ERR_CONNECTION_REFUSED @ http://localhost:8099/stream:0
[  834366ms] [ERROR] Failed to load resource: net::ERR_CONNECTION_REFUSED @ http://localhost:8099/stream:0
[  837369ms] [ERROR] Failed to load resource: net::ERR_CONNECTION_REFUSED @ http://localhost:8099/stream:0
[  840373ms] [ERROR] Failed to load resource: net::ERR_CONNECTION_REFUSED @ http://localhost:8099/stream:0
[  843377ms] [ERROR] Failed to load resource: net::ERR_CONNECTION_REFUSED @ http://localhost:8099/stream:0
[  846381ms] [ERROR] Failed to load resource: net::ERR_CONNECTION_REFUSED @ http://localhost:8099/stream:0
[  849384ms] [ERROR] Failed to load resource: net::ERR_CONNECTION_REFUSED @ http://localhost:8099/stream:0
[  852389ms] [ERROR] Failed to load resource: net::ERR_CONNECTION_REFUSED @ http://localhost:8099/stream:0
[  855392ms] [ERROR] Failed to load resource: net::ERR_CONNECTION_REFUSED @ http://localhost:8099/stream:0
[  858397ms] [ERROR] Failed to load resource: net::ERR_CONNECTION_REFUSED @ http://localhost:8099/stream:0
[  861400ms] [ERROR] Failed to load resource: net::ERR_CONNECTION_REFUSED @ http://localhost:8099/stream:0
[  864403ms] [ERROR] Failed to load resource: net::ERR_CONNECTION_REFUSED @ http://localhost:8099/stream:0
[  867406ms] [ERROR] Failed to load resource: net::ERR_CONNECTION_REFUSED @ http://localhost:8099/stream:0
[  870409ms] [ERROR] Failed to load resource: net::ERR_CONNECTION_REFUSED @ http://localhost:8099/stream:0
[  873414ms] [ERROR] Failed to load resource: net::ERR_CONNECTION_REFUSED @ http://localhost:8099/stream:0
[  876418ms] [ERROR] Failed to load resource: net::ERR_CONNECTION_REFUSED @ http://localhost:8099/stream:0
[  879423ms] [ERROR] Failed to load resource: net::ERR_CONNECTION_REFUSED @ http://localhost:8099/stream:0
[  882428ms] [ERROR] Failed to load resource: net::ERR_CONNECTION_REFUSED @ http://localhost:8099/stream:0
[  885433ms] [ERROR] Failed to load resource: net::ERR_CONNECTION_REFUSED @ http://localhost:8099/stream:0
[  888438ms] [ERROR] Failed to load resource: net::ERR_CONNECTION_REFUSED @ http://localhost:8099/stream:0
[  891441ms] [ERROR] Failed to load resource: net::ERR_CONNECTION_REFUSED @ http://localhost:8099/stream:0
[  894445ms] [ERROR] Failed to load resource: net::ERR_CONNECTION_REFUSED @ http://localhost:8099/stream:0
[  897450ms] [ERROR] Failed to load resource: net::ERR_CONNECTION_REFUSED @ http://localhost:8099/stream:0
[  900454ms] [ERROR] Failed to load resource: net::ERR_CONNECTION_REFUSED @ http://localhost:8099/stream:0
[  903459ms] [ERROR] Failed to load resource: net::ERR_CONNECTION_REFUSED @ http://localhost:8099/stream:0
[  906462ms] [ERROR] Failed to load resource: net::ERR_CONNECTION_REFUSED @ http://localhost:8099/stream:0
[  909466ms] [ERROR] Failed to load resource: net::ERR_CONNECTION_REFUSED @ http://localhost:8099/stream:0
[  912470ms] [ERROR] Failed to load resource: net::ERR_CONNECTION_REFUSED @ http://localhost:8099/stream:0
[  915474ms] [ERROR] Failed to load resource: net::ERR_CONNECTION_REFUSED @ http://localhost:8099/stream:0
[  918479ms] [ERROR] Failed to load resource: net::ERR_CONNECTION_REFUSED @ http://localhost:8099/stream:0
[  921483ms] [ERROR] Failed to load resource: net::ERR_CONNECTION_REFUSED @ http://localhost:8099/stream:0
[  924487ms] [ERROR] Failed to load resource: net::ERR_CONNECTION_REFUSED @ http://localhost:8099/stream:0
[  927490ms] [ERROR] Failed to load resource: net::ERR_CONNECTION_REFUSED @ http://localhost:8099/stream:0
[  930493ms] [ERROR] Failed to load resource: net::ERR_CONNECTION_REFUSED @ http://localhost:8099/stream:0
[  933497ms] [ERROR] Failed to load resource: net::ERR_CONNECTION_REFUSED @ http://localhost:8099/stream:0
[  936501ms] [ERROR] Failed to load resource: net::ERR_CONNECTION_REFUSED @ http://localhost:8099/stream:0
[  939504ms] [ERROR] Failed to load resource: net::ERR_CONNECTION_REFUSED @ http://localhost:8099/stream:0
[  942508ms] [ERROR] Failed to load resource: net::ERR_CONNECTION_REFUSED @ http://localhost:8099/stream:0
[  945512ms] [ERROR] Failed to load resource: net::ERR_CONNECTION_REFUSED @ http://localhost:8099/stream:0
[  948517ms] [ERROR] Failed to load resource: net::ERR_CONNECTION_REFUSED @ http://localhost:8099/stream:0
[  951521ms] [ERROR] Failed to load resource: net::ERR_CONNECTION_REFUSED @ http://localhost:8099/stream:0
[  954528ms] [ERROR] Failed to load resource: net::ERR_CONNECTION_REFUSED @ http://localhost:8099/stream:0
[  957533ms] [ERROR] Failed to load resource: net::ERR_CONNECTION_REFUSED @ http://localhost:8099/stream:0
[  960537ms] [ERROR] Failed to load resource: net::ERR_CONNECTION_REFUSED @ http://localhost:8099/stream:0
[  963541ms] [ERROR] Failed to load resource: net::ERR_CONNECTION_REFUSED @ http://localhost:8099/stream:0
[  966548ms] [ERROR] Failed to load resource: net::ERR_CONNECTION_REFUSED @ http://localhost:8099/stream:0
[  969551ms] [ERROR] Failed to load resource: net::ERR_CONNECTION_REFUSED @ http://localhost:8099/stream:0
[  972555ms] [ERROR] Failed to load resource: net::ERR_CONNECTION_REFUSED @ http://localhost:8099/stream:0
[  975559ms] [ERROR] Failed to load resource: net::ERR_CONNECTION_REFUSED @ http://localhost:8099/stream:0
[  978563ms] [ERROR] Failed to load resource: net::ERR_CONNECTION_REFUSED @ http://localhost:8099/stream:0
[  981567ms] [ERROR] Failed to load resource: net::ERR_CONNECTION_REFUSED @ http://localhost:8099/stream:0
[  984571ms] [ERROR] Failed to load resource: net::ERR_CONNECTION_REFUSED @ http://localhost:8099/stream:0
[  987575ms] [ERROR] Failed to load resource: net::ERR_CONNECTION_REFUSED @ http://localhost:8099/stream:0
[  990578ms] [ERROR] Failed to load resource: net::ERR_CONNECTION_REFUSED @ http://localhost:8099/stream:0
[  993582ms] [ERROR] Failed to load resource: net::ERR_CONNECTION_REFUSED @ http://localhost:8099/stream:0
[  996587ms] [ERROR] Failed to load resource: net::ERR_CONNECTION_REFUSED @ http://localhost:8099/stream:0
[  999590ms] [ERROR] Failed to load resource: net::ERR_CONNECTION_REFUSED @ http://localhost:8099/stream:0
[ 1002594ms] [ERROR] Failed to load resource: net::ERR_CONNECTION_REFUSED @ http://localhost:8099/stream:0
[ 1005600ms] [ERROR] Failed to load resource: net::ERR_CONNECTION_REFUSED @ http://localhost:8099/stream:0
[ 1008605ms] [ERROR] Failed to load resource: net::ERR_CONNECTION_REFUSED @ http://localhost:8099/stream:0
[ 1011609ms] [ERROR] Failed to load resource: net::ERR_CONNECTION_REFUSED @ http://localhost:8099/stream:0
[ 1014614ms] [ERROR] Failed to load resource: net::ERR_CONNECTION_REFUSED @ http://localhost:8099/stream:0
[ 1017619ms] [ERROR] Failed to load resource: net::ERR_CONNECTION_REFUSED @ http://localhost:8099/stream:0
[ 1020624ms] [ERROR] Failed to load resource: net::ERR_CONNECTION_REFUSED @ http://localhost:8099/stream:0
[ 1023628ms] [ERROR] Failed to load resource: net::ERR_CONNECTION_REFUSED @ http://localhost:8099/stream:0
[ 1026632ms] [ERROR] Failed to load resource: net::ERR_CONNECTION_REFUSED @ http://localhost:8099/stream:0
[ 1029635ms] [ERROR] Failed to load resource: net::ERR_CONNECTION_REFUSED @ http://localhost:8099/stream:0
[ 1032639ms] [ERROR] Failed to load resource: net::ERR_CONNECTION_REFUSED @ http://localhost:8099/stream:0
[ 1035643ms] [ERROR] Failed to load resource: net::ERR_CONNECTION_REFUSED @ http://localhost:8099/stream:0
[ 1038647ms] [ERROR] Failed to load resource: net::ERR_CONNECTION_REFUSED @ http://localhost:8099/stream:0
[ 1041651ms] [ERROR] Failed to load resource: net::ERR_CONNECTION_REFUSED @ http://localhost:8099/stream:0
[ 1044654ms] [ERROR] Failed to load resource: net::ERR_CONNECTION_REFUSED @ http://localhost:8099/stream:0
[ 1047658ms] [ERROR] Failed to load resource: net::ERR_CONNECTION_REFUSED @ http://localhost:8099/stream:0
[ 1050662ms] [ERROR] Failed to load resource: net::ERR_CONNECTION_REFUSED @ http://localhost:8099/stream:0
[ 1053669ms] [ERROR] Failed to load resource: net::ERR_CONNECTION_REFUSED @ http://localhost:8099/stream:0
[ 1056673ms] [ERROR] Failed to load resource: net::ERR_CONNECTION_REFUSED @ http://localhost:8099/stream:0
[ 1059678ms] [ERROR] Failed to load resource: net::ERR_CONNECTION_REFUSED @ http://localhost:8099/stream:0
[ 1062683ms] [ERROR] Failed to load resource: net::ERR_CONNECTION_REFUSED @ http://localhost:8099/stream:0
[ 1065686ms] [ERROR] Failed to load resource: net::ERR_CONNECTION_REFUSED @ http://localhost:8099/stream:0
[ 1068689ms] [ERROR] Failed to load resource: net::ERR_CONNECTION_REFUSED @ http://localhost:8099/stream:0
[ 1071693ms] [ERROR] Failed to load resource: net::ERR_CONNECTION_REFUSED @ http://localhost:8099/stream:0
[ 1074696ms] [ERROR] Failed to load resource: net::ERR_CONNECTION_REFUSED @ http://localhost:8099/stream:0
[ 1077700ms] [ERROR] Failed to load resource: net::ERR_CONNECTION_REFUSED @ http://localhost:8099/stream:0
[ 1080734ms] [ERROR] Failed to load resource: net::ERR_CONNECTION_REFUSED @ http://localhost:8099/stream:0
[ 1083743ms] [ERROR] Failed to load resource: net::ERR_CONNECTION_REFUSED @ http://localhost:8099/stream:0
[ 1086747ms] [ERROR] Failed to load resource: net::ERR_CONNECTION_REFUSED @ http://localhost:8099/stream:0
[ 1089753ms] [ERROR] Failed to load resource: net::ERR_CONNECTION_REFUSED @ http://localhost:8099/stream:0
[ 1092757ms] [ERROR] Failed to load resource: net::ERR_CONNECTION_REFUSED @ http://localhost:8099/stream:0
[ 1095761ms] [ERROR] Failed to load resource: net::ERR_CONNECTION_REFUSED @ http://localhost:8099/stream:0
[ 1098764ms] [ERROR] Failed to load resource: net::ERR_CONNECTION_REFUSED @ http://localhost:8099/stream:0
[ 1101767ms] [ERROR] Failed to load resource: net::ERR_CONNECTION_REFUSED @ http://localhost:8099/stream:0
[ 1104771ms] [ERROR] Failed to load resource: net::ERR_CONNECTION_REFUSED @ http://localhost:8099/stream:0
[ 1107776ms] [ERROR] Failed to load resource: net::ERR_CONNECTION_REFUSED @ http://localhost:8099/stream:0
[ 1110780ms] [ERROR] Failed to load resource: net::ERR_CONNECTION_REFUSED @ http://localhost:8099/stream:0
[ 1113783ms] [ERROR] Failed to load resource: net::ERR_CONNECTION_REFUSED @ http://localhost:8099/stream:0
[ 1116787ms] [ERROR] Failed to load resource: net::ERR_CONNECTION_REFUSED @ http://localhost:8099/stream:0
[ 1119792ms] [ERROR] Failed to load resource: net::ERR_CONNECTION_REFUSED @ http://localhost:8099/stream:0
[ 1122796ms] [ERROR] Failed to load resource: net::ERR_CONNECTION_REFUSED @ http://localhost:8099/stream:0
[ 1125799ms] [ERROR] Failed to load resource: net::ERR_CONNECTION_REFUSED @ http://localhost:8099/stream:0
[ 1128805ms] [ERROR] Failed to load resource: net::ERR_CONNECTION_REFUSED @ http://localhost:8099/stream:0
[ 1131809ms] [ERROR] Failed to load resource: net::ERR_CONNECTION_REFUSED @ http://localhost:8099/stream:0
[ 1134813ms] [ERROR] Failed to load resource: net::ERR_CONNECTION_REFUSED @ http://localhost:8099/stream:0
[ 1137816ms] [ERROR] Failed to load resource: net::ERR_CONNECTION_REFUSED @ http://localhost:8099/stream:0
[ 1140820ms] [ERROR] Failed to load resource: net::ERR_CONNECTION_REFUSED @ http://localhost:8099/stream:0
[ 1143823ms] [ERROR] Failed to load resource: net::ERR_CONNECTION_REFUSED @ http://localhost:8099/stream:0
[ 1146828ms] [ERROR] Failed to load resource: net::ERR_CONNECTION_REFUSED @ http://localhost:8099/stream:0
[ 1149832ms] [ERROR] Failed to load resource: net::ERR_CONNECTION_REFUSED @ http://localhost:8099/stream:0
[ 1152836ms] [ERROR] Failed to load resource: net::ERR_CONNECTION_REFUSED @ http://localhost:8099/stream:0
[ 1155839ms] [ERROR] Failed to load resource: net::ERR_CONNECTION_REFUSED @ http://localhost:8099/stream:0
[ 1158843ms] [ERROR] Failed to load resource: net::ERR_CONNECTION_REFUSED @ http://localhost:8099/stream:0
[ 1161848ms] [ERROR] Failed to load resource: net::ERR_CONNECTION_REFUSED @ http://localhost:8099/stream:0
[ 1164852ms] [ERROR] Failed to load resource: net::ERR_CONNECTION_REFUSED @ http://localhost:8099/stream:0
[ 1167856ms] [ERROR] Failed to load resource: net::ERR_CONNECTION_REFUSED @ http://localhost:8099/stream:0
[ 1170860ms] [ERROR] Failed to load resource: net::ERR_CONNECTION_REFUSED @ http://localhost:8099/stream:0
[ 1173865ms] [ERROR] Failed to load resource: net::ERR_CONNECTION_REFUSED @ http://localhost:8099/stream:0
[ 1176867ms] [ERROR] Failed to load resource: net::ERR_CONNECTION_REFUSED @ http://localhost:8099/stream:0
[ 1179871ms] [ERROR] Failed to load resource: net::ERR_CONNECTION_REFUSED @ http://localhost:8099/stream:0
[ 1182875ms] [ERROR] Failed to load resource: net::ERR_CONNECTION_REFUSED @ http://localhost:8099/stream:0
[ 1185879ms] [ERROR] Failed to load resource: net::ERR_CONNECTION_REFUSED @ http://localhost:8099/stream:0
[ 1188883ms] [ERROR] Failed to load resource: net::ERR_CONNECTION_REFUSED @ http://localhost:8099/stream:0
[ 1191887ms] [ERROR] Failed to load resource: net::ERR_CONNECTION_REFUSED @ http://localhost:8099/stream:0
[ 1194892ms] [ERROR] Failed to load resource: net::ERR_CONNECTION_REFUSED @ http://localhost:8099/stream:0
[ 1197896ms] [ERROR] Failed to load resource: net::ERR_CONNECTION_REFUSED @ http://localhost:8099/stream:0
[ 1200901ms] [ERROR] Failed to load resource: net::ERR_CONNECTION_REFUSED @ http://localhost:8099/stream:0
[ 1203906ms] [ERROR] Failed to load resource: net::ERR_CONNECTION_REFUSED @ http://localhost:8099/stream:0
[ 1206912ms] [ERROR] Failed to load resource: net::ERR_CONNECTION_REFUSED @ http://localhost:8099/stream:0
[ 1209916ms] [ERROR] Failed to load resource: net::ERR_CONNECTION_REFUSED @ http://localhost:8099/stream:0
[ 1212923ms] [ERROR] Failed to load resource: net::ERR_CONNECTION_REFUSED @ http://localhost:8099/stream:0
[ 1215926ms] [ERROR] Failed to load resource: net::ERR_CONNECTION_REFUSED @ http://localhost:8099/stream:0
[ 1218931ms] [ERROR] Failed to load resource: net::ERR_CONNECTION_REFUSED @ http://localhost:8099/stream:0
[ 1221935ms] [ERROR] Failed to load resource: net::ERR_CONNECTION_REFUSED @ http://localhost:8099/stream:0
[ 1224940ms] [ERROR] Failed to load resource: net::ERR_CONNECTION_REFUSED @ http://localhost:8099/stream:0
[ 1227944ms] [ERROR] Failed to load resource: net::ERR_CONNECTION_REFUSED @ http://localhost:8099/stream:0
[ 1230948ms] [ERROR] Failed to load resource: net::ERR_CONNECTION_REFUSED @ http://localhost:8099/stream:0
[ 1233953ms] [ERROR] Failed to load resource: net::ERR_CONNECTION_REFUSED @ http://localhost:8099/stream:0
[ 1236958ms] [ERROR] Failed to load resource: net::ERR_CONNECTION_REFUSED @ http://localhost:8099/stream:0
[ 1239962ms] [ERROR] Failed to load resource: net::ERR_CONNECTION_REFUSED @ http://localhost:8099/stream:0
[ 1242966ms] [ERROR] Failed to load resource: net::ERR_CONNECTION_REFUSED @ http://localhost:8099/stream:0
[ 1245970ms] [ERROR] Failed to load resource: net::ERR_CONNECTION_REFUSED @ http://localhost:8099/stream:0
[ 1248976ms] [ERROR] Failed to load resource: net::ERR_CONNECTION_REFUSED @ http://localhost:8099/stream:0
[ 1251981ms] [ERROR] Failed to load resource: net::ERR_CONNECTION_REFUSED @ http://localhost:8099/stream:0
[ 1254984ms] [ERROR] Failed to load resource: net::ERR_CONNECTION_REFUSED @ http://localhost:8099/stream:0
[ 1257988ms] [ERROR] Failed to load resource: net::ERR_CONNECTION_REFUSED @ http://localhost:8099/stream:0
[ 1260991ms] [ERROR] Failed to load resource: net::ERR_CONNECTION_REFUSED @ http://localhost:8099/stream:0
[ 1263995ms] [ERROR] Failed to load resource: net::ERR_CONNECTION_REFUSED @ http://localhost:8099/stream:0
[ 1266999ms] [ERROR] Failed to load resource: net::ERR_CONNECTION_REFUSED @ http://localhost:8099/stream:0
[ 1270006ms] [ERROR] Failed to load resource: net::ERR_CONNECTION_REFUSED @ http://localhost:8099/stream:0
[ 1273010ms] [ERROR] Failed to load resource: net::ERR_CONNECTION_REFUSED @ http://localhost:8099/stream:0
[ 1276014ms] [ERROR] Failed to load resource: net::ERR_CONNECTION_REFUSED @ http://localhost:8099/stream:0
[ 1279018ms] [ERROR] Failed to load resource: net::ERR_CONNECTION_REFUSED @ http://localhost:8099/stream:0
[ 1282023ms] [ERROR] Failed to load resource: net::ERR_CONNECTION_REFUSED @ http://localhost:8099/stream:0
[ 1285026ms] [ERROR] Failed to load resource: net::ERR_CONNECTION_REFUSED @ http://localhost:8099/stream:0
[ 1288030ms] [ERROR] Failed to load resource: net::ERR_CONNECTION_REFUSED @ http://localhost:8099/stream:0
[ 1291037ms] [ERROR] Failed to load resource: net::ERR_CONNECTION_REFUSED @ http://localhost:8099/stream:0
[ 1294041ms] [ERROR] Failed to load resource: net::ERR_CONNECTION_REFUSED @ http://localhost:8099/stream:0
[ 1297045ms] [ERROR] Failed to load resource: net::ERR_CONNECTION_REFUSED @ http://localhost:8099/stream:0
[ 1300049ms] [ERROR] Failed to load resource: net::ERR_CONNECTION_REFUSED @ http://localhost:8099/stream:0
[ 1303052ms] [ERROR] Failed to load resource: net::ERR_CONNECTION_REFUSED @ http://localhost:8099/stream:0
[ 1306057ms] [ERROR] Failed to load resource: net::ERR_CONNECTION_REFUSED @ http://localhost:8099/stream:0
[ 1309062ms] [ERROR] Failed to load resource: net::ERR_CONNECTION_REFUSED @ http://localhost:8099/stream:0
[ 1312067ms] [ERROR] Failed to load resource: net::ERR_CONNECTION_REFUSED @ http://localhost:8099/stream:0
[ 1315071ms] [ERROR] Failed to load resource: net::ERR_CONNECTION_REFUSED @ http://localhost:8099/stream:0
[ 1318075ms] [ERROR] Failed to load resource: net::ERR_CONNECTION_REFUSED @ http://localhost:8099/stream:0
[ 1321079ms] [ERROR] Failed to load resource: net::ERR_CONNECTION_REFUSED @ http://localhost:8099/stream:0
[ 1324083ms] [ERROR] Failed to load resource: net::ERR_CONNECTION_REFUSED @ http://localhost:8099/stream:0
[ 1327087ms] [ERROR] Failed to load resource: net::ERR_CONNECTION_REFUSED @ http://localhost:8099/stream:0
[ 1330092ms] [ERROR] Failed to load resource: net::ERR_CONNECTION_REFUSED @ http://localhost:8099/stream:0
[ 1333096ms] [ERROR] Failed to load resource: net::ERR_CONNECTION_REFUSED @ http://localhost:8099/stream:0
[ 1336100ms] [ERROR] Failed to load resource: net::ERR_CONNECTION_REFUSED @ http://localhost:8099/stream:0
[ 1339102ms] [ERROR] Failed to load resource: net::ERR_CONNECTION_REFUSED @ http://localhost:8099/stream:0
[ 1342107ms] [ERROR] Failed to load resource: net::ERR_CONNECTION_REFUSED @ http://localhost:8099/stream:0
[ 1345111ms] [ERROR] Failed to load resource: net::ERR_CONNECTION_REFUSED @ http://localhost:8099/stream:0
[ 1348115ms] [ERROR] Failed to load resource: net::ERR_CONNECTION_REFUSED @ http://localhost:8099/stream:0
[ 1351120ms] [ERROR] Failed to load resource: net::ERR_CONNECTION_REFUSED @ http://localhost:8099/stream:0
[ 1354124ms] [ERROR] Failed to load resource: net::ERR_CONNECTION_REFUSED @ http://localhost:8099/stream:0
[ 1357128ms] [ERROR] Failed to load resource: net::ERR_CONNECTION_REFUSED @ http://localhost:8099/stream:0
[ 1360132ms] [ERROR] Failed to load resource: net::ERR_CONNECTION_REFUSED @ http://localhost:8099/stream:0
[ 1363136ms] [ERROR] Failed to load resource: net::ERR_CONNECTION_REFUSED @ http://localhost:8099/stream:0
[ 1366139ms] [ERROR] Failed to load resource: net::ERR_CONNECTION_REFUSED @ http://localhost:8099/stream:0
[ 1369144ms] [ERROR] Failed to load resource: net::ERR_CONNECTION_REFUSED @ http://localhost:8099/stream:0
[ 1372149ms] [ERROR] Failed to load resource: net::ERR_CONNECTION_REFUSED @ http://localhost:8099/stream:0
[ 1375153ms] [ERROR] Failed to load resource: net::ERR_CONNECTION_REFUSED @ http://localhost:8099/stream:0
[ 1378154ms] [ERROR] Failed to load resource: net::ERR_CONNECTION_REFUSED @ http://localhost:8099/stream:0
[ 1381158ms] [ERROR] Failed to load resource: net::ERR_CONNECTION_REFUSED @ http://localhost:8099/stream:0
[ 1384162ms] [ERROR] Failed to load resource: net::ERR_CONNECTION_REFUSED @ http://localhost:8099/stream:0
[ 1387169ms] [ERROR] Failed to load resource: net::ERR_CONNECTION_REFUSED @ http://localhost:8099/stream:0
[ 1390172ms] [ERROR] Failed to load resource: net::ERR_CONNECTION_REFUSED @ http://localhost:8099/stream:0
[ 1393176ms] [ERROR] Failed to load resource: net::ERR_CONNECTION_REFUSED @ http://localhost:8099/stream:0
[ 1396180ms] [ERROR] Failed to load resource: net::ERR_CONNECTION_REFUSED @ http://localhost:8099/stream:0
[ 1399184ms] [ERROR] Failed to load resource: net::ERR_CONNECTION_REFUSED @ http://localhost:8099/stream:0
[ 1402189ms] [ERROR] Failed to load resource: net::ERR_CONNECTION_REFUSED @ http://localhost:8099/stream:0
[ 1405195ms] [ERROR] Failed to load resource: net::ERR_CONNECTION_REFUSED @ http://localhost:8099/stream:0
[ 1408198ms] [ERROR] Failed to load resource: net::ERR_CONNECTION_REFUSED @ http://localhost:8099/stream:0
[ 1411201ms] [ERROR] Failed to load resource: net::ERR_CONNECTION_REFUSED @ http://localhost:8099/stream:0
[ 1414204ms] [ERROR] Failed to load resource: net::ERR_CONNECTION_REFUSED @ http://localhost:8099/stream:0
[ 1417208ms] [ERROR] Failed to load resource: net::ERR_CONNECTION_REFUSED @ http://localhost:8099/stream:0
[ 1420212ms] [ERROR] Failed to load resource: net::ERR_CONNECTION_REFUSED @ http://localhost:8099/stream:0
[ 1423216ms] [ERROR] Failed to load resource: net::ERR_CONNECTION_REFUSED @ http://localhost:8099/stream:0
[ 1426219ms] [ERROR] Failed to load resource: net::ERR_CONNECTION_REFUSED @ http://localhost:8099/stream:0
[ 1429223ms] [ERROR] Failed to load resource: net::ERR_CONNECTION_REFUSED @ http://localhost:8099/stream:0
[ 1432226ms] [ERROR] Failed to load resource: net::ERR_CONNECTION_REFUSED @ http://localhost:8099/stream:0
[ 1435229ms] [ERROR] Failed to load resource: net::ERR_CONNECTION_REFUSED @ http://localhost:8099/stream:0
[ 1438231ms] [ERROR] Failed to load resource: net::ERR_CONNECTION_REFUSED @ http://localhost:8099/stream:0
[ 1441235ms] [ERROR] Failed to load resource: net::ERR_CONNECTION_REFUSED @ http://localhost:8099/stream:0
[ 1444240ms] [ERROR] Failed to load resource: net::ERR_CONNECTION_REFUSED @ http://localhost:8099/stream:0
[ 1447243ms] [ERROR] Failed to load resource: net::ERR_CONNECTION_REFUSED @ http://localhost:8099/stream:0
[ 1450246ms] [ERROR] Failed to load resource: net::ERR_CONNECTION_REFUSED @ http://localhost:8099/stream:0
[ 1453250ms] [ERROR] Failed to load resource: net::ERR_CONNECTION_REFUSED @ http://localhost:8099/stream:0
[ 1456254ms] [ERROR] Failed to load resource: net::ERR_CONNECTION_REFUSED @ http://localhost:8099/stream:0
[ 1459258ms] [ERROR] Failed to load resource: net::ERR_CONNECTION_REFUSED @ http://localhost:8099/stream:0
[ 1462262ms] [ERROR] Failed to load resource: net::ERR_CONNECTION_REFUSED @ http://localhost:8099/stream:0
[ 1465267ms] [ERROR] Failed to load resource: net::ERR_CONNECTION_REFUSED @ http://localhost:8099/stream:0
[ 1468271ms] [ERROR] Failed to load resource: net::ERR_CONNECTION_REFUSED @ http://localhost:8099/stream:0
[ 1471275ms] [ERROR] Failed to load resource: net::ERR_CONNECTION_REFUSED @ http://localhost:8099/stream:0
[ 1474279ms] [ERROR] Failed to load resource: net::ERR_CONNECTION_REFUSED @ http://localhost:8099/stream:0
[ 1477282ms] [ERROR] Failed to load resource: net::ERR_CONNECTION_REFUSED @ http://localhost:8099/stream:0
[ 1480286ms] [ERROR] Failed to load resource: net::ERR_CONNECTION_REFUSED @ http://localhost:8099/stream:0
[ 1483290ms] [ERROR] Failed to load resource: net::ERR_CONNECTION_REFUSED @ http://localhost:8099/stream:0
[ 1486294ms] [ERROR] Failed to load resource: net::ERR_CONNECTION_REFUSED @ http://localhost:8099/stream:0
[ 1489298ms] [ERROR] Failed to load resource: net::ERR_CONNECTION_REFUSED @ http://localhost:8099/stream:0
[ 1492302ms] [ERROR] Failed to load resource: net::ERR_CONNECTION_REFUSED @ http://localhost:8099/stream:0
[ 1495305ms] [ERROR] Failed to load resource: net::ERR_CONNECTION_REFUSED @ http://localhost:8099/stream:0
[ 1498309ms] [ERROR] Failed to load resource: net::ERR_CONNECTION_REFUSED @ http://localhost:8099/stream:0
[ 1501313ms] [ERROR] Failed to load resource: net::ERR_CONNECTION_REFUSED @ http://localhost:8099/stream:0
[ 1504317ms] [ERROR] Failed to load resource: net::ERR_CONNECTION_REFUSED @ http://localhost:8099/stream:0
[ 1507322ms] [ERROR] Failed to load resource: net::ERR_CONNECTION_REFUSED @ http://localhost:8099/stream:0
[ 1510324ms] [ERROR] Failed to load resource: net::ERR_CONNECTION_REFUSED @ http://localhost:8099/stream:0
[ 1513328ms] [ERROR] Failed to load resource: net::ERR_CONNECTION_REFUSED @ http://localhost:8099/stream:0
[ 1516333ms] [ERROR] Failed to load resource: net::ERR_CONNECTION_REFUSED @ http://localhost:8099/stream:0
[ 1519339ms] [ERROR] Failed to load resource: net::ERR_CONNECTION_REFUSED @ http://localhost:8099/stream:0
[ 1522344ms] [ERROR] Failed to load resource: net::ERR_CONNECTION_REFUSED @ http://localhost:8099/stream:0
[ 1525348ms] [ERROR] Failed to load resource: net::ERR_CONNECTION_REFUSED @ http://localhost:8099/stream:0
[ 1528355ms] [ERROR] Failed to load resource: net::ERR_CONNECTION_REFUSED @ http://localhost:8099/stream:0
[ 1531358ms] [ERROR] Failed to load resource: net::ERR_CONNECTION_REFUSED @ http://localhost:8099/stream:0
[ 1534364ms] [ERROR] Failed to load resource: net::ERR_CONNECTION_REFUSED @ http://localhost:8099/stream:0
[ 1537370ms] [ERROR] Failed to load resource: net::ERR_CONNECTION_REFUSED @ http://localhost:8099/stream:0
[ 1540372ms] [ERROR] Failed to load resource: net::ERR_CONNECTION_REFUSED @ http://localhost:8099/stream:0
[ 1543376ms] [ERROR] Failed to load resource: net::ERR_CONNECTION_REFUSED @ http://localhost:8099/stream:0
[ 1546379ms] [ERROR] Failed to load resource: net::ERR_CONNECTION_REFUSED @ http://localhost:8099/stream:0
[ 1549383ms] [ERROR] Failed to load resource: net::ERR_CONNECTION_REFUSED @ http://localhost:8099/stream:0
[ 1552387ms] [ERROR] Failed to load resource: net::ERR_CONNECTION_REFUSED @ http://localhost:8099/stream:0
[ 1555390ms] [ERROR] Failed to load resource: net::ERR_CONNECTION_REFUSED @ http://localhost:8099/stream:0
[ 1558394ms] [ERROR] Failed to load resource: net::ERR_CONNECTION_REFUSED @ http://localhost:8099/stream:0
[ 1561398ms] [ERROR] Failed to load resource: net::ERR_CONNECTION_REFUSED @ http://localhost:8099/stream:0
[ 1564402ms] [ERROR] Failed to load resource: net::ERR_CONNECTION_REFUSED @ http://localhost:8099/stream:0
[ 1567403ms] [ERROR] Failed to load resource: net::ERR_CONNECTION_REFUSED @ http://localhost:8099/stream:0
[ 1570407ms] [ERROR] Failed to load resource: net::ERR_CONNECTION_REFUSED @ http://localhost:8099/stream:0
[ 1573410ms] [ERROR] Failed to load resource: net::ERR_CONNECTION_REFUSED @ http://localhost:8099/stream:0
[ 1576414ms] [ERROR] Failed to load resource: net::ERR_CONNECTION_REFUSED @ http://localhost:8099/stream:0
[ 1579418ms] [ERROR] Failed to load resource: net::ERR_CONNECTION_REFUSED @ http://localhost:8099/stream:0
[ 1582422ms] [ERROR] Failed to load resource: net::ERR_CONNECTION_REFUSED @ http://localhost:8099/stream:0
[ 1585425ms] [ERROR] Failed to load resource: net::ERR_CONNECTION_REFUSED @ http://localhost:8099/stream:0
[ 1588429ms] [ERROR] Failed to load resource: net::ERR_CONNECTION_REFUSED @ http://localhost:8099/stream:0
[ 1591433ms] [ERROR] Failed to load resource: net::ERR_CONNECTION_REFUSED @ http://localhost:8099/stream:0
[ 1594438ms] [ERROR] Failed to load resource: net::ERR_CONNECTION_REFUSED @ http://localhost:8099/stream:0
[ 1597441ms] [ERROR] Failed to load resource: net::ERR_CONNECTION_REFUSED @ http://localhost:8099/stream:0
[ 1600445ms] [ERROR] Failed to load resource: net::ERR_CONNECTION_REFUSED @ http://localhost:8099/stream:0
[ 1603449ms] [ERROR] Failed to load resource: net::ERR_CONNECTION_REFUSED @ http://localhost:8099/stream:0
[ 1606453ms] [ERROR] Failed to load resource: net::ERR_CONNECTION_REFUSED @ http://localhost:8099/stream:0
[ 1609459ms] [ERROR] Failed to load resource: net::ERR_CONNECTION_REFUSED @ http://localhost:8099/stream:0
[ 1612462ms] [ERROR] Failed to load resource: net::ERR_CONNECTION_REFUSED @ http://localhost:8099/stream:0
[ 1615465ms] [ERROR] Failed to load resource: net::ERR_CONNECTION_REFUSED @ http://localhost:8099/stream:0
[ 1618470ms] [ERROR] Failed to load resource: net::ERR_CONNECTION_REFUSED @ http://localhost:8099/stream:0
[ 1621474ms] [ERROR] Failed to load resource: net::ERR_CONNECTION_REFUSED @ http://localhost:8099/stream:0
[ 1624478ms] [ERROR] Failed to load resource: net::ERR_CONNECTION_REFUSED @ http://localhost:8099/stream:0
[ 1627480ms] [ERROR] Failed to load resource: net::ERR_CONNECTION_REFUSED @ http://localhost:8099/stream:0
[ 1630484ms] [ERROR] Failed to load resource: net::ERR_CONNECTION_REFUSED @ http://localhost:8099/stream:0
[ 1633487ms] [ERROR] Failed to load resource: net::ERR_CONNECTION_REFUSED @ http://localhost:8099/stream:0
[ 1636492ms] [ERROR] Failed to load resource: net::ERR_CONNECTION_REFUSED @ http://localhost:8099/stream:0
[ 1639495ms] [ERROR] Failed to load resource: net::ERR_CONNECTION_REFUSED @ http://localhost:8099/stream:0
[ 1642502ms] [ERROR] Failed to load resource: net::ERR_CONNECTION_REFUSED @ http://localhost:8099/stream:0
[ 1645506ms] [ERROR] Failed to load resource: net::ERR_CONNECTION_REFUSED @ http://localhost:8099/stream:0
[ 1648511ms] [ERROR] Failed to load resource: net::ERR_CONNECTION_REFUSED @ http://localhost:8099/stream:0
[ 1651513ms] [ERROR] Failed to load resource: net::ERR_CONNECTION_REFUSED @ http://localhost:8099/stream:0
[ 1654522ms] [ERROR] Failed to load resource: net::ERR_CONNECTION_REFUSED @ http://localhost:8099/stream:0
[ 1657526ms] [ERROR] Failed to load resource: net::ERR_CONNECTION_REFUSED @ http://localhost:8099/stream:0
[ 1660530ms] [ERROR] Failed to load resource: net::ERR_CONNECTION_REFUSED @ http://localhost:8099/stream:0
[ 1663534ms] [ERROR] Failed to load resource: net::ERR_CONNECTION_REFUSED @ http://localhost:8099/stream:0
[ 1666537ms] [ERROR] Failed to load resource: net::ERR_CONNECTION_REFUSED @ http://localhost:8099/stream:0
[ 1669541ms] [ERROR] Failed to load resource: net::ERR_CONNECTION_REFUSED @ http://localhost:8099/stream:0
[ 1672543ms] [ERROR] Failed to load resource: net::ERR_CONNECTION_REFUSED @ http://localhost:8099/stream:0
[ 1675547ms] [ERROR] Failed to load resource: net::ERR_CONNECTION_REFUSED @ http://localhost:8099/stream:0
[ 1678551ms] [ERROR] Failed to load resource: net::ERR_CONNECTION_REFUSED @ http://localhost:8099/stream:0
[ 1681554ms] [ERROR] Failed to load resource: net::ERR_CONNECTION_REFUSED @ http://localhost:8099/stream:0
[ 1684560ms] [ERROR] Failed to load resource: net::ERR_CONNECTION_REFUSED @ http://localhost:8099/stream:0
[ 1687563ms] [ERROR] Failed to load resource: net::ERR_CONNECTION_REFUSED @ http://localhost:8099/stream:0
[ 1690569ms] [ERROR] Failed to load resource: net::ERR_CONNECTION_REFUSED @ http://localhost:8099/stream:0
[ 1693573ms] [ERROR] Failed to load resource: net::ERR_CONNECTION_REFUSED @ http://localhost:8099/stream:0
[ 1696577ms] [ERROR] Failed to load resource: net::ERR_CONNECTION_REFUSED @ http://localhost:8099/stream:0
[ 1699580ms] [ERROR] Failed to load resource: net::ERR_CONNECTION_REFUSED @ http://localhost:8099/stream:0
[ 1702583ms] [ERROR] Failed to load resource: net::ERR_CONNECTION_REFUSED @ http://localhost:8099/stream:0
[ 1705589ms] [ERROR] Failed to load resource: net::ERR_CONNECTION_REFUSED @ http://localhost:8099/stream:0
[ 1708592ms] [ERROR] Failed to load resource: net::ERR_CONNECTION_REFUSED @ http://localhost:8099/stream:0
[ 1711595ms] [ERROR] Failed to load resource: net::ERR_CONNECTION_REFUSED @ http://localhost:8099/stream:0
[ 1714599ms] [ERROR] Failed to load resource: net::ERR_CONNECTION_REFUSED @ http://localhost:8099/stream:0
[ 1717601ms] [ERROR] Failed to load resource: net::ERR_CONNECTION_REFUSED @ http://localhost:8099/stream:0
[ 1720604ms] [ERROR] Failed to load resource: net::ERR_CONNECTION_REFUSED @ http://localhost:8099/stream:0
[ 1723607ms] [ERROR] Failed to load resource: net::ERR_CONNECTION_REFUSED @ http://localhost:8099/stream:0
[ 1726610ms] [ERROR] Failed to load resource: net::ERR_CONNECTION_REFUSED @ http://localhost:8099/stream:0
[ 1729615ms] [ERROR] Failed to load resource: net::ERR_CONNECTION_REFUSED @ http://localhost:8099/stream:0
[ 1732618ms] [ERROR] Failed to load resource: net::ERR_CONNECTION_REFUSED @ http://localhost:8099/stream:0
[ 1735622ms] [ERROR] Failed to load resource: net::ERR_CONNECTION_REFUSED @ http://localhost:8099/stream:0
[ 1738626ms] [ERROR] Failed to load resource: net::ERR_CONNECTION_REFUSED @ http://localhost:8099/stream:0
[ 1741629ms] [ERROR] Failed to load resource: net::ERR_CONNECTION_REFUSED @ http://localhost:8099/stream:0
[ 1744634ms] [ERROR] Failed to load resource: net::ERR_CONNECTION_REFUSED @ http://localhost:8099/stream:0
[ 1747637ms] [ERROR] Failed to load resource: net::ERR_CONNECTION_REFUSED @ http://localhost:8099/stream:0
[ 1750642ms] [ERROR] Failed to load resource: net::ERR_CONNECTION_REFUSED @ http://localhost:8099/stream:0
[ 1753645ms] [ERROR] Failed to load resource: net::ERR_CONNECTION_REFUSED @ http://localhost:8099/stream:0
[ 1756649ms] [ERROR] Failed to load resource: net::ERR_CONNECTION_REFUSED @ http://localhost:8099/stream:0
[ 1759653ms] [ERROR] Failed to load resource: net::ERR_CONNECTION_REFUSED @ http://localhost:8099/stream:0
[ 1762657ms] [ERROR] Failed to load resource: net::ERR_CONNECTION_REFUSED @ http://localhost:8099/stream:0
[ 1765661ms] [ERROR] Failed to load resource: net::ERR_CONNECTION_REFUSED @ http://localhost:8099/stream:0
[ 1768665ms] [ERROR] Failed to load resource: net::ERR_CONNECTION_REFUSED @ http://localhost:8099/stream:0
[ 1771669ms] [ERROR] Failed to load resource: net::ERR_CONNECTION_REFUSED @ http://localhost:8099/stream:0
[ 1774673ms] [ERROR] Failed to load resource: net::ERR_CONNECTION_REFUSED @ http://localhost:8099/stream:0
[ 1777678ms] [ERROR] Failed to load resource: net::ERR_CONNECTION_REFUSED @ http://localhost:8099/stream:0
[ 1780681ms] [ERROR] Failed to load resource: net::ERR_CONNECTION_REFUSED @ http://localhost:8099/stream:0
[ 1783684ms] [ERROR] Failed to load resource: net::ERR_CONNECTION_REFUSED @ http://localhost:8099/stream:0
[ 1786687ms] [ERROR] Failed to load resource: net::ERR_CONNECTION_REFUSED @ http://localhost:8099/stream:0
[ 1789692ms] [ERROR] Failed to load resource: net::ERR_CONNECTION_REFUSED @ http://localhost:8099/stream:0
[ 1792697ms] [ERROR] Failed to load resource: net::ERR_CONNECTION_REFUSED @ http://localhost:8099/stream:0
[ 1795702ms] [ERROR] Failed to load resource: net::ERR_CONNECTION_REFUSED @ http://localhost:8099/stream:0
[ 1798706ms] [ERROR] Failed to load resource: net::ERR_CONNECTION_REFUSED @ http://localhost:8099/stream:0
[ 1801710ms] [ERROR] Failed to load resource: net::ERR_CONNECTION_REFUSED @ http://localhost:8099/stream:0
[ 1804716ms] [ERROR] Failed to load resource: net::ERR_CONNECTION_REFUSED @ http://localhost:8099/stream:0
[ 1807719ms] [ERROR] Failed to load resource: net::ERR_CONNECTION_REFUSED @ http://localhost:8099/stream:0
[ 1810724ms] [ERROR] Failed to load resource: net::ERR_CONNECTION_REFUSED @ http://localhost:8099/stream:0
[ 1813727ms] [ERROR] Failed to load resource: net::ERR_CONNECTION_REFUSED @ http://localhost:8099/stream:0
[ 1816732ms] [ERROR] Failed to load resource: net::ERR_CONNECTION_REFUSED @ http://localhost:8099/stream:0
[ 1819735ms] [ERROR] Failed to load resource: net::ERR_CONNECTION_REFUSED @ http://localhost:8099/stream:0
[ 1822739ms] [ERROR] Failed to load resource: net::ERR_CONNECTION_REFUSED @ http://localhost:8099/stream:0
[ 1825742ms] [ERROR] Failed to load resource: net::ERR_CONNECTION_REFUSED @ http://localhost:8099/stream:0
[ 1828746ms] [ERROR] Failed to load resource: net::ERR_CONNECTION_REFUSED @ http://localhost:8099/stream:0
[ 1831751ms] [ERROR] Failed to load resource: net::ERR_CONNECTION_REFUSED @ http://localhost:8099/stream:0
[ 1834754ms] [ERROR] Failed to load resource: net::ERR_CONNECTION_REFUSED @ http://localhost:8099/stream:0
[ 1837758ms] [ERROR] Failed to load resource: net::ERR_CONNECTION_REFUSED @ http://localhost:8099/stream:0
[ 1840762ms] [ERROR] Failed to load resource: net::ERR_CONNECTION_REFUSED @ http://localhost:8099/stream:0
[ 1843766ms] [ERROR] Failed to load resource: net::ERR_CONNECTION_REFUSED @ http://localhost:8099/stream:0
[ 1846770ms] [ERROR] Failed to load resource: net::ERR_CONNECTION_REFUSED @ http://localhost:8099/stream:0
[ 1849773ms] [ERROR] Failed to load resource: net::ERR_CONNECTION_REFUSED @ http://localhost:8099/stream:0
[ 1852776ms] [ERROR] Failed to load resource: net::ERR_CONNECTION_REFUSED @ http://localhost:8099/stream:0
[ 1855780ms] [ERROR] Failed to load resource: net::ERR_CONNECTION_REFUSED @ http://localhost:8099/stream:0
[ 1858785ms] [ERROR] Failed to load resource: net::ERR_CONNECTION_REFUSED @ http://localhost:8099/stream:0
[ 1861789ms] [ERROR] Failed to load resource: net::ERR_CONNECTION_REFUSED @ http://localhost:8099/stream:0
[ 1864791ms] [ERROR] Failed to load resource: net::ERR_CONNECTION_REFUSED @ http://localhost:8099/stream:0
[ 1867796ms] [ERROR] Failed to load resource: net::ERR_CONNECTION_REFUSED @ http://localhost:8099/stream:0
[ 1870800ms] [ERROR] Failed to load resource: net::ERR_CONNECTION_REFUSED @ http://localhost:8099/stream:0
[ 1873809ms] [ERROR] Failed to load resource: net::ERR_CONNECTION_REFUSED @ http://localhost:8099/stream:0
[ 1876814ms] [ERROR] Failed to load resource: net::ERR_CONNECTION_REFUSED @ http://localhost:8099/stream:0
[ 1879818ms] [ERROR] Failed to load resource: net::ERR_CONNECTION_REFUSED @ http://localhost:8099/stream:0
[ 1882823ms] [ERROR] Failed to load resource: net::ERR_CONNECTION_REFUSED @ http://localhost:8099/stream:0
[ 1885827ms] [ERROR] Failed to load resource: net::ERR_CONNECTION_REFUSED @ http://localhost:8099/stream:0
[ 1888830ms] [ERROR] Failed to load resource: net::ERR_CONNECTION_REFUSED @ http://localhost:8099/stream:0
[ 1891835ms] [ERROR] Failed to load resource: net::ERR_CONNECTION_REFUSED @ http://localhost:8099/stream:0
[ 1894841ms] [ERROR] Failed to load resource: net::ERR_CONNECTION_REFUSED @ http://localhost:8099/stream:0
[ 1897845ms] [ERROR] Failed to load resource: net::ERR_CONNECTION_REFUSED @ http://localhost:8099/stream:0
[ 1900850ms] [ERROR] Failed to load resource: net::ERR_CONNECTION_REFUSED @ http://localhost:8099/stream:0
[ 1903853ms] [ERROR] Failed to load resource: net::ERR_CONNECTION_REFUSED @ http://localhost:8099/stream:0
[ 1906857ms] [ERROR] Failed to load resource: net::ERR_CONNECTION_REFUSED @ http://localhost:8099/stream:0
[ 1909861ms] [ERROR] Failed to load resource: net::ERR_CONNECTION_REFUSED @ http://localhost:8099/stream:0
[ 1912865ms] [ERROR] Failed to load resource: net::ERR_CONNECTION_REFUSED @ http://localhost:8099/stream:0
[ 1915868ms] [ERROR] Failed to load resource: net::ERR_CONNECTION_REFUSED @ http://localhost:8099/stream:0
[ 1918872ms] [ERROR] Failed to load resource: net::ERR_CONNECTION_REFUSED @ http://localhost:8099/stream:0
[ 1921876ms] [ERROR] Failed to load resource: net::ERR_CONNECTION_REFUSED @ http://localhost:8099/stream:0
[ 1924880ms] [ERROR] Failed to load resource: net::ERR_CONNECTION_REFUSED @ http://localhost:8099/stream:0
[ 1927883ms] [ERROR] Failed to load resource: net::ERR_CONNECTION_REFUSED @ http://localhost:8099/stream:0
[ 1930886ms] [ERROR] Failed to load resource: net::ERR_CONNECTION_REFUSED @ http://localhost:8099/stream:0
[ 1933890ms] [ERROR] Failed to load resource: net::ERR_CONNECTION_REFUSED @ http://localhost:8099/stream:0
[ 1936893ms] [ERROR] Failed to load resource: net::ERR_CONNECTION_REFUSED @ http://localhost:8099/stream:0
[ 1939900ms] [ERROR] Failed to load resource: net::ERR_CONNECTION_REFUSED @ http://localhost:8099/stream:0
[ 1942903ms] [ERROR] Failed to load resource: net::ERR_CONNECTION_REFUSED @ http://localhost:8099/stream:0
[ 1945906ms] [ERROR] Failed to load resource: net::ERR_CONNECTION_REFUSED @ http://localhost:8099/stream:0
[ 1948909ms] [ERROR] Failed to load resource: net::ERR_CONNECTION_REFUSED @ http://localhost:8099/stream:0
[ 1951912ms] [ERROR] Failed to load resource: net::ERR_CONNECTION_REFUSED @ http://localhost:8099/stream:0
[ 1954916ms] [ERROR] Failed to load resource: net::ERR_CONNECTION_REFUSED @ http://localhost:8099/stream:0
[ 1957920ms] [ERROR] Failed to load resource: net::ERR_CONNECTION_REFUSED @ http://localhost:8099/stream:0
[ 1960924ms] [ERROR] Failed to load resource: net::ERR_CONNECTION_REFUSED @ http://localhost:8099/stream:0
[ 1963927ms] [ERROR] Failed to load resource: net::ERR_CONNECTION_REFUSED @ http://localhost:8099/stream:0
[ 1966934ms] [ERROR] Failed to load resource: net::ERR_CONNECTION_REFUSED @ http://localhost:8099/stream:0
[ 1969937ms] [ERROR] Failed to load resource: net::ERR_CONNECTION_REFUSED @ http://localhost:8099/stream:0
[ 1972941ms] [ERROR] Failed to load resource: net::ERR_CONNECTION_REFUSED @ http://localhost:8099/stream:0
[ 1975946ms] [ERROR] Failed to load resource: net::ERR_CONNECTION_REFUSED @ http://localhost:8099/stream:0
[ 1978950ms] [ERROR] Failed to load resource: net::ERR_CONNECTION_REFUSED @ http://localhost:8099/stream:0
[ 1981954ms] [ERROR] Failed to load resource: net::ERR_CONNECTION_REFUSED @ http://localhost:8099/stream:0
[ 1984958ms] [ERROR] Failed to load resource: net::ERR_CONNECTION_REFUSED @ http://localhost:8099/stream:0
[ 1987962ms] [ERROR] Failed to load resource: net::ERR_CONNECTION_REFUSED @ http://localhost:8099/stream:0
[ 1990966ms] [ERROR] Failed to load resource: net::ERR_CONNECTION_REFUSED @ http://localhost:8099/stream:0
[ 1993969ms] [ERROR] Failed to load resource: net::ERR_CONNECTION_REFUSED @ http://localhost:8099/stream:0
[ 1996973ms] [ERROR] Failed to load resource: net::ERR_CONNECTION_REFUSED @ http://localhost:8099/stream:0
[ 1999977ms] [ERROR] Failed to load resource: net::ERR_CONNECTION_REFUSED @ http://localhost:8099/stream:0
[ 2002982ms] [ERROR] Failed to load resource: net::ERR_CONNECTION_REFUSED @ http://localhost:8099/stream:0
[ 2005984ms] [ERROR] Failed to load resource: net::ERR_CONNECTION_REFUSED @ http://localhost:8099/stream:0
[ 2008987ms] [ERROR] Failed to load resource: net::ERR_CONNECTION_REFUSED @ http://localhost:8099/stream:0
[ 2011990ms] [ERROR] Failed to load resource: net::ERR_CONNECTION_REFUSED @ http://localhost:8099/stream:0
[ 2014994ms] [ERROR] Failed to load resource: net::ERR_CONNECTION_REFUSED @ http://localhost:8099/stream:0
[ 2017998ms] [ERROR] Failed to load resource: net::ERR_CONNECTION_REFUSED @ http://localhost:8099/stream:0
[ 2021003ms] [ERROR] Failed to load resource: net::ERR_CONNECTION_REFUSED @ http://localhost:8099/stream:0
[ 2024007ms] [ERROR] Failed to load resource: net::ERR_CONNECTION_REFUSED @ http://localhost:8099/stream:0
[ 2027009ms] [ERROR] Failed to load resource: net::ERR_CONNECTION_REFUSED @ http://localhost:8099/stream:0
[ 2030014ms] [ERROR] Failed to load resource: net::ERR_CONNECTION_REFUSED @ http://localhost:8099/stream:0
[ 2033018ms] [ERROR] Failed to load resource: net::ERR_CONNECTION_REFUSED @ http://localhost:8099/stream:0
[ 2036021ms] [ERROR] Failed to load resource: net::ERR_CONNECTION_REFUSED @ http://localhost:8099/stream:0
[ 2039026ms] [ERROR] Failed to load resource: net::ERR_CONNECTION_REFUSED @ http://localhost:8099/stream:0
[ 2042030ms] [ERROR] Failed to load resource: net::ERR_CONNECTION_REFUSED @ http://localhost:8099/stream:0
[ 2045034ms] [ERROR] Failed to load resource: net::ERR_CONNECTION_REFUSED @ http://localhost:8099/stream:0
[ 2048036ms] [ERROR] Failed to load resource: net::ERR_CONNECTION_REFUSED @ http://localhost:8099/stream:0
[ 2051039ms] [ERROR] Failed to load resource: net::ERR_CONNECTION_REFUSED @ http://localhost:8099/stream:0
[ 2054044ms] [ERROR] Failed to load resource: net::ERR_CONNECTION_REFUSED @ http://localhost:8099/stream:0
[ 2057047ms] [ERROR] Failed to load resource: net::ERR_CONNECTION_REFUSED @ http://localhost:8099/stream:0
[ 2060051ms] [ERROR] Failed to load resource: net::ERR_CONNECTION_REFUSED @ http://localhost:8099/stream:0
[ 2063055ms] [ERROR] Failed to load resource: net::ERR_CONNECTION_REFUSED @ http://localhost:8099/stream:0
[ 2066059ms] [ERROR] Failed to load resource: net::ERR_CONNECTION_REFUSED @ http://localhost:8099/stream:0
[ 2069063ms] [ERROR] Failed to load resource: net::ERR_CONNECTION_REFUSED @ http://localhost:8099/stream:0
[ 2072066ms] [ERROR] Failed to load resource: net::ERR_CONNECTION_REFUSED @ http://localhost:8099/stream:0
[ 2075071ms] [ERROR] Failed to load resource: net::ERR_CONNECTION_REFUSED @ http://localhost:8099/stream:0
[ 2078074ms] [ERROR] Failed to load resource: net::ERR_CONNECTION_REFUSED @ http://localhost:8099/stream:0
[ 2081079ms] [ERROR] Failed to load resource: net::ERR_CONNECTION_REFUSED @ http://localhost:8099/stream:0
[ 2084083ms] [ERROR] Failed to load resource: net::ERR_CONNECTION_REFUSED @ http://localhost:8099/stream:0
[ 2087087ms] [ERROR] Failed to load resource: net::ERR_CONNECTION_REFUSED @ http://localhost:8099/stream:0
[ 2090090ms] [ERROR] Failed to load resource: net::ERR_CONNECTION_REFUSED @ http://localhost:8099/stream:0
[ 2093093ms] [ERROR] Failed to load resource: net::ERR_CONNECTION_REFUSED @ http://localhost:8099/stream:0
[ 2096098ms] [ERROR] Failed to load resource: net::ERR_CONNECTION_REFUSED @ http://localhost:8099/stream:0
[ 2099103ms] [ERROR] Failed to load resource: net::ERR_CONNECTION_REFUSED @ http://localhost:8099/stream:0
[ 2102106ms] [ERROR] Failed to load resource: net::ERR_CONNECTION_REFUSED @ http://localhost:8099/stream:0
[ 2105109ms] [ERROR] Failed to load resource: net::ERR_CONNECTION_REFUSED @ http://localhost:8099/stream:0
[ 2108113ms] [ERROR] Failed to load resource: net::ERR_CONNECTION_REFUSED @ http://localhost:8099/stream:0
[ 2111117ms] [ERROR] Failed to load resource: net::ERR_CONNECTION_REFUSED @ http://localhost:8099/stream:0
[ 2114121ms] [ERROR] Failed to load resource: net::ERR_CONNECTION_REFUSED @ http://localhost:8099/stream:0
[ 2117125ms] [ERROR] Failed to load resource: net::ERR_CONNECTION_REFUSED @ http://localhost:8099/stream:0
[ 2120129ms] [ERROR] Failed to load resource: net::ERR_CONNECTION_REFUSED @ http://localhost:8099/stream:0
[ 2123133ms] [ERROR] Failed to load resource: net::ERR_CONNECTION_REFUSED @ http://localhost:8099/stream:0
[ 2126136ms] [ERROR] Failed to load resource: net::ERR_CONNECTION_REFUSED @ http://localhost:8099/stream:0
[ 2129140ms] [ERROR] Failed to load resource: net::ERR_CONNECTION_REFUSED @ http://localhost:8099/stream:0
[ 2132145ms] [ERROR] Failed to load resource: net::ERR_CONNECTION_REFUSED @ http://localhost:8099/stream:0
[ 2135150ms] [ERROR] Failed to load resource: net::ERR_CONNECTION_REFUSED @ http://localhost:8099/stream:0
[ 2138153ms] [ERROR] Failed to load resource: net::ERR_CONNECTION_REFUSED @ http://localhost:8099/stream:0
[ 2141157ms] [ERROR] Failed to load resource: net::ERR_CONNECTION_REFUSED @ http://localhost:8099/stream:0
[ 2144160ms] [ERROR] Failed to load resource: net::ERR_CONNECTION_REFUSED @ http://localhost:8099/stream:0
[ 2147163ms] [ERROR] Failed to load resource: net::ERR_CONNECTION_REFUSED @ http://localhost:8099/stream:0
[ 2150165ms] [ERROR] Failed to load resource: net::ERR_CONNECTION_REFUSED @ http://localhost:8099/stream:0
[ 2153169ms] [ERROR] Failed to load resource: net::ERR_CONNECTION_REFUSED @ http://localhost:8099/stream:0
[ 2156172ms] [ERROR] Failed to load resource: net::ERR_CONNECTION_REFUSED @ http://localhost:8099/stream:0
[ 2159177ms] [ERROR] Failed to load resource: net::ERR_CONNECTION_REFUSED @ http://localhost:8099/stream:0
[ 2162181ms] [ERROR] Failed to load resource: net::ERR_CONNECTION_REFUSED @ http://localhost:8099/stream:0
[ 2165185ms] [ERROR] Failed to load resource: net::ERR_CONNECTION_REFUSED @ http://localhost:8099/stream:0
[ 2168189ms] [ERROR] Failed to load resource: net::ERR_CONNECTION_REFUSED @ http://localhost:8099/stream:0
[ 2171192ms] [ERROR] Failed to load resource: net::ERR_CONNECTION_REFUSED @ http://localhost:8099/stream:0
[ 2174196ms] [ERROR] Failed to load resource: net::ERR_CONNECTION_REFUSED @ http://localhost:8099/stream:0
[ 2177200ms] [ERROR] Failed to load resource: net::ERR_CONNECTION_REFUSED @ http://localhost:8099/stream:0
[ 2180204ms] [ERROR] Failed to load resource: net::ERR_CONNECTION_REFUSED @ http://localhost:8099/stream:0
[ 2183209ms] [ERROR] Failed to load resource: net::ERR_CONNECTION_REFUSED @ http://localhost:8099/stream:0
[ 2186213ms] [ERROR] Failed to load resource: net::ERR_CONNECTION_REFUSED @ http://localhost:8099/stream:0
[ 2189217ms] [ERROR] Failed to load resource: net::ERR_CONNECTION_REFUSED @ http://localhost:8099/stream:0
[ 2192220ms] [ERROR] Failed to load resource: net::ERR_CONNECTION_REFUSED @ http://localhost:8099/stream:0
[ 2195226ms] [ERROR] Failed to load resource: net::ERR_CONNECTION_REFUSED @ http://localhost:8099/stream:0
[ 2198231ms] [ERROR] Failed to load resource: net::ERR_CONNECTION_REFUSED @ http://localhost:8099/stream:0
[ 2201235ms] [ERROR] Failed to load resource: net::ERR_CONNECTION_REFUSED @ http://localhost:8099/stream:0
[ 2204239ms] [ERROR] Failed to load resource: net::ERR_CONNECTION_REFUSED @ http://localhost:8099/stream:0
[ 2207244ms] [ERROR] Failed to load resource: net::ERR_CONNECTION_REFUSED @ http://localhost:8099/stream:0
[ 2210249ms] [ERROR] Failed to load resource: net::ERR_CONNECTION_REFUSED @ http://localhost:8099/stream:0
[ 2213253ms] [ERROR] Failed to load resource: net::ERR_CONNECTION_REFUSED @ http://localhost:8099/stream:0
[ 2216257ms] [ERROR] Failed to load resource: net::ERR_CONNECTION_REFUSED @ http://localhost:8099/stream:0
[ 2219261ms] [ERROR] Failed to load resource: net::ERR_CONNECTION_REFUSED @ http://localhost:8099/stream:0
[ 2222265ms] [ERROR] Failed to load resource: net::ERR_CONNECTION_REFUSED @ http://localhost:8099/stream:0
[ 2225269ms] [ERROR] Failed to load resource: net::ERR_CONNECTION_REFUSED @ http://localhost:8099/stream:0
[ 2228272ms] [ERROR] Failed to load resource: net::ERR_CONNECTION_REFUSED @ http://localhost:8099/stream:0
[ 2231276ms] [ERROR] Failed to load resource: net::ERR_CONNECTION_REFUSED @ http://localhost:8099/stream:0
[ 2234280ms] [ERROR] Failed to load resource: net::ERR_CONNECTION_REFUSED @ http://localhost:8099/stream:0
[ 2237285ms] [ERROR] Failed to load resource: net::ERR_CONNECTION_REFUSED @ http://localhost:8099/stream:0
[ 2240289ms] [ERROR] Failed to load resource: net::ERR_CONNECTION_REFUSED @ http://localhost:8099/stream:0
[ 2243291ms] [ERROR] Failed to load resource: net::ERR_CONNECTION_REFUSED @ http://localhost:8099/stream:0
[ 2246301ms] [ERROR] Failed to load resource: net::ERR_CONNECTION_REFUSED @ http://localhost:8099/stream:0
[ 2249305ms] [ERROR] Failed to load resource: net::ERR_CONNECTION_REFUSED @ http://localhost:8099/stream:0
[ 2252309ms] [ERROR] Failed to load resource: net::ERR_CONNECTION_REFUSED @ http://localhost:8099/stream:0
[ 2255313ms] [ERROR] Failed to load resource: net::ERR_CONNECTION_REFUSED @ http://localhost:8099/stream:0
[ 2258318ms] [ERROR] Failed to load resource: net::ERR_CONNECTION_REFUSED @ http://localhost:8099/stream:0
[ 2261322ms] [ERROR] Failed to load resource: net::ERR_CONNECTION_REFUSED @ http://localhost:8099/stream:0
[ 2264326ms] [ERROR] Failed to load resource: net::ERR_CONNECTION_REFUSED @ http://localhost:8099/stream:0
[ 2267330ms] [ERROR] Failed to load resource: net::ERR_CONNECTION_REFUSED @ http://localhost:8099/stream:0
[ 2270335ms] [ERROR] Failed to load resource: net::ERR_CONNECTION_REFUSED @ http://localhost:8099/stream:0
[ 2273339ms] [ERROR] Failed to load resource: net::ERR_CONNECTION_REFUSED @ http://localhost:8099/stream:0
[ 2276342ms] [ERROR] Failed to load resource: net::ERR_CONNECTION_REFUSED @ http://localhost:8099/stream:0
[ 2279344ms] [ERROR] Failed to load resource: net::ERR_CONNECTION_REFUSED @ http://localhost:8099/stream:0
[ 2282348ms] [ERROR] Failed to load resource: net::ERR_CONNECTION_REFUSED @ http://localhost:8099/stream:0
[ 2285351ms] [ERROR] Failed to load resource: net::ERR_CONNECTION_REFUSED @ http://localhost:8099/stream:0
[ 2288355ms] [ERROR] Failed to load resource: net::ERR_CONNECTION_REFUSED @ http://localhost:8099/stream:0
[ 2291358ms] [ERROR] Failed to load resource: net::ERR_CONNECTION_REFUSED @ http://localhost:8099/stream:0
[ 2294362ms] [ERROR] Failed to load resource: net::ERR_CONNECTION_REFUSED @ http://localhost:8099/stream:0
[ 2297366ms] [ERROR] Failed to load resource: net::ERR_CONNECTION_REFUSED @ http://localhost:8099/stream:0
[ 2300370ms] [ERROR] Failed to load resource: net::ERR_CONNECTION_REFUSED @ http://localhost:8099/stream:0
[ 2303375ms] [ERROR] Failed to load resource: net::ERR_CONNECTION_REFUSED @ http://localhost:8099/stream:0
[ 2306378ms] [ERROR] Failed to load resource: net::ERR_CONNECTION_REFUSED @ http://localhost:8099/stream:0
[ 2309381ms] [ERROR] Failed to load resource: net::ERR_CONNECTION_REFUSED @ http://localhost:8099/stream:0
[ 2312385ms] [ERROR] Failed to load resource: net::ERR_CONNECTION_REFUSED @ http://localhost:8099/stream:0
[ 2315388ms] [ERROR] Failed to load resource: net::ERR_CONNECTION_REFUSED @ http://localhost:8099/stream:0
[ 2318392ms] [ERROR] Failed to load resource: net::ERR_CONNECTION_REFUSED @ http://localhost:8099/stream:0
[ 2321394ms] [ERROR] Failed to load resource: net::ERR_CONNECTION_REFUSED @ http://localhost:8099/stream:0
[ 2324397ms] [ERROR] Failed to load resource: net::ERR_CONNECTION_REFUSED @ http://localhost:8099/stream:0
[ 2327401ms] [ERROR] Failed to load resource: net::ERR_CONNECTION_REFUSED @ http://localhost:8099/stream:0
[ 2330405ms] [ERROR] Failed to load resource: net::ERR_CONNECTION_REFUSED @ http://localhost:8099/stream:0
[ 2333409ms] [ERROR] Failed to load resource: net::ERR_CONNECTION_REFUSED @ http://localhost:8099/stream:0
[ 2336413ms] [ERROR] Failed to load resource: net::ERR_CONNECTION_REFUSED @ http://localhost:8099/stream:0
[ 2339417ms] [ERROR] Failed to load resource: net::ERR_CONNECTION_REFUSED @ http://localhost:8099/stream:0
[ 2342421ms] [ERROR] Failed to load resource: net::ERR_CONNECTION_REFUSED @ http://localhost:8099/stream:0
[ 2345424ms] [ERROR] Failed to load resource: net::ERR_CONNECTION_REFUSED @ http://localhost:8099/stream:0
[ 2348429ms] [ERROR] Failed to load resource: net::ERR_CONNECTION_REFUSED @ http://localhost:8099/stream:0
[ 2351434ms] [ERROR] Failed to load resource: net::ERR_CONNECTION_REFUSED @ http://localhost:8099/stream:0
[ 2354437ms] [ERROR] Failed to load resource: net::ERR_CONNECTION_REFUSED @ http://localhost:8099/stream:0
[ 2357440ms] [ERROR] Failed to load resource: net::ERR_CONNECTION_REFUSED @ http://localhost:8099/stream:0
[ 2360442ms] [ERROR] Failed to load resource: net::ERR_CONNECTION_REFUSED @ http://localhost:8099/stream:0
[ 2363445ms] [ERROR] Failed to load resource: net::ERR_CONNECTION_REFUSED @ http://localhost:8099/stream:0
[ 2366449ms] [ERROR] Failed to load resource: net::ERR_CONNECTION_REFUSED @ http://localhost:8099/stream:0
[ 2369452ms] [ERROR] Failed to load resource: net::ERR_CONNECTION_REFUSED @ http://localhost:8099/stream:0
[ 2372457ms] [ERROR] Failed to load resource: net::ERR_CONNECTION_REFUSED @ http://localhost:8099/stream:0
[ 2375461ms] [ERROR] Failed to load resource: net::ERR_CONNECTION_REFUSED @ http://localhost:8099/stream:0
[ 2378464ms] [ERROR] Failed to load resource: net::ERR_CONNECTION_REFUSED @ http://localhost:8099/stream:0
[ 2381467ms] [ERROR] Failed to load resource: net::ERR_CONNECTION_REFUSED @ http://localhost:8099/stream:0
[ 2384471ms] [ERROR] Failed to load resource: net::ERR_CONNECTION_REFUSED @ http://localhost:8099/stream:0
[ 2387475ms] [ERROR] Failed to load resource: net::ERR_CONNECTION_REFUSED @ http://localhost:8099/stream:0
[ 2390479ms] [ERROR] Failed to load resource: net::ERR_CONNECTION_REFUSED @ http://localhost:8099/stream:0
[ 2393483ms] [ERROR] Failed to load resource: net::ERR_CONNECTION_REFUSED @ http://localhost:8099/stream:0
[ 2396489ms] [ERROR] Failed to load resource: net::ERR_CONNECTION_REFUSED @ http://localhost:8099/stream:0
[ 2399492ms] [ERROR] Failed to load resource: net::ERR_CONNECTION_REFUSED @ http://localhost:8099/stream:0
[ 2402495ms] [ERROR] Failed to load resource: net::ERR_CONNECTION_REFUSED @ http://localhost:8099/stream:0
[ 2405503ms] [ERROR] Failed to load resource: net::ERR_CONNECTION_REFUSED @ http://localhost:8099/stream:0
[ 2408507ms] [ERROR] Failed to load resource: net::ERR_CONNECTION_REFUSED @ http://localhost:8099/stream:0
[ 2411511ms] [ERROR] Failed to load resource: net::ERR_CONNECTION_REFUSED @ http://localhost:8099/stream:0
[ 2414514ms] [ERROR] Failed to load resource: net::ERR_CONNECTION_REFUSED @ http://localhost:8099/stream:0
[ 2417518ms] [ERROR] Failed to load resource: net::ERR_CONNECTION_REFUSED @ http://localhost:8099/stream:0
[ 2420524ms] [ERROR] Failed to load resource: net::ERR_CONNECTION_REFUSED @ http://localhost:8099/stream:0
[ 2423528ms] [ERROR] Failed to load resource: net::ERR_CONNECTION_REFUSED @ http://localhost:8099/stream:0
[ 2426532ms] [ERROR] Failed to load resource: net::ERR_CONNECTION_REFUSED @ http://localhost:8099/stream:0
[ 2429536ms] [ERROR] Failed to load resource: net::ERR_CONNECTION_REFUSED @ http://localhost:8099/stream:0
[ 2432543ms] [ERROR] Failed to load resource: net::ERR_CONNECTION_REFUSED @ http://localhost:8099/stream:0
[ 2435546ms] [ERROR] Failed to load resource: net::ERR_CONNECTION_REFUSED @ http://localhost:8099/stream:0
[ 2438548ms] [ERROR] Failed to load resource: net::ERR_CONNECTION_REFUSED @ http://localhost:8099/stream:0
[ 2441551ms] [ERROR] Failed to load resource: net::ERR_CONNECTION_REFUSED @ http://localhost:8099/stream:0
[ 2444555ms] [ERROR] Failed to load resource: net::ERR_CONNECTION_REFUSED @ http://localhost:8099/stream:0
[ 2447560ms] [ERROR] Failed to load resource: net::ERR_CONNECTION_REFUSED @ http://localhost:8099/stream:0
[ 2450564ms] [ERROR] Failed to load resource: net::ERR_CONNECTION_REFUSED @ http://localhost:8099/stream:0
[ 2453567ms] [ERROR] Failed to load resource: net::ERR_CONNECTION_REFUSED @ http://localhost:8099/stream:0
[ 2456570ms] [ERROR] Failed to load resource: net::ERR_CONNECTION_REFUSED @ http://localhost:8099/stream:0
[ 2459575ms] [ERROR] Failed to load resource: net::ERR_CONNECTION_REFUSED @ http://localhost:8099/stream:0
[ 2462578ms] [ERROR] Failed to load resource: net::ERR_CONNECTION_REFUSED @ http://localhost:8099/stream:0
[ 2465583ms] [ERROR] Failed to load resource: net::ERR_CONNECTION_REFUSED @ http://localhost:8099/stream:0
[ 2468587ms] [ERROR] Failed to load resource: net::ERR_CONNECTION_REFUSED @ http://localhost:8099/stream:0
[ 2471590ms] [ERROR] Failed to load resource: net::ERR_CONNECTION_REFUSED @ http://localhost:8099/stream:0
[ 2474593ms] [ERROR] Failed to load resource: net::ERR_CONNECTION_REFUSED @ http://localhost:8099/stream:0
[ 2477597ms] [ERROR] Failed to load resource: net::ERR_CONNECTION_REFUSED @ http://localhost:8099/stream:0
[ 2480601ms] [ERROR] Failed to load resource: net::ERR_CONNECTION_REFUSED @ http://localhost:8099/stream:0
[ 2483604ms] [ERROR] Failed to load resource: net::ERR_CONNECTION_REFUSED @ http://localhost:8099/stream:0
[ 2486609ms] [ERROR] Failed to load resource: net::ERR_CONNECTION_REFUSED @ http://localhost:8099/stream:0
[ 2489612ms] [ERROR] Failed to load resource: net::ERR_CONNECTION_REFUSED @ http://localhost:8099/stream:0
[ 2492616ms] [ERROR] Failed to load resource: net::ERR_CONNECTION_REFUSED @ http://localhost:8099/stream:0
[ 2495620ms] [ERROR] Failed to load resource: net::ERR_CONNECTION_REFUSED @ http://localhost:8099/stream:0
[ 2498624ms] [ERROR] Failed to load resource: net::ERR_CONNECTION_REFUSED @ http://localhost:8099/stream:0
[ 2501627ms] [ERROR] Failed to load resource: net::ERR_CONNECTION_REFUSED @ http://localhost:8099/stream:0
[ 2504632ms] [ERROR] Failed to load resource: net::ERR_CONNECTION_REFUSED @ http://localhost:8099/stream:0
[ 2507638ms] [ERROR] Failed to load resource: net::ERR_CONNECTION_REFUSED @ http://localhost:8099/stream:0
[ 2510642ms] [ERROR] Failed to load resource: net::ERR_CONNECTION_REFUSED @ http://localhost:8099/stream:0
[ 2513647ms] [ERROR] Failed to load resource: net::ERR_CONNECTION_REFUSED @ http://localhost:8099/stream:0
[ 2516650ms] [ERROR] Failed to load resource: net::ERR_CONNECTION_REFUSED @ http://localhost:8099/stream:0
[ 2519654ms] [ERROR] Failed to load resource: net::ERR_CONNECTION_REFUSED @ http://localhost:8099/stream:0
[ 2522658ms] [ERROR] Failed to load resource: net::ERR_CONNECTION_REFUSED @ http://localhost:8099/stream:0
[ 2525662ms] [ERROR] Failed to load resource: net::ERR_CONNECTION_REFUSED @ http://localhost:8099/stream:0
[ 2528665ms] [ERROR] Failed to load resource: net::ERR_CONNECTION_REFUSED @ http://localhost:8099/stream:0
[ 2531669ms] [ERROR] Failed to load resource: net::ERR_CONNECTION_REFUSED @ http://localhost:8099/stream:0
[ 2534674ms] [ERROR] Failed to load resource: net::ERR_CONNECTION_REFUSED @ http://localhost:8099/stream:0
[ 2537677ms] [ERROR] Failed to load resource: net::ERR_CONNECTION_REFUSED @ http://localhost:8099/stream:0
[ 2540681ms] [ERROR] Failed to load resource: net::ERR_CONNECTION_REFUSED @ http://localhost:8099/stream:0
[ 2543685ms] [ERROR] Failed to load resource: net::ERR_CONNECTION_REFUSED @ http://localhost:8099/stream:0
[ 2546689ms] [ERROR] Failed to load resource: net::ERR_CONNECTION_REFUSED @ http://localhost:8099/stream:0
[ 2549693ms] [ERROR] Failed to load resource: net::ERR_CONNECTION_REFUSED @ http://localhost:8099/stream:0
[ 2552698ms] [ERROR] Failed to load resource: net::ERR_CONNECTION_REFUSED @ http://localhost:8099/stream:0
[ 2555702ms] [ERROR] Failed to load resource: net::ERR_CONNECTION_REFUSED @ http://localhost:8099/stream:0
[ 2558706ms] [ERROR] Failed to load resource: net::ERR_CONNECTION_REFUSED @ http://localhost:8099/stream:0
[ 2561709ms] [ERROR] Failed to load resource: net::ERR_CONNECTION_REFUSED @ http://localhost:8099/stream:0
[ 2564713ms] [ERROR] Failed to load resource: net::ERR_CONNECTION_REFUSED @ http://localhost:8099/stream:0
[ 2567716ms] [ERROR] Failed to load resource: net::ERR_CONNECTION_REFUSED @ http://localhost:8099/stream:0
[ 2570720ms] [ERROR] Failed to load resource: net::ERR_CONNECTION_REFUSED @ http://localhost:8099/stream:0
[ 2573724ms] [ERROR] Failed to load resource: net::ERR_CONNECTION_REFUSED @ http://localhost:8099/stream:0
[ 2576728ms] [ERROR] Failed to load resource: net::ERR_CONNECTION_REFUSED @ http://localhost:8099/stream:0
[ 2579732ms] [ERROR] Failed to load resource: net::ERR_CONNECTION_REFUSED @ http://localhost:8099/stream:0
[ 2582736ms] [ERROR] Failed to load resource: net::ERR_CONNECTION_REFUSED @ http://localhost:8099/stream:0
[ 2585741ms] [ERROR] Failed to load resource: net::ERR_CONNECTION_REFUSED @ http://localhost:8099/stream:0
[ 2588744ms] [ERROR] Failed to load resource: net::ERR_CONNECTION_REFUSED @ http://localhost:8099/stream:0
[ 2591749ms] [ERROR] Failed to load resource: net::ERR_CONNECTION_REFUSED @ http://localhost:8099/stream:0
[ 2594754ms] [ERROR] Failed to load resource: net::ERR_CONNECTION_REFUSED @ http://localhost:8099/stream:0
[ 2597757ms] [ERROR] Failed to load resource: net::ERR_CONNECTION_REFUSED @ http://localhost:8099/stream:0
[ 2600763ms] [ERROR] Failed to load resource: net::ERR_CONNECTION_REFUSED @ http://localhost:8099/stream:0
[ 2603767ms] [ERROR] Failed to load resource: net::ERR_CONNECTION_REFUSED @ http://localhost:8099/stream:0
[ 2606771ms] [ERROR] Failed to load resource: net::ERR_CONNECTION_REFUSED @ http://localhost:8099/stream:0
[ 2609774ms] [ERROR] Failed to load resource: net::ERR_CONNECTION_REFUSED @ http://localhost:8099/stream:0
[ 2612778ms] [ERROR] Failed to load resource: net::ERR_CONNECTION_REFUSED @ http://localhost:8099/stream:0
[ 2615781ms] [ERROR] Failed to load resource: net::ERR_CONNECTION_REFUSED @ http://localhost:8099/stream:0
[ 2618785ms] [ERROR] Failed to load resource: net::ERR_CONNECTION_REFUSED @ http://localhost:8099/stream:0
[ 2621791ms] [ERROR] Failed to load resource: net::ERR_CONNECTION_REFUSED @ http://localhost:8099/stream:0
[ 2624795ms] [ERROR] Failed to load resource: net::ERR_CONNECTION_REFUSED @ http://localhost:8099/stream:0
[ 2627799ms] [ERROR] Failed to load resource: net::ERR_CONNECTION_REFUSED @ http://localhost:8099/stream:0
[ 2630803ms] [ERROR] Failed to load resource: net::ERR_CONNECTION_REFUSED @ http://localhost:8099/stream:0
[ 2633807ms] [ERROR] Failed to load resource: net::ERR_CONNECTION_REFUSED @ http://localhost:8099/stream:0
[ 2636811ms] [ERROR] Failed to load resource: net::ERR_CONNECTION_REFUSED @ http://localhost:8099/stream:0
[ 2639814ms] [ERROR] Failed to load resource: net::ERR_CONNECTION_REFUSED @ http://localhost:8099/stream:0
[ 2642819ms] [ERROR] Failed to load resource: net::ERR_CONNECTION_REFUSED @ http://localhost:8099/stream:0
[ 2645823ms] [ERROR] Failed to load resource: net::ERR_CONNECTION_REFUSED @ http://localhost:8099/stream:0
[ 2648827ms] [ERROR] Failed to load resource: net::ERR_CONNECTION_REFUSED @ http://localhost:8099/stream:0
[ 2651832ms] [ERROR] Failed to load resource: net::ERR_CONNECTION_REFUSED @ http://localhost:8099/stream:0
[ 2654836ms] [ERROR] Failed to load resource: net::ERR_CONNECTION_REFUSED @ http://localhost:8099/stream:0
[ 2657840ms] [ERROR] Failed to load resource: net::ERR_CONNECTION_REFUSED @ http://localhost:8099/stream:0
[ 2660843ms] [ERROR] Failed to load resource: net::ERR_CONNECTION_REFUSED @ http://localhost:8099/stream:0
[ 2663847ms] [ERROR] Failed to load resource: net::ERR_CONNECTION_REFUSED @ http://localhost:8099/stream:0
[ 2666850ms] [ERROR] Failed to load resource: net::ERR_CONNECTION_REFUSED @ http://localhost:8099/stream:0
[ 2669854ms] [ERROR] Failed to load resource: net::ERR_CONNECTION_REFUSED @ http://localhost:8099/stream:0
[ 2672858ms] [ERROR] Failed to load resource: net::ERR_CONNECTION_REFUSED @ http://localhost:8099/stream:0
[ 2675871ms] [ERROR] Failed to load resource: net::ERR_CONNECTION_REFUSED @ http://localhost:8099/stream:0
[ 2678875ms] [ERROR] Failed to load resource: net::ERR_CONNECTION_REFUSED @ http://localhost:8099/stream:0
[ 2681879ms] [ERROR] Failed to load resource: net::ERR_CONNECTION_REFUSED @ http://localhost:8099/stream:0
[ 2684883ms] [ERROR] Failed to load resource: net::ERR_CONNECTION_REFUSED @ http://localhost:8099/stream:0
[ 2687887ms] [ERROR] Failed to load resource: net::ERR_CONNECTION_REFUSED @ http://localhost:8099/stream:0
[ 2690891ms] [ERROR] Failed to load resource: net::ERR_CONNECTION_REFUSED @ http://localhost:8099/stream:0
[ 2693896ms] [ERROR] Failed to load resource: net::ERR_CONNECTION_REFUSED @ http://localhost:8099/stream:0
[ 2696899ms] [ERROR] Failed to load resource: net::ERR_CONNECTION_REFUSED @ http://localhost:8099/stream:0
[ 2699903ms] [ERROR] Failed to load resource: net::ERR_CONNECTION_REFUSED @ http://localhost:8099/stream:0
[ 2702907ms] [ERROR] Failed to load resource: net::ERR_CONNECTION_REFUSED @ http://localhost:8099/stream:0
[ 2705910ms] [ERROR] Failed to load resource: net::ERR_CONNECTION_REFUSED @ http://localhost:8099/stream:0
[ 2708914ms] [ERROR] Failed to load resource: net::ERR_CONNECTION_REFUSED @ http://localhost:8099/stream:0
[ 2711918ms] [ERROR] Failed to load resource: net::ERR_CONNECTION_REFUSED @ http://localhost:8099/stream:0
[ 2714922ms] [ERROR] Failed to load resource: net::ERR_CONNECTION_REFUSED @ http://localhost:8099/stream:0
[ 2717926ms] [ERROR] Failed to load resource: net::ERR_CONNECTION_REFUSED @ http://localhost:8099/stream:0
[ 2720930ms] [ERROR] Failed to load resource: net::ERR_CONNECTION_REFUSED @ http://localhost:8099/stream:0
[ 2723934ms] [ERROR] Failed to load resource: net::ERR_CONNECTION_REFUSED @ http://localhost:8099/stream:0
[ 2726938ms] [ERROR] Failed to load resource: net::ERR_CONNECTION_REFUSED @ http://localhost:8099/stream:0
[ 2729943ms] [ERROR] Failed to load resource: net::ERR_CONNECTION_REFUSED @ http://localhost:8099/stream:0
[ 2732947ms] [ERROR] Failed to load resource: net::ERR_CONNECTION_REFUSED @ http://localhost:8099/stream:0
[ 2735951ms] [ERROR] Failed to load resource: net::ERR_CONNECTION_REFUSED @ http://localhost:8099/stream:0
[ 2738955ms] [ERROR] Failed to load resource: net::ERR_CONNECTION_REFUSED @ http://localhost:8099/stream:0
[ 2741959ms] [ERROR] Failed to load resource: net::ERR_CONNECTION_REFUSED @ http://localhost:8099/stream:0
[ 2744963ms] [ERROR] Failed to load resource: net::ERR_CONNECTION_REFUSED @ http://localhost:8099/stream:0
[ 2747968ms] [ERROR] Failed to load resource: net::ERR_CONNECTION_REFUSED @ http://localhost:8099/stream:0
[ 2750972ms] [ERROR] Failed to load resource: net::ERR_CONNECTION_REFUSED @ http://localhost:8099/stream:0
[ 2753976ms] [ERROR] Failed to load resource: net::ERR_CONNECTION_REFUSED @ http://localhost:8099/stream:0
[ 2756980ms] [ERROR] Failed to load resource: net::ERR_CONNECTION_REFUSED @ http://localhost:8099/stream:0
[ 2759985ms] [ERROR] Failed to load resource: net::ERR_CONNECTION_REFUSED @ http://localhost:8099/stream:0
[ 2762989ms] [ERROR] Failed to load resource: net::ERR_CONNECTION_REFUSED @ http://localhost:8099/stream:0
[ 2765992ms] [ERROR] Failed to load resource: net::ERR_CONNECTION_REFUSED @ http://localhost:8099/stream:0
[ 2768996ms] [ERROR] Failed to load resource: net::ERR_CONNECTION_REFUSED @ http://localhost:8099/stream:0
[ 2772002ms] [ERROR] Failed to load resource: net::ERR_CONNECTION_REFUSED @ http://localhost:8099/stream:0
[ 2775006ms] [ERROR] Failed to load resource: net::ERR_CONNECTION_REFUSED @ http://localhost:8099/stream:0
[ 2778041ms] [ERROR] Failed to load resource: net::ERR_CONNECTION_REFUSED @ http://localhost:8099/stream:0
[ 2781046ms] [ERROR] Failed to load resource: net::ERR_CONNECTION_REFUSED @ http://localhost:8099/stream:0
[ 2784050ms] [ERROR] Failed to load resource: net::ERR_CONNECTION_REFUSED @ http://localhost:8099/stream:0
[ 2787054ms] [ERROR] Failed to load resource: net::ERR_CONNECTION_REFUSED @ http://localhost:8099/stream:0
[ 2790058ms] [ERROR] Failed to load resource: net::ERR_CONNECTION_REFUSED @ http://localhost:8099/stream:0
[ 2793065ms] [ERROR] Failed to load resource: net::ERR_CONNECTION_REFUSED @ http://localhost:8099/stream:0
[ 2796073ms] [ERROR] Failed to load resource: net::ERR_CONNECTION_REFUSED @ http://localhost:8099/stream:0
[ 2799079ms] [ERROR] Failed to load resource: net::ERR_CONNECTION_REFUSED @ http://localhost:8099/stream:0
[ 2802082ms] [ERROR] Failed to load resource: net::ERR_CONNECTION_REFUSED @ http://localhost:8099/stream:0
[ 2805087ms] [ERROR] Failed to load resource: net::ERR_CONNECTION_REFUSED @ http://localhost:8099/stream:0
[ 2808093ms] [ERROR] Failed to load resource: net::ERR_CONNECTION_REFUSED @ http://localhost:8099/stream:0
[ 2811097ms] [ERROR] Failed to load resource: net::ERR_CONNECTION_REFUSED @ http://localhost:8099/stream:0
[ 2814100ms] [ERROR] Failed to load resource: net::ERR_CONNECTION_REFUSED @ http://localhost:8099/stream:0
[ 2817104ms] [ERROR] Failed to load resource: net::ERR_CONNECTION_REFUSED @ http://localhost:8099/stream:0
[ 2820109ms] [ERROR] Failed to load resource: net::ERR_CONNECTION_REFUSED @ http://localhost:8099/stream:0
[ 2823112ms] [ERROR] Failed to load resource: net::ERR_CONNECTION_REFUSED @ http://localhost:8099/stream:0
[ 2826115ms] [ERROR] Failed to load resource: net::ERR_CONNECTION_REFUSED @ http://localhost:8099/stream:0
[ 2829118ms] [ERROR] Failed to load resource: net::ERR_CONNECTION_REFUSED @ http://localhost:8099/stream:0
[ 2832122ms] [ERROR] Failed to load resource: net::ERR_CONNECTION_REFUSED @ http://localhost:8099/stream:0
[ 2835125ms] [ERROR] Failed to load resource: net::ERR_CONNECTION_REFUSED @ http://localhost:8099/stream:0
[ 2838128ms] [ERROR] Failed to load resource: net::ERR_CONNECTION_REFUSED @ http://localhost:8099/stream:0
[ 2841132ms] [ERROR] Failed to load resource: net::ERR_CONNECTION_REFUSED @ http://localhost:8099/stream:0
[ 2844136ms] [ERROR] Failed to load resource: net::ERR_CONNECTION_REFUSED @ http://localhost:8099/stream:0
[ 2847139ms] [ERROR] Failed to load resource: net::ERR_CONNECTION_REFUSED @ http://localhost:8099/stream:0
[ 2850142ms] [ERROR] Failed to load resource: net::ERR_CONNECTION_REFUSED @ http://localhost:8099/stream:0
[ 2853145ms] [ERROR] Failed to load resource: net::ERR_CONNECTION_REFUSED @ http://localhost:8099/stream:0
[ 2856148ms] [ERROR] Failed to load resource: net::ERR_CONNECTION_REFUSED @ http://localhost:8099/stream:0
[ 2859153ms] [ERROR] Failed to load resource: net::ERR_CONNECTION_REFUSED @ http://localhost:8099/stream:0
[ 2862157ms] [ERROR] Failed to load resource: net::ERR_CONNECTION_REFUSED @ http://localhost:8099/stream:0
[ 2865160ms] [ERROR] Failed to load resource: net::ERR_CONNECTION_REFUSED @ http://localhost:8099/stream:0
[ 2868164ms] [ERROR] Failed to load resource: net::ERR_CONNECTION_REFUSED @ http://localhost:8099/stream:0
[ 2871167ms] [ERROR] Failed to load resource: net::ERR_CONNECTION_REFUSED @ http://localhost:8099/stream:0
[ 2874170ms] [ERROR] Failed to load resource: net::ERR_CONNECTION_REFUSED @ http://localhost:8099/stream:0
[ 2877173ms] [ERROR] Failed to load resource: net::ERR_CONNECTION_REFUSED @ http://localhost:8099/stream:0
[ 2880177ms] [ERROR] Failed to load resource: net::ERR_CONNECTION_REFUSED @ http://localhost:8099/stream:0
[ 2883180ms] [ERROR] Failed to load resource: net::ERR_CONNECTION_REFUSED @ http://localhost:8099/stream:0
[ 2886184ms] [ERROR] Failed to load resource: net::ERR_CONNECTION_REFUSED @ http://localhost:8099/stream:0
[ 2889192ms] [ERROR] Failed to load resource: net::ERR_CONNECTION_REFUSED @ http://localhost:8099/stream:0
[ 2892202ms] [ERROR] Failed to load resource: net::ERR_CONNECTION_REFUSED @ http://localhost:8099/stream:0
[ 2895207ms] [ERROR] Failed to load resource: net::ERR_CONNECTION_REFUSED @ http://localhost:8099/stream:0
[ 2898211ms] [ERROR] Failed to load resource: net::ERR_CONNECTION_REFUSED @ http://localhost:8099/stream:0
[ 2901214ms] [ERROR] Failed to load resource: net::ERR_CONNECTION_REFUSED @ http://localhost:8099/stream:0
[ 2904217ms] [ERROR] Failed to load resource: net::ERR_CONNECTION_REFUSED @ http://localhost:8099/stream:0
[ 2907220ms] [ERROR] Failed to load resource: net::ERR_CONNECTION_REFUSED @ http://localhost:8099/stream:0
[ 2910224ms] [ERROR] Failed to load resource: net::ERR_CONNECTION_REFUSED @ http://localhost:8099/stream:0
[ 2913229ms] [ERROR] Failed to load resource: net::ERR_CONNECTION_REFUSED @ http://localhost:8099/stream:0
[ 2916233ms] [ERROR] Failed to load resource: net::ERR_CONNECTION_REFUSED @ http://localhost:8099/stream:0
[ 2919236ms] [ERROR] Failed to load resource: net::ERR_CONNECTION_REFUSED @ http://localhost:8099/stream:0
[ 2922240ms] [ERROR] Failed to load resource: net::ERR_CONNECTION_REFUSED @ http://localhost:8099/stream:0
[ 2925244ms] [ERROR] Failed to load resource: net::ERR_CONNECTION_REFUSED @ http://localhost:8099/stream:0
[ 2928247ms] [ERROR] Failed to load resource: net::ERR_CONNECTION_REFUSED @ http://localhost:8099/stream:0
[ 2931251ms] [ERROR] Failed to load resource: net::ERR_CONNECTION_REFUSED @ http://localhost:8099/stream:0
[ 2934256ms] [ERROR] Failed to load resource: net::ERR_CONNECTION_REFUSED @ http://localhost:8099/stream:0
[ 2937260ms] [ERROR] Failed to load resource: net::ERR_CONNECTION_REFUSED @ http://localhost:8099/stream:0
[ 2940263ms] [ERROR] Failed to load resource: net::ERR_CONNECTION_REFUSED @ http://localhost:8099/stream:0
[ 2943267ms] [ERROR] Failed to load resource: net::ERR_CONNECTION_REFUSED @ http://localhost:8099/stream:0
[ 2946271ms] [ERROR] Failed to load resource: net::ERR_CONNECTION_REFUSED @ http://localhost:8099/stream:0
[ 2949274ms] [ERROR] Failed to load resource: net::ERR_CONNECTION_REFUSED @ http://localhost:8099/stream:0
[ 2952278ms] [ERROR] Failed to load resource: net::ERR_CONNECTION_REFUSED @ http://localhost:8099/stream:0
[ 2955283ms] [ERROR] Failed to load resource: net::ERR_CONNECTION_REFUSED @ http://localhost:8099/stream:0
[ 2958287ms] [ERROR] Failed to load resource: net::ERR_CONNECTION_REFUSED @ http://localhost:8099/stream:0
[ 2961292ms] [ERROR] Failed to load resource: net::ERR_CONNECTION_REFUSED @ http://localhost:8099/stream:0
[ 2964295ms] [ERROR] Failed to load resource: net::ERR_CONNECTION_REFUSED @ http://localhost:8099/stream:0
[ 2967300ms] [ERROR] Failed to load resource: net::ERR_CONNECTION_REFUSED @ http://localhost:8099/stream:0
[ 2970304ms] [ERROR] Failed to load resource: net::ERR_CONNECTION_REFUSED @ http://localhost:8099/stream:0
[ 2973308ms] [ERROR] Failed to load resource: net::ERR_CONNECTION_REFUSED @ http://localhost:8099/stream:0
[ 2976313ms] [ERROR] Failed to load resource: net::ERR_CONNECTION_REFUSED @ http://localhost:8099/stream:0
[ 2979317ms] [ERROR] Failed to load resource: net::ERR_CONNECTION_REFUSED @ http://localhost:8099/stream:0
[ 2982321ms] [ERROR] Failed to load resource: net::ERR_CONNECTION_REFUSED @ http://localhost:8099/stream:0
[ 2985324ms] [ERROR] Failed to load resource: net::ERR_CONNECTION_REFUSED @ http://localhost:8099/stream:0
[ 2988328ms] [ERROR] Failed to load resource: net::ERR_CONNECTION_REFUSED @ http://localhost:8099/stream:0
[ 2991332ms] [ERROR] Failed to load resource: net::ERR_CONNECTION_REFUSED @ http://localhost:8099/stream:0
[ 2994338ms] [ERROR] Failed to load resource: net::ERR_CONNECTION_REFUSED @ http://localhost:8099/stream:0
[ 2997341ms] [ERROR] Failed to load resource: net::ERR_CONNECTION_REFUSED @ http://localhost:8099/stream:0
[ 3000345ms] [ERROR] Failed to load resource: net::ERR_CONNECTION_REFUSED @ http://localhost:8099/stream:0
[ 3003348ms] [ERROR] Failed to load resource: net::ERR_CONNECTION_REFUSED @ http://localhost:8099/stream:0
[ 3006353ms] [ERROR] Failed to load resource: net::ERR_CONNECTION_REFUSED @ http://localhost:8099/stream:0
[ 3009357ms] [ERROR] Failed to load resource: net::ERR_CONNECTION_REFUSED @ http://localhost:8099/stream:0
[ 3012360ms] [ERROR] Failed to load resource: net::ERR_CONNECTION_REFUSED @ http://localhost:8099/stream:0
[ 3015364ms] [ERROR] Failed to load resource: net::ERR_CONNECTION_REFUSED @ http://localhost:8099/stream:0
[ 3018368ms] [ERROR] Failed to load resource: net::ERR_CONNECTION_REFUSED @ http://localhost:8099/stream:0
[ 3021374ms] [ERROR] Failed to load resource: net::ERR_CONNECTION_REFUSED @ http://localhost:8099/stream:0
[ 3024378ms] [ERROR] Failed to load resource: net::ERR_CONNECTION_REFUSED @ http://localhost:8099/stream:0
[ 3027382ms] [ERROR] Failed to load resource: net::ERR_CONNECTION_REFUSED @ http://localhost:8099/stream:0
[ 3030386ms] [ERROR] Failed to load resource: net::ERR_CONNECTION_REFUSED @ http://localhost:8099/stream:0
[ 3033390ms] [ERROR] Failed to load resource: net::ERR_CONNECTION_REFUSED @ http://localhost:8099/stream:0
[ 3036393ms] [ERROR] Failed to load resource: net::ERR_CONNECTION_REFUSED @ http://localhost:8099/stream:0
[ 3039396ms] [ERROR] Failed to load resource: net::ERR_CONNECTION_REFUSED @ http://localhost:8099/stream:0
[ 3042400ms] [ERROR] Failed to load resource: net::ERR_CONNECTION_REFUSED @ http://localhost:8099/stream:0
[ 3045404ms] [ERROR] Failed to load resource: net::ERR_CONNECTION_REFUSED @ http://localhost:8099/stream:0
[ 3048409ms] [ERROR] Failed to load resource: net::ERR_CONNECTION_REFUSED @ http://localhost:8099/stream:0
[ 3051413ms] [ERROR] Failed to load resource: net::ERR_CONNECTION_REFUSED @ http://localhost:8099/stream:0
[ 3054417ms] [ERROR] Failed to load resource: net::ERR_CONNECTION_REFUSED @ http://localhost:8099/stream:0
[ 3057421ms] [ERROR] Failed to load resource: net::ERR_CONNECTION_REFUSED @ http://localhost:8099/stream:0
[ 3060423ms] [ERROR] Failed to load resource: net::ERR_CONNECTION_REFUSED @ http://localhost:8099/stream:0
[ 3063428ms] [ERROR] Failed to load resource: net::ERR_CONNECTION_REFUSED @ http://localhost:8099/stream:0
[ 3066435ms] [ERROR] Failed to load resource: net::ERR_CONNECTION_REFUSED @ http://localhost:8099/stream:0
[ 3069440ms] [ERROR] Failed to load resource: net::ERR_CONNECTION_REFUSED @ http://localhost:8099/stream:0
[ 3072444ms] [ERROR] Failed to load resource: net::ERR_CONNECTION_REFUSED @ http://localhost:8099/stream:0
[ 3075447ms] [ERROR] Failed to load resource: net::ERR_CONNECTION_REFUSED @ http://localhost:8099/stream:0
[ 3078451ms] [ERROR] Failed to load resource: net::ERR_CONNECTION_REFUSED @ http://localhost:8099/stream:0
[ 3081456ms] [ERROR] Failed to load resource: net::ERR_CONNECTION_REFUSED @ http://localhost:8099/stream:0
[ 3084460ms] [ERROR] Failed to load resource: net::ERR_CONNECTION_REFUSED @ http://localhost:8099/stream:0
[ 3087464ms] [ERROR] Failed to load resource: net::ERR_CONNECTION_REFUSED @ http://localhost:8099/stream:0
[ 3090468ms] [ERROR] Failed to load resource: net::ERR_CONNECTION_REFUSED @ http://localhost:8099/stream:0
[ 3093471ms] [ERROR] Failed to load resource: net::ERR_CONNECTION_REFUSED @ http://localhost:8099/stream:0
[ 3096475ms] [ERROR] Failed to load resource: net::ERR_CONNECTION_REFUSED @ http://localhost:8099/stream:0
[ 3099479ms] [ERROR] Failed to load resource: net::ERR_CONNECTION_REFUSED @ http://localhost:8099/stream:0
[ 3102483ms] [ERROR] Failed to load resource: net::ERR_CONNECTION_REFUSED @ http://localhost:8099/stream:0
[ 3105489ms] [ERROR] Failed to load resource: net::ERR_CONNECTION_REFUSED @ http://localhost:8099/stream:0
[ 3108493ms] [ERROR] Failed to load resource: net::ERR_CONNECTION_REFUSED @ http://localhost:8099/stream:0
[ 3111496ms] [ERROR] Failed to load resource: net::ERR_CONNECTION_REFUSED @ http://localhost:8099/stream:0
[ 3114500ms] [ERROR] Failed to load resource: net::ERR_CONNECTION_REFUSED @ http://localhost:8099/stream:0
[ 3117505ms] [ERROR] Failed to load resource: net::ERR_CONNECTION_REFUSED @ http://localhost:8099/stream:0
[ 3120510ms] [ERROR] Failed to load resource: net::ERR_CONNECTION_REFUSED @ http://localhost:8099/stream:0
[ 3123514ms] [ERROR] Failed to load resource: net::ERR_CONNECTION_REFUSED @ http://localhost:8099/stream:0
[ 3126518ms] [ERROR] Failed to load resource: net::ERR_CONNECTION_REFUSED @ http://localhost:8099/stream:0
[ 3129522ms] [ERROR] Failed to load resource: net::ERR_CONNECTION_REFUSED @ http://localhost:8099/stream:0
[ 3132525ms] [ERROR] Failed to load resource: net::ERR_CONNECTION_REFUSED @ http://localhost:8099/stream:0
[ 3135528ms] [ERROR] Failed to load resource: net::ERR_CONNECTION_REFUSED @ http://localhost:8099/stream:0
[ 3138533ms] [ERROR] Failed to load resource: net::ERR_CONNECTION_REFUSED @ http://localhost:8099/stream:0
[ 3141538ms] [ERROR] Failed to load resource: net::ERR_CONNECTION_REFUSED @ http://localhost:8099/stream:0
[ 3144542ms] [ERROR] Failed to load resource: net::ERR_CONNECTION_REFUSED @ http://localhost:8099/stream:0
[ 3147545ms] [ERROR] Failed to load resource: net::ERR_CONNECTION_REFUSED @ http://localhost:8099/stream:0
[ 3150550ms] [ERROR] Failed to load resource: net::ERR_CONNECTION_REFUSED @ http://localhost:8099/stream:0
[ 3153556ms] [ERROR] Failed to load resource: net::ERR_CONNECTION_REFUSED @ http://localhost:8099/stream:0
[ 3156560ms] [ERROR] Failed to load resource: net::ERR_CONNECTION_REFUSED @ http://localhost:8099/stream:0
[ 3159566ms] [ERROR] Failed to load resource: net::ERR_CONNECTION_REFUSED @ http://localhost:8099/stream:0
[ 3162568ms] [ERROR] Failed to load resource: net::ERR_CONNECTION_REFUSED @ http://localhost:8099/stream:0
[ 3165572ms] [ERROR] Failed to load resource: net::ERR_CONNECTION_REFUSED @ http://localhost:8099/stream:0
[ 3168575ms] [ERROR] Failed to load resource: net::ERR_CONNECTION_REFUSED @ http://localhost:8099/stream:0
[ 3171579ms] [ERROR] Failed to load resource: net::ERR_CONNECTION_REFUSED @ http://localhost:8099/stream:0
[ 3174584ms] [ERROR] Failed to load resource: net::ERR_CONNECTION_REFUSED @ http://localhost:8099/stream:0
[ 3177588ms] [ERROR] Failed to load resource: net::ERR_CONNECTION_REFUSED @ http://localhost:8099/stream:0
[ 3180592ms] [ERROR] Failed to load resource: net::ERR_CONNECTION_REFUSED @ http://localhost:8099/stream:0
[ 3183596ms] [ERROR] Failed to load resource: net::ERR_CONNECTION_REFUSED @ http://localhost:8099/stream:0
[ 3186599ms] [ERROR] Failed to load resource: net::ERR_CONNECTION_REFUSED @ http://localhost:8099/stream:0
[ 3189603ms] [ERROR] Failed to load resource: net::ERR_CONNECTION_REFUSED @ http://localhost:8099/stream:0
[ 3192608ms] [ERROR] Failed to load resource: net::ERR_CONNECTION_REFUSED @ http://localhost:8099/stream:0
[ 3195612ms] [ERROR] Failed to load resource: net::ERR_CONNECTION_REFUSED @ http://localhost:8099/stream:0
[ 3198616ms] [ERROR] Failed to load resource: net::ERR_CONNECTION_REFUSED @ http://localhost:8099/stream:0
[ 3201620ms] [ERROR] Failed to load resource: net::ERR_CONNECTION_REFUSED @ http://localhost:8099/stream:0
[ 3204624ms] [ERROR] Failed to load resource: net::ERR_CONNECTION_REFUSED @ http://localhost:8099/stream:0
[ 3207629ms] [ERROR] Failed to load resource: net::ERR_CONNECTION_REFUSED @ http://localhost:8099/stream:0
[ 3210632ms] [ERROR] Failed to load resource: net::ERR_CONNECTION_REFUSED @ http://localhost:8099/stream:0
[ 3213636ms] [ERROR] Failed to load resource: net::ERR_CONNECTION_REFUSED @ http://localhost:8099/stream:0
[ 3216640ms] [ERROR] Failed to load resource: net::ERR_CONNECTION_REFUSED @ http://localhost:8099/stream:0
[ 3219644ms] [ERROR] Failed to load resource: net::ERR_CONNECTION_REFUSED @ http://localhost:8099/stream:0
[ 3222648ms] [ERROR] Failed to load resource: net::ERR_CONNECTION_REFUSED @ http://localhost:8099/stream:0
[ 3225652ms] [ERROR] Failed to load resource: net::ERR_CONNECTION_REFUSED @ http://localhost:8099/stream:0
[ 3228656ms] [ERROR] Failed to load resource: net::ERR_CONNECTION_REFUSED @ http://localhost:8099/stream:0
[ 3231660ms] [ERROR] Failed to load resource: net::ERR_CONNECTION_REFUSED @ http://localhost:8099/stream:0
[ 3234665ms] [ERROR] Failed to load resource: net::ERR_CONNECTION_REFUSED @ http://localhost:8099/stream:0
[ 3237669ms] [ERROR] Failed to load resource: net::ERR_CONNECTION_REFUSED @ http://localhost:8099/stream:0
[ 3240673ms] [ERROR] Failed to load resource: net::ERR_CONNECTION_REFUSED @ http://localhost:8099/stream:0
[ 3243678ms] [ERROR] Failed to load resource: net::ERR_CONNECTION_REFUSED @ http://localhost:8099/stream:0
[ 3246681ms] [ERROR] Failed to load resource: net::ERR_CONNECTION_REFUSED @ http://localhost:8099/stream:0
[ 3249686ms] [ERROR] Failed to load resource: net::ERR_CONNECTION_REFUSED @ http://localhost:8099/stream:0
[ 3252689ms] [ERROR] Failed to load resource: net::ERR_CONNECTION_REFUSED @ http://localhost:8099/stream:0
[ 3255694ms] [ERROR] Failed to load resource: net::ERR_CONNECTION_REFUSED @ http://localhost:8099/stream:0
[ 3258698ms] [ERROR] Failed to load resource: net::ERR_CONNECTION_REFUSED @ http://localhost:8099/stream:0
[ 3261702ms] [ERROR] Failed to load resource: net::ERR_CONNECTION_REFUSED @ http://localhost:8099/stream:0
[ 3264707ms] [ERROR] Failed to load resource: net::ERR_CONNECTION_REFUSED @ http://localhost:8099/stream:0
[ 3267711ms] [ERROR] Failed to load resource: net::ERR_CONNECTION_REFUSED @ http://localhost:8099/stream:0
[ 3270715ms] [ERROR] Failed to load resource: net::ERR_CONNECTION_REFUSED @ http://localhost:8099/stream:0
[ 3273723ms] [ERROR] Failed to load resource: net::ERR_CONNECTION_REFUSED @ http://localhost:8099/stream:0
[ 3276725ms] [ERROR] Failed to load resource: net::ERR_CONNECTION_REFUSED @ http://localhost:8099/stream:0
[ 3279729ms] [ERROR] Failed to load resource: net::ERR_CONNECTION_REFUSED @ http://localhost:8099/stream:0
[ 3282734ms] [ERROR] Failed to load resource: net::ERR_CONNECTION_REFUSED @ http://localhost:8099/stream:0
[ 3285737ms] [ERROR] Failed to load resource: net::ERR_CONNECTION_REFUSED @ http://localhost:8099/stream:0
[ 3288741ms] [ERROR] Failed to load resource: net::ERR_CONNECTION_REFUSED @ http://localhost:8099/stream:0
[ 3291747ms] [ERROR] Failed to load resource: net::ERR_CONNECTION_REFUSED @ http://localhost:8099/stream:0
[ 3294751ms] [ERROR] Failed to load resource: net::ERR_CONNECTION_REFUSED @ http://localhost:8099/stream:0
[ 3297754ms] [ERROR] Failed to load resource: net::ERR_CONNECTION_REFUSED @ http://localhost:8099/stream:0
[ 3300758ms] [ERROR] Failed to load resource: net::ERR_CONNECTION_REFUSED @ http://localhost:8099/stream:0
[ 3303763ms] [ERROR] Failed to load resource: net::ERR_CONNECTION_REFUSED @ http://localhost:8099/stream:0
[ 3306766ms] [ERROR] Failed to load resource: net::ERR_CONNECTION_REFUSED @ http://localhost:8099/stream:0
[ 3309770ms] [ERROR] Failed to load resource: net::ERR_CONNECTION_REFUSED @ http://localhost:8099/stream:0
[ 3312774ms] [ERROR] Failed to load resource: net::ERR_CONNECTION_REFUSED @ http://localhost:8099/stream:0
[ 3315777ms] [ERROR] Failed to load resource: net::ERR_CONNECTION_REFUSED @ http://localhost:8099/stream:0
[ 3318781ms] [ERROR] Failed to load resource: net::ERR_CONNECTION_REFUSED @ http://localhost:8099/stream:0
[ 3321784ms] [ERROR] Failed to load resource: net::ERR_CONNECTION_REFUSED @ http://localhost:8099/stream:0
[ 3324789ms] [ERROR] Failed to load resource: net::ERR_CONNECTION_REFUSED @ http://localhost:8099/stream:0
[ 3327792ms] [ERROR] Failed to load resource: net::ERR_CONNECTION_REFUSED @ http://localhost:8099/stream:0
[ 3330796ms] [ERROR] Failed to load resource: net::ERR_CONNECTION_REFUSED @ http://localhost:8099/stream:0
[ 3333800ms] [ERROR] Failed to load resource: net::ERR_CONNECTION_REFUSED @ http://localhost:8099/stream:0
[ 3336803ms] [ERROR] Failed to load resource: net::ERR_CONNECTION_REFUSED @ http://localhost:8099/stream:0
[ 3339807ms] [ERROR] Failed to load resource: net::ERR_CONNECTION_REFUSED @ http://localhost:8099/stream:0
[ 3342812ms] [ERROR] Failed to load resource: net::ERR_CONNECTION_REFUSED @ http://localhost:8099/stream:0
[ 3345816ms] [ERROR] Failed to load resource: net::ERR_CONNECTION_REFUSED @ http://localhost:8099/stream:0
[ 3348821ms] [ERROR] Failed to load resource: net::ERR_CONNECTION_REFUSED @ http://localhost:8099/stream:0
[ 3351825ms] [ERROR] Failed to load resource: net::ERR_CONNECTION_REFUSED @ http://localhost:8099/stream:0
[ 3354829ms] [ERROR] Failed to load resource: net::ERR_CONNECTION_REFUSED @ http://localhost:8099/stream:0
[ 3357833ms] [ERROR] Failed to load resource: net::ERR_CONNECTION_REFUSED @ http://localhost:8099/stream:0
[ 3360836ms] [ERROR] Failed to load resource: net::ERR_CONNECTION_REFUSED @ http://localhost:8099/stream:0
[ 3363840ms] [ERROR] Failed to load resource: net::ERR_CONNECTION_REFUSED @ http://localhost:8099/stream:0
[ 3366843ms] [ERROR] Failed to load resource: net::ERR_CONNECTION_REFUSED @ http://localhost:8099/stream:0
[ 3369847ms] [ERROR] Failed to load resource: net::ERR_CONNECTION_REFUSED @ http://localhost:8099/stream:0
[ 3372852ms] [ERROR] Failed to load resource: net::ERR_CONNECTION_REFUSED @ http://localhost:8099/stream:0
[ 3375856ms] [ERROR] Failed to load resource: net::ERR_CONNECTION_REFUSED @ http://localhost:8099/stream:0
[ 3378860ms] [ERROR] Failed to load resource: net::ERR_CONNECTION_REFUSED @ http://localhost:8099/stream:0
[ 3381863ms] [ERROR] Failed to load resource: net::ERR_CONNECTION_REFUSED @ http://localhost:8099/stream:0
[ 3384868ms] [ERROR] Failed to load resource: net::ERR_CONNECTION_REFUSED @ http://localhost:8099/stream:0
[ 3387871ms] [ERROR] Failed to load resource: net::ERR_CONNECTION_REFUSED @ http://localhost:8099/stream:0
[ 3390875ms] [ERROR] Failed to load resource: net::ERR_CONNECTION_REFUSED @ http://localhost:8099/stream:0
[ 3393878ms] [ERROR] Failed to load resource: net::ERR_CONNECTION_REFUSED @ http://localhost:8099/stream:0
[ 3396883ms] [ERROR] Failed to load resource: net::ERR_CONNECTION_REFUSED @ http://localhost:8099/stream:0
[ 3399887ms] [ERROR] Failed to load resource: net::ERR_CONNECTION_REFUSED @ http://localhost:8099/stream:0
[ 3402891ms] [ERROR] Failed to load resource: net::ERR_CONNECTION_REFUSED @ http://localhost:8099/stream:0
[ 3405894ms] [ERROR] Failed to load resource: net::ERR_CONNECTION_REFUSED @ http://localhost:8099/stream:0
[ 3408899ms] [ERROR] Failed to load resource: net::ERR_CONNECTION_REFUSED @ http://localhost:8099/stream:0
[ 3411903ms] [ERROR] Failed to load resource: net::ERR_CONNECTION_REFUSED @ http://localhost:8099/stream:0
[ 3414909ms] [ERROR] Failed to load resource: net::ERR_CONNECTION_REFUSED @ http://localhost:8099/stream:0
[ 3417913ms] [ERROR] Failed to load resource: net::ERR_CONNECTION_REFUSED @ http://localhost:8099/stream:0
[ 3420917ms] [ERROR] Failed to load resource: net::ERR_CONNECTION_REFUSED @ http://localhost:8099/stream:0
[ 3423922ms] [ERROR] Failed to load resource: net::ERR_CONNECTION_REFUSED @ http://localhost:8099/stream:0
[ 3426926ms] [ERROR] Failed to load resource: net::ERR_CONNECTION_REFUSED @ http://localhost:8099/stream:0
[ 3429929ms] [ERROR] Failed to load resource: net::ERR_CONNECTION_REFUSED @ http://localhost:8099/stream:0
[ 3432933ms] [ERROR] Failed to load resource: net::ERR_CONNECTION_REFUSED @ http://localhost:8099/stream:0
[ 3435938ms] [ERROR] Failed to load resource: net::ERR_CONNECTION_REFUSED @ http://localhost:8099/stream:0
[ 3438941ms] [ERROR] Failed to load resource: net::ERR_CONNECTION_REFUSED @ http://localhost:8099/stream:0
[ 3441945ms] [ERROR] Failed to load resource: net::ERR_CONNECTION_REFUSED @ http://localhost:8099/stream:0
[ 3444950ms] [ERROR] Failed to load resource: net::ERR_CONNECTION_REFUSED @ http://localhost:8099/stream:0
[ 3447954ms] [ERROR] Failed to load resource: net::ERR_CONNECTION_REFUSED @ http://localhost:8099/stream:0
[ 3450958ms] [ERROR] Failed to load resource: net::ERR_CONNECTION_REFUSED @ http://localhost:8099/stream:0
[ 3453962ms] [ERROR] Failed to load resource: net::ERR_CONNECTION_REFUSED @ http://localhost:8099/stream:0
[ 3456966ms] [ERROR] Failed to load resource: net::ERR_CONNECTION_REFUSED @ http://localhost:8099/stream:0
[ 3459970ms] [ERROR] Failed to load resource: net::ERR_CONNECTION_REFUSED @ http://localhost:8099/stream:0
[ 3462977ms] [ERROR] Failed to load resource: net::ERR_CONNECTION_REFUSED @ http://localhost:8099/stream:0
[ 3465980ms] [ERROR] Failed to load resource: net::ERR_CONNECTION_REFUSED @ http://localhost:8099/stream:0
[ 3468984ms] [ERROR] Failed to load resource: net::ERR_CONNECTION_REFUSED @ http://localhost:8099/stream:0
[ 3471988ms] [ERROR] Failed to load resource: net::ERR_CONNECTION_REFUSED @ http://localhost:8099/stream:0
[ 3474993ms] [ERROR] Failed to load resource: net::ERR_CONNECTION_REFUSED @ http://localhost:8099/stream:0
[ 3477998ms] [ERROR] Failed to load resource: net::ERR_CONNECTION_REFUSED @ http://localhost:8099/stream:0
[ 3481002ms] [ERROR] Failed to load resource: net::ERR_CONNECTION_REFUSED @ http://localhost:8099/stream:0
[ 3484006ms] [ERROR] Failed to load resource: net::ERR_CONNECTION_REFUSED @ http://localhost:8099/stream:0
[ 3487009ms] [ERROR] Failed to load resource: net::ERR_CONNECTION_REFUSED @ http://localhost:8099/stream:0
[ 3490013ms] [ERROR] Failed to load resource: net::ERR_CONNECTION_REFUSED @ http://localhost:8099/stream:0
[ 3493016ms] [ERROR] Failed to load resource: net::ERR_CONNECTION_REFUSED @ http://localhost:8099/stream:0
[ 3496020ms] [ERROR] Failed to load resource: net::ERR_CONNECTION_REFUSED @ http://localhost:8099/stream:0
[ 3499023ms] [ERROR] Failed to load resource: net::ERR_CONNECTION_REFUSED @ http://localhost:8099/stream:0
[ 3502027ms] [ERROR] Failed to load resource: net::ERR_CONNECTION_REFUSED @ http://localhost:8099/stream:0
[ 3505030ms] [ERROR] Failed to load resource: net::ERR_CONNECTION_REFUSED @ http://localhost:8099/stream:0
[ 3508034ms] [ERROR] Failed to load resource: net::ERR_CONNECTION_REFUSED @ http://localhost:8099/stream:0
[ 3511038ms] [ERROR] Failed to load resource: net::ERR_CONNECTION_REFUSED @ http://localhost:8099/stream:0
[ 3514042ms] [ERROR] Failed to load resource: net::ERR_CONNECTION_REFUSED @ http://localhost:8099/stream:0
[ 3517048ms] [ERROR] Failed to load resource: net::ERR_CONNECTION_REFUSED @ http://localhost:8099/stream:0
[ 3520052ms] [ERROR] Failed to load resource: net::ERR_CONNECTION_REFUSED @ http://localhost:8099/stream:0
[ 3523056ms] [ERROR] Failed to load resource: net::ERR_CONNECTION_REFUSED @ http://localhost:8099/stream:0
[ 3526060ms] [ERROR] Failed to load resource: net::ERR_CONNECTION_REFUSED @ http://localhost:8099/stream:0
[ 3529069ms] [ERROR] Failed to load resource: net::ERR_CONNECTION_REFUSED @ http://localhost:8099/stream:0
[ 3532084ms] [ERROR] Failed to load resource: net::ERR_CONNECTION_REFUSED @ http://localhost:8099/stream:0
[ 3535097ms] [ERROR] Failed to load resource: net::ERR_CONNECTION_REFUSED @ http://localhost:8099/stream:0
[ 3830358ms] [ERROR] Failed to load resource: net::ERR_CONNECTION_REFUSED @ http://localhost:8099/stream:0
[ 3833413ms] [ERROR] Failed to load resource: net::ERR_CONNECTION_REFUSED @ http://localhost:8099/stream:0
[ 3836419ms] [ERROR] Failed to load resource: net::ERR_CONNECTION_REFUSED @ http://localhost:8099/stream:0
[ 3839424ms] [ERROR] Failed to load resource: net::ERR_CONNECTION_REFUSED @ http://localhost:8099/stream:0
[ 3842428ms] [ERROR] Failed to load resource: net::ERR_CONNECTION_REFUSED @ http://localhost:8099/stream:0
[ 3845439ms] [ERROR] Failed to load resource: net::ERR_CONNECTION_REFUSED @ http://localhost:8099/stream:0
[ 3848444ms] [ERROR] Failed to load resource: net::ERR_CONNECTION_REFUSED @ http://localhost:8099/stream:0
[ 3851449ms] [ERROR] Failed to load resource: net::ERR_CONNECTION_REFUSED @ http://localhost:8099/stream:0
[ 3854457ms] [ERROR] Failed to load resource: net::ERR_CONNECTION_REFUSED @ http://localhost:8099/stream:0
[ 3857462ms] [ERROR] Failed to load resource: net::ERR_CONNECTION_REFUSED @ http://localhost:8099/stream:0
[ 3860467ms] [ERROR] Failed to load resource: net::ERR_CONNECTION_REFUSED @ http://localhost:8099/stream:0
[ 3863473ms] [ERROR] Failed to load resource: net::ERR_CONNECTION_REFUSED @ http://localhost:8099/stream:0
[ 3866479ms] [ERROR] Failed to load resource: net::ERR_CONNECTION_REFUSED @ http://localhost:8099/stream:0
[ 3869485ms] [ERROR] Failed to load resource: net::ERR_CONNECTION_REFUSED @ http://localhost:8099/stream:0
[ 3872489ms] [ERROR] Failed to load resource: net::ERR_CONNECTION_REFUSED @ http://localhost:8099/stream:0
[ 3875495ms] [ERROR] Failed to load resource: net::ERR_CONNECTION_REFUSED @ http://localhost:8099/stream:0
[ 4836306ms] [ERROR] Failed to load resource: net::ERR_CONNECTION_REFUSED @ http://localhost:8099/stream:0
[ 4839314ms] [ERROR] Failed to load resource: net::ERR_CONNECTION_REFUSED @ http://localhost:8099/stream:0
[ 5839839ms] [ERROR] Failed to load resource: net::ERR_CONNECTION_REFUSED @ http://localhost:8099/stream:0
[ 5842840ms] [ERROR] Failed to load resource: net::ERR_CONNECTION_REFUSED @ http://localhost:8099/stream:0
[ 6792460ms] [ERROR] Failed to load resource: net::ERR_CONNECTION_REFUSED @ http://localhost:8099/stream:0
[ 6795460ms] [ERROR] Failed to load resource: net::ERR_CONNECTION_REFUSED @ http://localhost:8099/stream:0
[ 7027016ms] [ERROR] Failed to load resource: net::ERR_CONNECTION_REFUSED @ http://localhost:8099/stream:0
[ 7030017ms] [ERROR] Failed to load resource: net::ERR_CONNECTION_REFUSED @ http://localhost:8099/stream:0
[ 7033022ms] [ERROR] Failed to load resource: net::ERR_CONNECTION_REFUSED @ http://localhost:8099/stream:0
[ 7036025ms] [ERROR] Failed to load resource: net::ERR_CONNECTION_REFUSED @ http://localhost:8099/stream:0
[ 7039029ms] [ERROR] Failed to load resource: net::ERR_CONNECTION_REFUSED @ http://localhost:8099/stream:0
[ 7042034ms] [ERROR] Failed to load resource: net::ERR_CONNECTION_REFUSED @ http://localhost:8099/stream:0
[ 7045038ms] [ERROR] Failed to load resource: net::ERR_CONNECTION_REFUSED @ http://localhost:8099/stream:0
[ 7048042ms] [ERROR] Failed to load resource: net::ERR_CONNECTION_REFUSED @ http://localhost:8099/stream:0
[ 7051045ms] [ERROR] Failed to load resource: net::ERR_CONNECTION_REFUSED @ http://localhost:8099/stream:0
[ 7054049ms] [ERROR] Failed to load resource: net::ERR_CONNECTION_REFUSED @ http://localhost:8099/stream:0
[ 7057053ms] [ERROR] Failed to load resource: net::ERR_CONNECTION_REFUSED @ http://localhost:8099/stream:0
[ 7060058ms] [ERROR] Failed to load resource: net::ERR_CONNECTION_REFUSED @ http://localhost:8099/stream:0
[ 7063064ms] [ERROR] Failed to load resource: net::ERR_CONNECTION_REFUSED @ http://localhost:8099/stream:0
[ 7066068ms] [ERROR] Failed to load resource: net::ERR_CONNECTION_REFUSED @ http://localhost:8099/stream:0
[ 7069074ms] [ERROR] Failed to load resource: net::ERR_CONNECTION_REFUSED @ http://localhost:8099/stream:0
[ 8147922ms] [ERROR] Failed to load resource: net::ERR_CONNECTION_REFUSED @ http://localhost:8099/stream:0
[ 8150930ms] [ERROR] Failed to load resource: net::ERR_CONNECTION_REFUSED @ http://localhost:8099/stream:0
[ 8826417ms] [ERROR] Failed to load resource: net::ERR_CONNECTION_REFUSED @ http://localhost:8099/stream:0
[ 8829428ms] [ERROR] Failed to load resource: net::ERR_CONNECTION_REFUSED @ http://localhost:8099/stream:0
[ 8832432ms] [ERROR] Failed to load resource: net::ERR_CONNECTION_REFUSED @ http://localhost:8099/stream:0
[ 8835438ms] [ERROR] Failed to load resource: net::ERR_CONNECTION_REFUSED @ http://localhost:8099/stream:0
[ 8838446ms] [ERROR] Failed to load resource: net::ERR_CONNECTION_REFUSED @ http://localhost:8099/stream:0
[ 8841451ms] [ERROR] Failed to load resource: net::ERR_CONNECTION_REFUSED @ http://localhost:8099/stream:0
[ 8844456ms] [ERROR] Failed to load resource: net::ERR_CONNECTION_REFUSED @ http://localhost:8099/stream:0
[ 8847461ms] [ERROR] Failed to load resource: net::ERR_CONNECTION_REFUSED @ http://localhost:8099/stream:0
[ 8850467ms] [ERROR] Failed to load resource: net::ERR_CONNECTION_REFUSED @ http://localhost:8099/stream:0
[ 8853474ms] [ERROR] Failed to load resource: net::ERR_CONNECTION_REFUSED @ http://localhost:8099/stream:0
[ 8856478ms] [ERROR] Failed to load resource: net::ERR_CONNECTION_REFUSED @ http://localhost:8099/stream:0
[ 8859484ms] [ERROR] Failed to load resource: net::ERR_CONNECTION_REFUSED @ http://localhost:8099/stream:0
[ 8862489ms] [ERROR] Failed to load resource: net::ERR_CONNECTION_REFUSED @ http://localhost:8099/stream:0
[ 8865495ms] [ERROR] Failed to load resource: net::ERR_CONNECTION_REFUSED @ http://localhost:8099/stream:0
[ 8868500ms] [ERROR] Failed to load resource: net::ERR_CONNECTION_REFUSED @ http://localhost:8099/stream:0
[ 8871506ms] [ERROR] Failed to load resource: net::ERR_CONNECTION_REFUSED @ http://localhost:8099/stream:0
[ 8882021ms] [ERROR] Failed to load resource: net::ERR_CONNECTION_REFUSED @ http://localhost:8099/stream:0
[ 8885026ms] [ERROR] Failed to load resource: net::ERR_CONNECTION_REFUSED @ http://localhost:8099/stream:0
[ 8888032ms] [ERROR] Failed to load resource: net::ERR_CONNECTION_REFUSED @ http://localhost:8099/stream:0
[ 8891038ms] [ERROR] Failed to load resource: net::ERR_CONNECTION_REFUSED @ http://localhost:8099/stream:0
[ 8894044ms] [ERROR] Failed to load resource: net::ERR_CONNECTION_REFUSED @ http://localhost:8099/stream:0
[ 8897048ms] [ERROR] Failed to load resource: net::ERR_CONNECTION_REFUSED @ http://localhost:8099/stream:0
[ 8900055ms] [ERROR] Failed to load resource: net::ERR_CONNECTION_REFUSED @ http://localhost:8099/stream:0
[ 8903060ms] [ERROR] Failed to load resource: net::ERR_CONNECTION_REFUSED @ http://localhost:8099/stream:0
[ 8906065ms] [ERROR] Failed to load resource: net::ERR_CONNECTION_REFUSED @ http://localhost:8099/stream:0
[ 8909068ms] [ERROR] Failed to load resource: net::ERR_CONNECTION_REFUSED @ http://localhost:8099/stream:0
[ 8912073ms] [ERROR] Failed to load resource: net::ERR_CONNECTION_REFUSED @ http://localhost:8099/stream:0
[ 8915079ms] [ERROR] Failed to load resource: net::ERR_CONNECTION_REFUSED @ http://localhost:8099/stream:0
[ 8918086ms] [ERROR] Failed to load resource: net::ERR_CONNECTION_REFUSED @ http://localhost:8099/stream:0
[ 8921091ms] [ERROR] Failed to load resource: net::ERR_CONNECTION_REFUSED @ http://localhost:8099/stream:0
[ 8924095ms] [ERROR] Failed to load resource: net::ERR_CONNECTION_REFUSED @ http://localhost:8099/stream:0
[ 9828979ms] [ERROR] Failed to load resource: net::ERR_CONNECTION_REFUSED @ http://localhost:8099/stream:0
[ 9831986ms] [ERROR] Failed to load resource: net::ERR_CONNECTION_REFUSED @ http://localhost:8099/stream:0
[ 9834991ms] [ERROR] Failed to load resource: net::ERR_CONNECTION_REFUSED @ http://localhost:8099/stream:0
[ 9837997ms] [ERROR] Failed to load resource: net::ERR_CONNECTION_REFUSED @ http://localhost:8099/stream:0
[ 9841004ms] [ERROR] Failed to load resource: net::ERR_CONNECTION_REFUSED @ http://localhost:8099/stream:0
[ 9844009ms] [ERROR] Failed to load resource: net::ERR_CONNECTION_REFUSED @ http://localhost:8099/stream:0
[ 9847014ms] [ERROR] Failed to load resource: net::ERR_CONNECTION_REFUSED @ http://localhost:8099/stream:0
[ 9850020ms] [ERROR] Failed to load resource: net::ERR_CONNECTION_REFUSED @ http://localhost:8099/stream:0
[ 9853026ms] [ERROR] Failed to load resource: net::ERR_CONNECTION_REFUSED @ http://localhost:8099/stream:0
[ 9856031ms] [ERROR] Failed to load resource: net::ERR_CONNECTION_REFUSED @ http://localhost:8099/stream:0
[ 9859034ms] [ERROR] Failed to load resource: net::ERR_CONNECTION_REFUSED @ http://localhost:8099/stream:0
[ 9862039ms] [ERROR] Failed to load resource: net::ERR_CONNECTION_REFUSED @ http://localhost:8099/stream:0
[ 9865045ms] [ERROR] Failed to load resource: net::ERR_CONNECTION_REFUSED @ http://localhost:8099/stream:0
[ 9868050ms] [ERROR] Failed to load resource: net::ERR_CONNECTION_REFUSED @ http://localhost:8099/stream:0
[ 9871056ms] [ERROR] Failed to load resource: net::ERR_CONNECTION_REFUSED @ http://localhost:8099/stream:0
[ 9874059ms] [ERROR] Failed to load resource: net::ERR_CONNECTION_REFUSED @ http://localhost:8099/stream:0
[10790252ms] [ERROR] Failed to load resource: net::ERR_CONNECTION_REFUSED @ http://localhost:8099/stream:0
[10793253ms] [ERROR] Failed to load resource: net::ERR_CONNECTION_REFUSED @ http://localhost:8099/stream:0
[10796255ms] [ERROR] Failed to load resource: net::ERR_CONNECTION_REFUSED @ http://localhost:8099/stream:0
[10799256ms] [ERROR] Failed to load resource: net::ERR_CONNECTION_REFUSED @ http://localhost:8099/stream:0
[10802258ms] [ERROR] Failed to load resource: net::ERR_CONNECTION_REFUSED @ http://localhost:8099/stream:0
[10805262ms] [ERROR] Failed to load resource: net::ERR_CONNECTION_REFUSED @ http://localhost:8099/stream:0
[10808264ms] [ERROR] Failed to load resource: net::ERR_CONNECTION_REFUSED @ http://localhost:8099/stream:0
[10811268ms] [ERROR] Failed to load resource: net::ERR_CONNECTION_REFUSED @ http://localhost:8099/stream:0
[10814272ms] [ERROR] Failed to load resource: net::ERR_CONNECTION_REFUSED @ http://localhost:8099/stream:0
[10817274ms] [ERROR] Failed to load resource: net::ERR_CONNECTION_REFUSED @ http://localhost:8099/stream:0
[10820277ms] [ERROR] Failed to load resource: net::ERR_CONNECTION_REFUSED @ http://localhost:8099/stream:0
[10823281ms] [ERROR] Failed to load resource: net::ERR_CONNECTION_REFUSED @ http://localhost:8099/stream:0
[10826287ms] [ERROR] Failed to load resource: net::ERR_CONNECTION_REFUSED @ http://localhost:8099/stream:0
[10829292ms] [ERROR] Failed to load resource: net::ERR_CONNECTION_REFUSED @ http://localhost:8099/stream:0
[10832297ms] [ERROR] Failed to load resource: net::ERR_CONNECTION_REFUSED @ http://localhost:8099/stream:0
[10835302ms] [ERROR] Failed to load resource: net::ERR_CONNECTION_REFUSED @ http://localhost:8099/stream:0
[11738421ms] [ERROR] Failed to load resource: net::ERR_CONNECTION_REFUSED @ http://localhost:8099/stream:0
[11741425ms] [ERROR] Failed to load resource: net::ERR_CONNECTION_REFUSED @ http://localhost:8099/stream:0
[11744434ms] [ERROR] Failed to load resource: net::ERR_CONNECTION_REFUSED @ http://localhost:8099/stream:0
[11747439ms] [ERROR] Failed to load resource: net::ERR_CONNECTION_REFUSED @ http://localhost:8099/stream:0
[11750446ms] [ERROR] Failed to load resource: net::ERR_CONNECTION_REFUSED @ http://localhost:8099/stream:0
[11753451ms] [ERROR] Failed to load resource: net::ERR_CONNECTION_REFUSED @ http://localhost:8099/stream:0
[11756457ms] [ERROR] Failed to load resource: net::ERR_CONNECTION_REFUSED @ http://localhost:8099/stream:0
[11759463ms] [ERROR] Failed to load resource: net::ERR_CONNECTION_REFUSED @ http://localhost:8099/stream:0
[11762469ms] [ERROR] Failed to load resource: net::ERR_CONNECTION_REFUSED @ http://localhost:8099/stream:0
[11765473ms] [ERROR] Failed to load resource: net::ERR_CONNECTION_REFUSED @ http://localhost:8099/stream:0
[11768478ms] [ERROR] Failed to load resource: net::ERR_CONNECTION_REFUSED @ http://localhost:8099/stream:0
[11771483ms] [ERROR] Failed to load resource: net::ERR_CONNECTION_REFUSED @ http://localhost:8099/stream:0
[11774488ms] [ERROR] Failed to load resource: net::ERR_CONNECTION_REFUSED @ http://localhost:8099/stream:0
[11777494ms] [ERROR] Failed to load resource: net::ERR_CONNECTION_REFUSED @ http://localhost:8099/stream:0
[11780499ms] [ERROR] Failed to load resource: net::ERR_CONNECTION_REFUSED @ http://localhost:8099/stream:0
[12705168ms] [ERROR] Failed to load resource: net::ERR_CONNECTION_REFUSED @ http://localhost:8099/stream:0
[12708175ms] [ERROR] Failed to load resource: net::ERR_CONNECTION_REFUSED @ http://localhost:8099/stream:0
[13172784ms] [ERROR] Failed to load resource: net::ERR_CONNECTION_REFUSED @ http://localhost:8099/stream:0
[13175791ms] [ERROR] Failed to load resource: net::ERR_CONNECTION_REFUSED @ http://localhost:8099/stream:0
[13178796ms] [ERROR] Failed to load resource: net::ERR_CONNECTION_REFUSED @ http://localhost:8099/stream:0
[13181801ms] [ERROR] Failed to load resource: net::ERR_CONNECTION_REFUSED @ http://localhost:8099/stream:0
[13184807ms] [ERROR] Failed to load resource: net::ERR_CONNECTION_REFUSED @ http://localhost:8099/stream:0
[13187810ms] [ERROR] Failed to load resource: net::ERR_CONNECTION_REFUSED @ http://localhost:8099/stream:0
[13190815ms] [ERROR] Failed to load resource: net::ERR_CONNECTION_REFUSED @ http://localhost:8099/stream:0
[13193821ms] [ERROR] Failed to load resource: net::ERR_CONNECTION_REFUSED @ http://localhost:8099/stream:0
[13196826ms] [ERROR] Failed to load resource: net::ERR_CONNECTION_REFUSED @ http://localhost:8099/stream:0
[13199832ms] [ERROR] Failed to load resource: net::ERR_CONNECTION_REFUSED @ http://localhost:8099/stream:0
[13202836ms] [ERROR] Failed to load resource: net::ERR_CONNECTION_REFUSED @ http://localhost:8099/stream:0
[13205842ms] [ERROR] Failed to load resource: net::ERR_CONNECTION_REFUSED @ http://localhost:8099/stream:0
[13208847ms] [ERROR] Failed to load resource: net::ERR_CONNECTION_REFUSED @ http://localhost:8099/stream:0
[13211853ms] [ERROR] Failed to load resource: net::ERR_CONNECTION_REFUSED @ http://localhost:8099/stream:0
[13214858ms] [ERROR] Failed to load resource: net::ERR_CONNECTION_REFUSED @ http://localhost:8099/stream:0
[13217864ms] [ERROR] Failed to load resource: net::ERR_CONNECTION_REFUSED @ http://localhost:8099/stream:0
[13425274ms] [ERROR] Failed to load resource: net::ERR_CONNECTION_REFUSED @ http://localhost:8099/stream:0
[13428280ms] [ERROR] Failed to load resource: net::ERR_CONNECTION_REFUSED @ http://localhost:8099/stream:0
[13431285ms] [ERROR] Failed to load resource: net::ERR_CONNECTION_REFUSED @ http://localhost:8099/stream:0
[13434289ms] [ERROR] Failed to load resource: net::ERR_CONNECTION_REFUSED @ http://localhost:8099/stream:0
[13437295ms] [ERROR] Failed to load resource: net::ERR_CONNECTION_REFUSED @ http://localhost:8099/stream:0
[13440297ms] [ERROR] Failed to load resource: net::ERR_CONNECTION_REFUSED @ http://localhost:8099/stream:0
[13443302ms] [ERROR] Failed to load resource: net::ERR_CONNECTION_REFUSED @ http://localhost:8099/stream:0
[13446307ms] [ERROR] Failed to load resource: net::ERR_CONNECTION_REFUSED @ http://localhost:8099/stream:0
[13449312ms] [ERROR] Failed to load resource: net::ERR_CONNECTION_REFUSED @ http://localhost:8099/stream:0
[13452317ms] [ERROR] Failed to load resource: net::ERR_CONNECTION_REFUSED @ http://localhost:8099/stream:0
[13455322ms] [ERROR] Failed to load resource: net::ERR_CONNECTION_REFUSED @ http://localhost:8099/stream:0
[13458327ms] [ERROR] Failed to load resource: net::ERR_CONNECTION_REFUSED @ http://localhost:8099/stream:0
[13461336ms] [ERROR] Failed to load resource: net::ERR_CONNECTION_REFUSED @ http://localhost:8099/stream:0
[13464341ms] [ERROR] Failed to load resource: net::ERR_CONNECTION_REFUSED @ http://localhost:8099/stream:0
[13467346ms] [ERROR] Failed to load resource: net::ERR_CONNECTION_REFUSED @ http://localhost:8099/stream:0
[13470351ms] [ERROR] Failed to load resource: net::ERR_CONNECTION_REFUSED @ http://localhost:8099/stream:0
[14373194ms] [ERROR] Failed to load resource: net::ERR_CONNECTION_REFUSED @ http://localhost:8099/stream:0
[14376199ms] [ERROR] Failed to load resource: net::ERR_CONNECTION_REFUSED @ http://localhost:8099/stream:0
[14379205ms] [ERROR] Failed to load resource: net::ERR_CONNECTION_REFUSED @ http://localhost:8099/stream:0
[14382210ms] [ERROR] Failed to load resource: net::ERR_CONNECTION_REFUSED @ http://localhost:8099/stream:0
[14385217ms] [ERROR] Failed to load resource: net::ERR_CONNECTION_REFUSED @ http://localhost:8099/stream:0
[14388221ms] [ERROR] Failed to load resource: net::ERR_CONNECTION_REFUSED @ http://localhost:8099/stream:0
[14391227ms] [ERROR] Failed to load resource: net::ERR_CONNECTION_REFUSED @ http://localhost:8099/stream:0
[14394233ms] [ERROR] Failed to load resource: net::ERR_CONNECTION_REFUSED @ http://localhost:8099/stream:0
[14397239ms] [ERROR] Failed to load resource: net::ERR_CONNECTION_REFUSED @ http://localhost:8099/stream:0
[14400243ms] [ERROR] Failed to load resource: net::ERR_CONNECTION_REFUSED @ http://localhost:8099/stream:0
[14403249ms] [ERROR] Failed to load resource: net::ERR_CONNECTION_REFUSED @ http://localhost:8099/stream:0
[14406255ms] [ERROR] Failed to load resource: net::ERR_CONNECTION_REFUSED @ http://localhost:8099/stream:0
[14409261ms] [ERROR] Failed to load resource: net::ERR_CONNECTION_REFUSED @ http://localhost:8099/stream:0
[14412267ms] [ERROR] Failed to load resource: net::ERR_CONNECTION_REFUSED @ http://localhost:8099/stream:0
[14415272ms] [ERROR] Failed to load resource: net::ERR_CONNECTION_REFUSED @ http://localhost:8099/stream:0
[14420693ms] [ERROR] Failed to load resource: net::ERR_CONNECTION_REFUSED @ http://localhost:8099/stream:0
[14423698ms] [ERROR] Failed to load resource: net::ERR_CONNECTION_REFUSED @ http://localhost:8099/stream:0
[14426704ms] [ERROR] Failed to load resource: net::ERR_CONNECTION_REFUSED @ http://localhost:8099/stream:0
[14429710ms] [ERROR] Failed to load resource: net::ERR_CONNECTION_REFUSED @ http://localhost:8099/stream:0
[14432714ms] [ERROR] Failed to load resource: net::ERR_CONNECTION_REFUSED @ http://localhost:8099/stream:0
[14435719ms] [ERROR] Failed to load resource: net::ERR_CONNECTION_REFUSED @ http://localhost:8099/stream:0
[14438724ms] [ERROR] Failed to load resource: net::ERR_CONNECTION_REFUSED @ http://localhost:8099/stream:0
[14441730ms] [ERROR] Failed to load resource: net::ERR_CONNECTION_REFUSED @ http://localhost:8099/stream:0
[14444736ms] [ERROR] Failed to load resource: net::ERR_CONNECTION_REFUSED @ http://localhost:8099/stream:0
[14447742ms] [ERROR] Failed to load resource: net::ERR_CONNECTION_REFUSED @ http://localhost:8099/stream:0
[14450748ms] [ERROR] Failed to load resource: net::ERR_CONNECTION_REFUSED @ http://localhost:8099/stream:0
[14453752ms] [ERROR] Failed to load resource: net::ERR_CONNECTION_REFUSED @ http://localhost:8099/stream:0
[14456758ms] [ERROR] Failed to load resource: net::ERR_CONNECTION_REFUSED @ http://localhost:8099/stream:0
[14459762ms] [ERROR] Failed to load resource: net::ERR_CONNECTION_REFUSED @ http://localhost:8099/stream:0
[14462767ms] [ERROR] Failed to load resource: net::ERR_CONNECTION_REFUSED @ http://localhost:8099/stream:0
[14465771ms] [ERROR] Failed to load resource: net::ERR_CONNECTION_REFUSED @ http://localhost:8099/stream:0
[15474399ms] [ERROR] Failed to load resource: net::ERR_CONNECTION_REFUSED @ http://localhost:8099/stream:0
[15477404ms] [ERROR] Failed to load resource: net::ERR_CONNECTION_REFUSED @ http://localhost:8099/stream:0
[16380306ms] [ERROR] Failed to load resource: net::ERR_CONNECTION_REFUSED @ http://localhost:8099/stream:0
[16383311ms] [ERROR] Failed to load resource: net::ERR_CONNECTION_REFUSED @ http://localhost:8099/stream:0
[16386320ms] [ERROR] Failed to load resource: net::ERR_CONNECTION_REFUSED @ http://localhost:8099/stream:0
[16389325ms] [ERROR] Failed to load resource: net::ERR_CONNECTION_REFUSED @ http://localhost:8099/stream:0
[16392331ms] [ERROR] Failed to load resource: net::ERR_CONNECTION_REFUSED @ http://localhost:8099/stream:0
[16395339ms] [ERROR] Failed to load resource: net::ERR_CONNECTION_REFUSED @ http://localhost:8099/stream:0
[16398344ms] [ERROR] Failed to load resource: net::ERR_CONNECTION_REFUSED @ http://localhost:8099/stream:0
[16401350ms] [ERROR] Failed to load resource: net::ERR_CONNECTION_REFUSED @ http://localhost:8099/stream:0
[16404355ms] [ERROR] Failed to load resource: net::ERR_CONNECTION_REFUSED @ http://localhost:8099/stream:0
[16407360ms] [ERROR] Failed to load resource: net::ERR_CONNECTION_REFUSED @ http://localhost:8099/stream:0
[16410366ms] [ERROR] Failed to load resource: net::ERR_CONNECTION_REFUSED @ http://localhost:8099/stream:0
[16413372ms] [ERROR] Failed to load resource: net::ERR_CONNECTION_REFUSED @ http://localhost:8099/stream:0
[16416378ms] [ERROR] Failed to load resource: net::ERR_CONNECTION_REFUSED @ http://localhost:8099/stream:0
[16419384ms] [ERROR] Failed to load resource: net::ERR_CONNECTION_REFUSED @ http://localhost:8099/stream:0
[16422388ms] [ERROR] Failed to load resource: net::ERR_CONNECTION_REFUSED @ http://localhost:8099/stream:0
[16425392ms] [ERROR] Failed to load resource: net::ERR_CONNECTION_REFUSED @ http://localhost:8099/stream:0
[16580032ms] [ERROR] Failed to load resource: net::ERR_CONNECTION_REFUSED @ http://localhost:8099/stream:0
[16583036ms] [ERROR] Failed to load resource: net::ERR_CONNECTION_REFUSED @ http://localhost:8099/stream:0
[16586041ms] [ERROR] Failed to load resource: net::ERR_CONNECTION_REFUSED @ http://localhost:8099/stream:0
[16589047ms] [ERROR] Failed to load resource: net::ERR_CONNECTION_REFUSED @ http://localhost:8099/stream:0
[16592053ms] [ERROR] Failed to load resource: net::ERR_CONNECTION_REFUSED @ http://localhost:8099/stream:0
[16595059ms] [ERROR] Failed to load resource: net::ERR_CONNECTION_REFUSED @ http://localhost:8099/stream:0
[16598066ms] [ERROR] Failed to load resource: net::ERR_CONNECTION_REFUSED @ http://localhost:8099/stream:0
[16601072ms] [ERROR] Failed to load resource: net::ERR_CONNECTION_REFUSED @ http://localhost:8099/stream:0
[16604078ms] [ERROR] Failed to load resource: net::ERR_CONNECTION_REFUSED @ http://localhost:8099/stream:0
[16607084ms] [ERROR] Failed to load resource: net::ERR_CONNECTION_REFUSED @ http://localhost:8099/stream:0
[16610089ms] [ERROR] Failed to load resource: net::ERR_CONNECTION_REFUSED @ http://localhost:8099/stream:0
[16613095ms] [ERROR] Failed to load resource: net::ERR_CONNECTION_REFUSED @ http://localhost:8099/stream:0
[16616101ms] [ERROR] Failed to load resource: net::ERR_CONNECTION_REFUSED @ http://localhost:8099/stream:0
[16619105ms] [ERROR] Failed to load resource: net::ERR_CONNECTION_REFUSED @ http://localhost:8099/stream:0
[16622111ms] [ERROR] Failed to load resource: net::ERR_CONNECTION_REFUSED @ http://localhost:8099/stream:0
[16698563ms] [ERROR] Failed to load resource: net::ERR_CONNECTION_REFUSED @ http://localhost:8099/stream:0
[16701568ms] [ERROR] Failed to load resource: net::ERR_CONNECTION_REFUSED @ http://localhost:8099/stream:0
[16704573ms] [ERROR] Failed to load resource: net::ERR_CONNECTION_REFUSED @ http://localhost:8099/stream:0
[16707579ms] [ERROR] Failed to load resource: net::ERR_CONNECTION_REFUSED @ http://localhost:8099/stream:0
[16710583ms] [ERROR] Failed to load resource: net::ERR_CONNECTION_REFUSED @ http://localhost:8099/stream:0
[16713587ms] [ERROR] Failed to load resource: net::ERR_CONNECTION_REFUSED @ http://localhost:8099/stream:0
[16716590ms] [ERROR] Failed to load resource: net::ERR_CONNECTION_REFUSED @ http://localhost:8099/stream:0
[16719595ms] [ERROR] Failed to load resource: net::ERR_CONNECTION_REFUSED @ http://localhost:8099/stream:0
[16722600ms] [ERROR] Failed to load resource: net::ERR_CONNECTION_REFUSED @ http://localhost:8099/stream:0
[16725606ms] [ERROR] Failed to load resource: net::ERR_CONNECTION_REFUSED @ http://localhost:8099/stream:0
[16728612ms] [ERROR] Failed to load resource: net::ERR_CONNECTION_REFUSED @ http://localhost:8099/stream:0
[16731616ms] [ERROR] Failed to load resource: net::ERR_CONNECTION_REFUSED @ http://localhost:8099/stream:0
[16734622ms] [ERROR] Failed to load resource: net::ERR_CONNECTION_REFUSED @ http://localhost:8099/stream:0
[16737625ms] [ERROR] Failed to load resource: net::ERR_CONNECTION_REFUSED @ http://localhost:8099/stream:0
[16740631ms] [ERROR] Failed to load resource: net::ERR_CONNECTION_REFUSED @ http://localhost:8099/stream:0
[16743635ms] [ERROR] Failed to load resource: net::ERR_CONNECTION_REFUSED @ http://localhost:8099/stream:0
[16933541ms] [ERROR] Failed to load resource: net::ERR_CONNECTION_REFUSED @ http://localhost:8099/stream:0
[16936548ms] [ERROR] Failed to load resource: net::ERR_CONNECTION_REFUSED @ http://localhost:8099/stream:0
[16939553ms] [ERROR] Failed to load resource: net::ERR_CONNECTION_REFUSED @ http://localhost:8099/stream:0
[16942558ms] [ERROR] Failed to load resource: net::ERR_CONNECTION_REFUSED @ http://localhost:8099/stream:0
[16945564ms] [ERROR] Failed to load resource: net::ERR_CONNECTION_REFUSED @ http://localhost:8099/stream:0
[16948568ms] [ERROR] Failed to load resource: net::ERR_CONNECTION_REFUSED @ http://localhost:8099/stream:0
[16951571ms] [ERROR] Failed to load resource: net::ERR_CONNECTION_REFUSED @ http://localhost:8099/stream:0
[16954580ms] [ERROR] Failed to load resource: net::ERR_CONNECTION_REFUSED @ http://localhost:8099/stream:0
[16957584ms] [ERROR] Failed to load resource: net::ERR_CONNECTION_REFUSED @ http://localhost:8099/stream:0
[16960589ms] [ERROR] Failed to load resource: net::ERR_CONNECTION_REFUSED @ http://localhost:8099/stream:0
[16963594ms] [ERROR] Failed to load resource: net::ERR_CONNECTION_REFUSED @ http://localhost:8099/stream:0
[16966599ms] [ERROR] Failed to load resource: net::ERR_CONNECTION_REFUSED @ http://localhost:8099/stream:0
[16969603ms] [ERROR] Failed to load resource: net::ERR_CONNECTION_REFUSED @ http://localhost:8099/stream:0
[16972608ms] [ERROR] Failed to load resource: net::ERR_CONNECTION_REFUSED @ http://localhost:8099/stream:0
[16975614ms] [ERROR] Failed to load resource: net::ERR_CONNECTION_REFUSED @ http://localhost:8099/stream:0
[16978620ms] [ERROR] Failed to load resource: net::ERR_CONNECTION_REFUSED @ http://localhost:8099/stream:0
[17105840ms] [ERROR] Failed to load resource: net::ERR_CONNECTION_REFUSED @ http://localhost:8099/stream:0
[17108846ms] [ERROR] Failed to load resource: net::ERR_CONNECTION_REFUSED @ http://localhost:8099/stream:0
[17111852ms] [ERROR] Failed to load resource: net::ERR_CONNECTION_REFUSED @ http://localhost:8099/stream:0
[17114858ms] [ERROR] Failed to load resource: net::ERR_CONNECTION_REFUSED @ http://localhost:8099/stream:0
[17117863ms] [ERROR] Failed to load resource: net::ERR_CONNECTION_REFUSED @ http://localhost:8099/stream:0
[17120869ms] [ERROR] Failed to load resource: net::ERR_CONNECTION_REFUSED @ http://localhost:8099/stream:0
[17123875ms] [ERROR] Failed to load resource: net::ERR_CONNECTION_REFUSED @ http://localhost:8099/stream:0
[17126882ms] [ERROR] Failed to load resource: net::ERR_CONNECTION_REFUSED @ http://localhost:8099/stream:0
[17129885ms] [ERROR] Failed to load resource: net::ERR_CONNECTION_REFUSED @ http://localhost:8099/stream:0
[17132889ms] [ERROR] Failed to load resource: net::ERR_CONNECTION_REFUSED @ http://localhost:8099/stream:0
[17135895ms] [ERROR] Failed to load resource: net::ERR_CONNECTION_REFUSED @ http://localhost:8099/stream:0
[17138900ms] [ERROR] Failed to load resource: net::ERR_CONNECTION_REFUSED @ http://localhost:8099/stream:0
[17141906ms] [ERROR] Failed to load resource: net::ERR_CONNECTION_REFUSED @ http://localhost:8099/stream:0
[17144911ms] [ERROR] Failed to load resource: net::ERR_CONNECTION_REFUSED @ http://localhost:8099/stream:0
[17147917ms] [ERROR] Failed to load resource: net::ERR_CONNECTION_REFUSED @ http://localhost:8099/stream:0
[17617571ms] [ERROR] Failed to load resource: net::ERR_CONNECTION_REFUSED @ http://localhost:8099/stream:0
[17620578ms] [ERROR] Failed to load resource: net::ERR_CONNECTION_REFUSED @ http://localhost:8099/stream:0
[17623583ms] [ERROR] Failed to load resource: net::ERR_CONNECTION_REFUSED @ http://localhost:8099/stream:0
[17626589ms] [ERROR] Failed to load resource: net::ERR_CONNECTION_REFUSED @ http://localhost:8099/stream:0
[17629593ms] [ERROR] Failed to load resource: net::ERR_CONNECTION_REFUSED @ http://localhost:8099/stream:0
[17632598ms] [ERROR] Failed to load resource: net::ERR_CONNECTION_REFUSED @ http://localhost:8099/stream:0
[17635602ms] [ERROR] Failed to load resource: net::ERR_CONNECTION_REFUSED @ http://localhost:8099/stream:0
[17638608ms] [ERROR] Failed to load resource: net::ERR_CONNECTION_REFUSED @ http://localhost:8099/stream:0
[17641616ms] [ERROR] Failed to load resource: net::ERR_CONNECTION_REFUSED @ http://localhost:8099/stream:0
[17644621ms] [ERROR] Failed to load resource: net::ERR_CONNECTION_REFUSED @ http://localhost:8099/stream:0
[17647627ms] [ERROR] Failed to load resource: net::ERR_CONNECTION_REFUSED @ http://localhost:8099/stream:0
[17650632ms] [ERROR] Failed to load resource: net::ERR_CONNECTION_REFUSED @ http://localhost:8099/stream:0
[17653638ms] [ERROR] Failed to load resource: net::ERR_CONNECTION_REFUSED @ http://localhost:8099/stream:0
[17656644ms] [ERROR] Failed to load resource: net::ERR_CONNECTION_REFUSED @ http://localhost:8099/stream:0
[17659650ms] [ERROR] Failed to load resource: net::ERR_CONNECTION_REFUSED @ http://localhost:8099/stream:0
[17662656ms] [ERROR] Failed to load resource: net::ERR_CONNECTION_REFUSED @ http://localhost:8099/stream:0
[18708587ms] [ERROR] Failed to load resource: net::ERR_CONNECTION_REFUSED @ http://localhost:8099/stream:0
[18711590ms] [ERROR] Failed to load resource: net::ERR_CONNECTION_REFUSED @ http://localhost:8099/stream:0
[19773233ms] [ERROR] Failed to load resource: net::ERR_CONNECTION_REFUSED @ http://localhost:8099/stream:0
[19776237ms] [ERROR] Failed to load resource: net::ERR_CONNECTION_REFUSED @ http://localhost:8099/stream:0
[20679071ms] [ERROR] Failed to load resource: net::ERR_CONNECTION_REFUSED @ http://localhost:8099/stream:0
[20682076ms] [ERROR] Failed to load resource: net::ERR_CONNECTION_REFUSED @ http://localhost:8099/stream:0
[20685085ms] [ERROR] Failed to load resource: net::ERR_CONNECTION_REFUSED @ http://localhost:8099/stream:0
[20688091ms] [ERROR] Failed to load resource: net::ERR_CONNECTION_REFUSED @ http://localhost:8099/stream:0
[20691095ms] [ERROR] Failed to load resource: net::ERR_CONNECTION_REFUSED @ http://localhost:8099/stream:0
[20694101ms] [ERROR] Failed to load resource: net::ERR_CONNECTION_REFUSED @ http://localhost:8099/stream:0
[20697104ms] [ERROR] Failed to load resource: net::ERR_CONNECTION_REFUSED @ http://localhost:8099/stream:0
[20700113ms] [ERROR] Failed to load resource: net::ERR_CONNECTION_REFUSED @ http://localhost:8099/stream:0
[20703117ms] [ERROR] Failed to load resource: net::ERR_CONNECTION_REFUSED @ http://localhost:8099/stream:0
[20706122ms] [ERROR] Failed to load resource: net::ERR_CONNECTION_REFUSED @ http://localhost:8099/stream:0
[20709126ms] [ERROR] Failed to load resource: net::ERR_CONNECTION_REFUSED @ http://localhost:8099/stream:0
[20712132ms] [ERROR] Failed to load resource: net::ERR_CONNECTION_REFUSED @ http://localhost:8099/stream:0
[20715138ms] [ERROR] Failed to load resource: net::ERR_CONNECTION_REFUSED @ http://localhost:8099/stream:0
[20718144ms] [ERROR] Failed to load resource: net::ERR_CONNECTION_REFUSED @ http://localhost:8099/stream:0
[20721150ms] [ERROR] Failed to load resource: net::ERR_CONNECTION_REFUSED @ http://localhost:8099/stream:0
[21649087ms] [ERROR] Failed to load resource: net::ERR_CONNECTION_REFUSED @ http://localhost:8099/stream:0
[21652093ms] [ERROR] Failed to load resource: net::ERR_CONNECTION_REFUSED @ http://localhost:8099/stream:0
[21655099ms] [ERROR] Failed to load resource: net::ERR_CONNECTION_REFUSED @ http://localhost:8099/stream:0
[21658105ms] [ERROR] Failed to load resource: net::ERR_CONNECTION_REFUSED @ http://localhost:8099/stream:0
[21661111ms] [ERROR] Failed to load resource: net::ERR_CONNECTION_REFUSED @ http://localhost:8099/stream:0
[21664117ms] [ERROR] Failed to load resource: net::ERR_CONNECTION_REFUSED @ http://localhost:8099/stream:0
[21667122ms] [ERROR] Failed to load resource: net::ERR_CONNECTION_REFUSED @ http://localhost:8099/stream:0
[21670126ms] [ERROR] Failed to load resource: net::ERR_CONNECTION_REFUSED @ http://localhost:8099/stream:0
[21673132ms] [ERROR] Failed to load resource: net::ERR_CONNECTION_REFUSED @ http://localhost:8099/stream:0
[21676137ms] [ERROR] Failed to load resource: net::ERR_CONNECTION_REFUSED @ http://localhost:8099/stream:0
[21679140ms] [ERROR] Failed to load resource: net::ERR_CONNECTION_REFUSED @ http://localhost:8099/stream:0
[21682145ms] [ERROR] Failed to load resource: net::ERR_CONNECTION_REFUSED @ http://localhost:8099/stream:0
[21685149ms] [ERROR] Failed to load resource: net::ERR_CONNECTION_REFUSED @ http://localhost:8099/stream:0
[21688154ms] [ERROR] Failed to load resource: net::ERR_CONNECTION_REFUSED @ http://localhost:8099/stream:0
[21691158ms] [ERROR] Failed to load resource: net::ERR_CONNECTION_REFUSED @ http://localhost:8099/stream:0
[21694164ms] [ERROR] Failed to load resource: net::ERR_CONNECTION_REFUSED @ http://localhost:8099/stream:0
[22703735ms] [ERROR] Failed to load resource: net::ERR_CONNECTION_REFUSED @ http://localhost:8099/stream:0
[22706740ms] [ERROR] Failed to load resource: net::ERR_CONNECTION_REFUSED @ http://localhost:8099/stream:0
[23719295ms] [ERROR] Failed to load resource: net::ERR_CONNECTION_REFUSED @ http://localhost:8099/stream:0
[24672944ms] [ERROR] Failed to load resource: net::ERR_CONNECTION_REFUSED @ http://localhost:8099/stream:0
[24675953ms] [ERROR] Failed to load resource: net::ERR_CONNECTION_REFUSED @ http://localhost:8099/stream:0
[25679589ms] [ERROR] Failed to load resource: net::ERR_CONNECTION_REFUSED @ http://localhost:8099/stream:0
[25682595ms] [ERROR] Failed to load resource: net::ERR_CONNECTION_REFUSED @ http://localhost:8099/stream:0
[26604095ms] [ERROR] Failed to load resource: net::ERR_CONNECTION_REFUSED @ http://localhost:8099/stream:0
[26607098ms] [ERROR] Failed to load resource: net::ERR_CONNECTION_REFUSED @ http://localhost:8099/stream:0
[27683723ms] [ERROR] Failed to load resource: net::ERR_CONNECTION_REFUSED @ http://localhost:8099/stream:0
[27686730ms] [ERROR] Failed to load resource: net::ERR_CONNECTION_REFUSED @ http://localhost:8099/stream:0
[28274289ms] [ERROR] Failed to load resource: net::ERR_CONNECTION_REFUSED @ http://localhost:8099/stream:0
[28277294ms] [ERROR] Failed to load resource: net::ERR_CONNECTION_REFUSED @ http://localhost:8099/stream:0
[28280300ms] [ERROR] Failed to load resource: net::ERR_CONNECTION_REFUSED @ http://localhost:8099/stream:0
[28283305ms] [ERROR] Failed to load resource: net::ERR_CONNECTION_REFUSED @ http://localhost:8099/stream:0
[28286313ms] [ERROR] Failed to load resource: net::ERR_CONNECTION_REFUSED @ http://localhost:8099/stream:0
[28289318ms] [ERROR] Failed to load resource: net::ERR_CONNECTION_REFUSED @ http://localhost:8099/stream:0
[28292322ms] [ERROR] Failed to load resource: net::ERR_CONNECTION_REFUSED @ http://localhost:8099/stream:0
[28295329ms] [ERROR] Failed to load resource: net::ERR_CONNECTION_REFUSED @ http://localhost:8099/stream:0
[28298333ms] [ERROR] Failed to load resource: net::ERR_CONNECTION_REFUSED @ http://localhost:8099/stream:0
[28301338ms] [ERROR] Failed to load resource: net::ERR_CONNECTION_REFUSED @ http://localhost:8099/stream:0
[28304344ms] [ERROR] Failed to load resource: net::ERR_CONNECTION_REFUSED @ http://localhost:8099/stream:0
[28307347ms] [ERROR] Failed to load resource: net::ERR_CONNECTION_REFUSED @ http://localhost:8099/stream:0
[28310352ms] [ERROR] Failed to load resource: net::ERR_CONNECTION_REFUSED @ http://localhost:8099/stream:0
[28313358ms] [ERROR] Failed to load resource: net::ERR_CONNECTION_REFUSED @ http://localhost:8099/stream:0
[28316364ms] [ERROR] Failed to load resource: net::ERR_CONNECTION_REFUSED @ http://localhost:8099/stream:0
[29381161ms] [ERROR] Failed to load resource: net::ERR_CONNECTION_REFUSED @ http://localhost:8099/stream:0
[29384172ms] [ERROR] Failed to load resource: net::ERR_CONNECTION_REFUSED @ http://localhost:8099/stream:0
[30312823ms] [ERROR] Failed to load resource: net::ERR_CONNECTION_REFUSED @ http://localhost:8099/stream:0
[30315833ms] [ERROR] Failed to load resource: net::ERR_CONNECTION_REFUSED @ http://localhost:8099/stream:0
[31225329ms] [ERROR] Failed to load resource: net::ERR_CONNECTION_REFUSED @ http://localhost:8099/stream:0
[31228334ms] [ERROR] Failed to load resource: net::ERR_CONNECTION_REFUSED @ http://localhost:8099/stream:0
[32131221ms] [ERROR] Failed to load resource: net::ERR_CONNECTION_REFUSED @ http://localhost:8099/stream:0
[32134226ms] [ERROR] Failed to load resource: net::ERR_CONNECTION_REFUSED @ http://localhost:8099/stream:0
[32137232ms] [ERROR] Failed to load resource: net::ERR_CONNECTION_REFUSED @ http://localhost:8099/stream:0
[32140236ms] [ERROR] Failed to load resource: net::ERR_CONNECTION_REFUSED @ http://localhost:8099/stream:0
[32143240ms] [ERROR] Failed to load resource: net::ERR_CONNECTION_REFUSED @ http://localhost:8099/stream:0
[32146245ms] [ERROR] Failed to load resource: net::ERR_CONNECTION_REFUSED @ http://localhost:8099/stream:0
[32149249ms] [ERROR] Failed to load resource: net::ERR_CONNECTION_REFUSED @ http://localhost:8099/stream:0
[32152253ms] [ERROR] Failed to load resource: net::ERR_CONNECTION_REFUSED @ http://localhost:8099/stream:0
[32155261ms] [ERROR] Failed to load resource: net::ERR_CONNECTION_REFUSED @ http://localhost:8099/stream:0
[32158266ms] [ERROR] Failed to load resource: net::ERR_CONNECTION_REFUSED @ http://localhost:8099/stream:0
[32161272ms] [ERROR] Failed to load resource: net::ERR_CONNECTION_REFUSED @ http://localhost:8099/stream:0
[32164276ms] [ERROR] Failed to load resource: net::ERR_CONNECTION_REFUSED @ http://localhost:8099/stream:0
[32167279ms] [ERROR] Failed to load resource: net::ERR_CONNECTION_REFUSED @ http://localhost:8099/stream:0
[32170284ms] [ERROR] Failed to load resource: net::ERR_CONNECTION_REFUSED @ http://localhost:8099/stream:0
[32173290ms] [ERROR] Failed to load resource: net::ERR_CONNECTION_REFUSED @ http://localhost:8099/stream:0
[32701876ms] [ERROR] Failed to load resource: net::ERR_CONNECTION_REFUSED @ http://localhost:8099/stream:0
[32704882ms] [ERROR] Failed to load resource: net::ERR_CONNECTION_REFUSED @ http://localhost:8099/stream:0
[32707886ms] [ERROR] Failed to load resource: net::ERR_CONNECTION_REFUSED @ http://localhost:8099/stream:0
[32710889ms] [ERROR] Failed to load resource: net::ERR_CONNECTION_REFUSED @ http://localhost:8099/stream:0
[32713892ms] [ERROR] Failed to load resource: net::ERR_CONNECTION_REFUSED @ http://localhost:8099/stream:0
[32716898ms] [ERROR] Failed to load resource: net::ERR_CONNECTION_REFUSED @ http://localhost:8099/stream:0
[32719904ms] [ERROR] Failed to load resource: net::ERR_CONNECTION_REFUSED @ http://localhost:8099/stream:0
[32722910ms] [ERROR] Failed to load resource: net::ERR_CONNECTION_REFUSED @ http://localhost:8099/stream:0
[32725915ms] [ERROR] Failed to load resource: net::ERR_CONNECTION_REFUSED @ http://localhost:8099/stream:0
[32728920ms] [ERROR] Failed to load resource: net::ERR_CONNECTION_REFUSED @ http://localhost:8099/stream:0
[32731926ms] [ERROR] Failed to load resource: net::ERR_CONNECTION_REFUSED @ http://localhost:8099/stream:0
[32734932ms] [ERROR] Failed to load resource: net::ERR_CONNECTION_REFUSED @ http://localhost:8099/stream:0
[32737935ms] [ERROR] Failed to load resource: net::ERR_CONNECTION_REFUSED @ http://localhost:8099/stream:0
[32740941ms] [ERROR] Failed to load resource: net::ERR_CONNECTION_REFUSED @ http://localhost:8099/stream:0
[32743945ms] [ERROR] Failed to load resource: net::ERR_CONNECTION_REFUSED @ http://localhost:8099/stream:0
[32746951ms] [ERROR] Failed to load resource: net::ERR_CONNECTION_REFUSED @ http://localhost:8099/stream:0
[33651920ms] [ERROR] Failed to load resource: net::ERR_CONNECTION_REFUSED @ http://localhost:8099/stream:0
[33654925ms] [ERROR] Failed to load resource: net::ERR_CONNECTION_REFUSED @ http://localhost:8099/stream:0
[34624563ms] [ERROR] Failed to load resource: net::ERR_CONNECTION_REFUSED @ http://localhost:8099/stream:0
[34627571ms] [ERROR] Failed to load resource: net::ERR_CONNECTION_REFUSED @ http://localhost:8099/stream:0
[35624228ms] [ERROR] Failed to load resource: net::ERR_CONNECTION_REFUSED @ http://localhost:8099/stream:0
[35824895ms] [ERROR] Failed to load resource: net::ERR_CONNECTION_REFUSED @ http://localhost:8099/stream:0
[35827899ms] [ERROR] Failed to load resource: net::ERR_CONNECTION_REFUSED @ http://localhost:8099/stream:0
[35830907ms] [ERROR] Failed to load resource: net::ERR_CONNECTION_REFUSED @ http://localhost:8099/stream:0
[35833912ms] [ERROR] Failed to load resource: net::ERR_CONNECTION_REFUSED @ http://localhost:8099/stream:0
[35836918ms] [ERROR] Failed to load resource: net::ERR_CONNECTION_REFUSED @ http://localhost:8099/stream:0
[35839923ms] [ERROR] Failed to load resource: net::ERR_CONNECTION_REFUSED @ http://localhost:8099/stream:0
[35842929ms] [ERROR] Failed to load resource: net::ERR_CONNECTION_REFUSED @ http://localhost:8099/stream:0
[35845935ms] [ERROR] Failed to load resource: net::ERR_CONNECTION_REFUSED @ http://localhost:8099/stream:0
[35848941ms] [ERROR] Failed to load resource: net::ERR_CONNECTION_REFUSED @ http://localhost:8099/stream:0
[35851946ms] [ERROR] Failed to load resource: net::ERR_CONNECTION_REFUSED @ http://localhost:8099/stream:0
[35854951ms] [ERROR] Failed to load resource: net::ERR_CONNECTION_REFUSED @ http://localhost:8099/stream:0
[35857957ms] [ERROR] Failed to load resource: net::ERR_CONNECTION_REFUSED @ http://localhost:8099/stream:0
[35860962ms] [ERROR] Failed to load resource: net::ERR_CONNECTION_REFUSED @ http://localhost:8099/stream:0
[35863966ms] [ERROR] Failed to load resource: net::ERR_CONNECTION_REFUSED @ http://localhost:8099/stream:0
[35866971ms] [ERROR] Failed to load resource: net::ERR_CONNECTION_REFUSED @ http://localhost:8099/stream:0
[35869976ms] [ERROR] Failed to load resource: net::ERR_CONNECTION_REFUSED @ http://localhost:8099/stream:0
[36644890ms] [ERROR] Failed to load resource: net::ERR_CONNECTION_REFUSED @ http://localhost:8099/stream:0
[36647897ms] [ERROR] Failed to load resource: net::ERR_CONNECTION_REFUSED @ http://localhost:8099/stream:0
[36650902ms] [ERROR] Failed to load resource: net::ERR_CONNECTION_REFUSED @ http://localhost:8099/stream:0
[36653908ms] [ERROR] Failed to load resource: net::ERR_CONNECTION_REFUSED @ http://localhost:8099/stream:0
[36656911ms] [ERROR] Failed to load resource: net::ERR_CONNECTION_REFUSED @ http://localhost:8099/stream:0
[36659917ms] [ERROR] Failed to load resource: net::ERR_CONNECTION_REFUSED @ http://localhost:8099/stream:0
[36662923ms] [ERROR] Failed to load resource: net::ERR_CONNECTION_REFUSED @ http://localhost:8099/stream:0
[36665930ms] [ERROR] Failed to load resource: net::ERR_CONNECTION_REFUSED @ http://localhost:8099/stream:0
[36668935ms] [ERROR] Failed to load resource: net::ERR_CONNECTION_REFUSED @ http://localhost:8099/stream:0
[36671941ms] [ERROR] Failed to load resource: net::ERR_CONNECTION_REFUSED @ http://localhost:8099/stream:0
[36674945ms] [ERROR] Failed to load resource: net::ERR_CONNECTION_REFUSED @ http://localhost:8099/stream:0
[36677950ms] [ERROR] Failed to load resource: net::ERR_CONNECTION_REFUSED @ http://localhost:8099/stream:0
[36680955ms] [ERROR] Failed to load resource: net::ERR_CONNECTION_REFUSED @ http://localhost:8099/stream:0
[36683960ms] [ERROR] Failed to load resource: net::ERR_CONNECTION_REFUSED @ http://localhost:8099/stream:0
[36686965ms] [ERROR] Failed to load resource: net::ERR_CONNECTION_REFUSED @ http://localhost:8099/stream:0
[36689969ms] [ERROR] Failed to load resource: net::ERR_CONNECTION_REFUSED @ http://localhost:8099/stream:0
[36979504ms] [ERROR] Failed to load resource: net::ERR_CONNECTION_REFUSED @ http://localhost:8099/stream:0
[36982511ms] [ERROR] Failed to load resource: net::ERR_CONNECTION_REFUSED @ http://localhost:8099/stream:0
[36985515ms] [ERROR] Failed to load resource: net::ERR_CONNECTION_REFUSED @ http://localhost:8099/stream:0
[36988520ms] [ERROR] Failed to load resource: net::ERR_CONNECTION_REFUSED @ http://localhost:8099/stream:0
[36991525ms] [ERROR] Failed to load resource: net::ERR_CONNECTION_REFUSED @ http://localhost:8099/stream:0
[36994528ms] [ERROR] Failed to load resource: net::ERR_CONNECTION_REFUSED @ http://localhost:8099/stream:0
[36997532ms] [ERROR] Failed to load resource: net::ERR_CONNECTION_REFUSED @ http://localhost:8099/stream:0
[37000537ms] [ERROR] Failed to load resource: net::ERR_CONNECTION_REFUSED @ http://localhost:8099/stream:0
[37003542ms] [ERROR] Failed to load resource: net::ERR_CONNECTION_REFUSED @ http://localhost:8099/stream:0
[37006546ms] [ERROR] Failed to load resource: net::ERR_CONNECTION_REFUSED @ http://localhost:8099/stream:0
[37009549ms] [ERROR] Failed to load resource: net::ERR_CONNECTION_REFUSED @ http://localhost:8099/stream:0
[37012552ms] [ERROR] Failed to load resource: net::ERR_CONNECTION_REFUSED @ http://localhost:8099/stream:0
[37015554ms] [ERROR] Failed to load resource: net::ERR_CONNECTION_REFUSED @ http://localhost:8099/stream:0
[37018559ms] [ERROR] Failed to load resource: net::ERR_CONNECTION_REFUSED @ http://localhost:8099/stream:0
[37021562ms] [ERROR] Failed to load resource: net::ERR_CONNECTION_REFUSED @ http://localhost:8099/stream:0
[37977718ms] [ERROR] Failed to load resource: net::ERR_CONNECTION_REFUSED @ http://localhost:8099/stream:0
[37980726ms] [ERROR] Failed to load resource: net::ERR_CONNECTION_REFUSED @ http://localhost:8099/stream:0
[38883591ms] [ERROR] Failed to load resource: net::ERR_CONNECTION_REFUSED @ http://localhost:8099/stream:0
[38886598ms] [ERROR] Failed to load resource: net::ERR_CONNECTION_REFUSED @ http://localhost:8099/stream:0
[38889602ms] [ERROR] Failed to load resource: net::ERR_CONNECTION_REFUSED @ http://localhost:8099/stream:0
[38892607ms] [ERROR] Failed to load resource: net::ERR_CONNECTION_REFUSED @ http://localhost:8099/stream:0
[38895614ms] [ERROR] Failed to load resource: net::ERR_CONNECTION_REFUSED @ http://localhost:8099/stream:0
[38898617ms] [ERROR] Failed to load resource: net::ERR_CONNECTION_REFUSED @ http://localhost:8099/stream:0
[38901623ms] [ERROR] Failed to load resource: net::ERR_CONNECTION_REFUSED @ http://localhost:8099/stream:0
[38904628ms] [ERROR] Failed to load resource: net::ERR_CONNECTION_REFUSED @ http://localhost:8099/stream:0
[38907633ms] [ERROR] Failed to load resource: net::ERR_CONNECTION_REFUSED @ http://localhost:8099/stream:0
[38910641ms] [ERROR] Failed to load resource: net::ERR_CONNECTION_REFUSED @ http://localhost:8099/stream:0
[38913646ms] [ERROR] Failed to load resource: net::ERR_CONNECTION_REFUSED @ http://localhost:8099/stream:0
[38916651ms] [ERROR] Failed to load resource: net::ERR_CONNECTION_REFUSED @ http://localhost:8099/stream:0
[38919656ms] [ERROR] Failed to load resource: net::ERR_CONNECTION_REFUSED @ http://localhost:8099/stream:0
[38922661ms] [ERROR] Failed to load resource: net::ERR_CONNECTION_REFUSED @ http://localhost:8099/stream:0
[38925666ms] [ERROR] Failed to load resource: net::ERR_CONNECTION_REFUSED @ http://localhost:8099/stream:0
[38928673ms] [ERROR] Failed to load resource: net::ERR_CONNECTION_REFUSED @ http://localhost:8099/stream:0
[39978184ms] [ERROR] Failed to load resource: net::ERR_CONNECTION_REFUSED @ http://localhost:8099/stream:0
[39981191ms] [ERROR] Failed to load resource: net::ERR_CONNECTION_REFUSED @ http://localhost:8099/stream:0
[40306856ms] [ERROR] Failed to load resource: net::ERR_CONNECTION_REFUSED @ http://localhost:8099/stream:0
[40309861ms] [ERROR] Failed to load resource: net::ERR_CONNECTION_REFUSED @ http://localhost:8099/stream:0
[40312867ms] [ERROR] Failed to load resource: net::ERR_CONNECTION_REFUSED @ http://localhost:8099/stream:0
[40315873ms] [ERROR] Failed to load resource: net::ERR_CONNECTION_REFUSED @ http://localhost:8099/stream:0
[40318878ms] [ERROR] Failed to load resource: net::ERR_CONNECTION_REFUSED @ http://localhost:8099/stream:0
[40321883ms] [ERROR] Failed to load resource: net::ERR_CONNECTION_REFUSED @ http://localhost:8099/stream:0
[40324889ms] [ERROR] Failed to load resource: net::ERR_CONNECTION_REFUSED @ http://localhost:8099/stream:0
[40327895ms] [ERROR] Failed to load resource: net::ERR_CONNECTION_REFUSED @ http://localhost:8099/stream:0
[40330900ms] [ERROR] Failed to load resource: net::ERR_CONNECTION_REFUSED @ http://localhost:8099/stream:0
[40333907ms] [ERROR] Failed to load resource: net::ERR_CONNECTION_REFUSED @ http://localhost:8099/stream:0
[40336913ms] [ERROR] Failed to load resource: net::ERR_CONNECTION_REFUSED @ http://localhost:8099/stream:0
[40339917ms] [ERROR] Failed to load resource: net::ERR_CONNECTION_REFUSED @ http://localhost:8099/stream:0
[40342923ms] [ERROR] Failed to load resource: net::ERR_CONNECTION_REFUSED @ http://localhost:8099/stream:0
[40345928ms] [ERROR] Failed to load resource: net::ERR_CONNECTION_REFUSED @ http://localhost:8099/stream:0
[40348933ms] [ERROR] Failed to load resource: net::ERR_CONNECTION_REFUSED @ http://localhost:8099/stream:0
[40351939ms] [ERROR] Failed to load resource: net::ERR_CONNECTION_REFUSED @ http://localhost:8099/stream:0
[41304597ms] [ERROR] Failed to load resource: net::ERR_CONNECTION_REFUSED @ http://localhost:8099/stream:0
[41307602ms] [ERROR] Failed to load resource: net::ERR_CONNECTION_REFUSED @ http://localhost:8099/stream:0
[42210504ms] [ERROR] Failed to load resource: net::ERR_CONNECTION_REFUSED @ http://localhost:8099/stream:0
[42213509ms] [ERROR] Failed to load resource: net::ERR_CONNECTION_REFUSED @ http://localhost:8099/stream:0
[42216512ms] [ERROR] Failed to load resource: net::ERR_CONNECTION_REFUSED @ http://localhost:8099/stream:0
[42219519ms] [ERROR] Failed to load resource: net::ERR_CONNECTION_REFUSED @ http://localhost:8099/stream:0
[42222524ms] [ERROR] Failed to load resource: net::ERR_CONNECTION_REFUSED @ http://localhost:8099/stream:0
[42225527ms] [ERROR] Failed to load resource: net::ERR_CONNECTION_REFUSED @ http://localhost:8099/stream:0
[42228533ms] [ERROR] Failed to load resource: net::ERR_CONNECTION_REFUSED @ http://localhost:8099/stream:0
[42231537ms] [ERROR] Failed to load resource: net::ERR_CONNECTION_REFUSED @ http://localhost:8099/stream:0
[42234543ms] [ERROR] Failed to load resource: net::ERR_CONNECTION_REFUSED @ http://localhost:8099/stream:0
[42237549ms] [ERROR] Failed to load resource: net::ERR_CONNECTION_REFUSED @ http://localhost:8099/stream:0
[42240554ms] [ERROR] Failed to load resource: net::ERR_CONNECTION_REFUSED @ http://localhost:8099/stream:0
[42243559ms] [ERROR] Failed to load resource: net::ERR_CONNECTION_REFUSED @ http://localhost:8099/stream:0
[42246564ms] [ERROR] Failed to load resource: net::ERR_CONNECTION_REFUSED @ http://localhost:8099/stream:0
[42249570ms] [ERROR] Failed to load resource: net::ERR_CONNECTION_REFUSED @ http://localhost:8099/stream:0
[42252576ms] [ERROR] Failed to load resource: net::ERR_CONNECTION_REFUSED @ http://localhost:8099/stream:0
[43156571ms] [ERROR] Failed to load resource: net::ERR_CONNECTION_REFUSED @ http://localhost:8099/stream:0
[43159580ms] [ERROR] Failed to load resource: net::ERR_CONNECTION_REFUSED @ http://localhost:8099/stream:0
[43162586ms] [ERROR] Failed to load resource: net::ERR_CONNECTION_REFUSED @ http://localhost:8099/stream:0
[43165589ms] [ERROR] Failed to load resource: net::ERR_CONNECTION_REFUSED @ http://localhost:8099/stream:0
[43168595ms] [ERROR] Failed to load resource: net::ERR_CONNECTION_REFUSED @ http://localhost:8099/stream:0
[43171600ms] [ERROR] Failed to load resource: net::ERR_CONNECTION_REFUSED @ http://localhost:8099/stream:0
[43174605ms] [ERROR] Failed to load resource: net::ERR_CONNECTION_REFUSED @ http://localhost:8099/stream:0
[43177611ms] [ERROR] Failed to load resource: net::ERR_CONNECTION_REFUSED @ http://localhost:8099/stream:0
[43180615ms] [ERROR] Failed to load resource: net::ERR_CONNECTION_REFUSED @ http://localhost:8099/stream:0
[43183620ms] [ERROR] Failed to load resource: net::ERR_CONNECTION_REFUSED @ http://localhost:8099/stream:0
[43186625ms] [ERROR] Failed to load resource: net::ERR_CONNECTION_REFUSED @ http://localhost:8099/stream:0
[43189631ms] [ERROR] Failed to load resource: net::ERR_CONNECTION_REFUSED @ http://localhost:8099/stream:0
[43192637ms] [ERROR] Failed to load resource: net::ERR_CONNECTION_REFUSED @ http://localhost:8099/stream:0
[43195641ms] [ERROR] Failed to load resource: net::ERR_CONNECTION_REFUSED @ http://localhost:8099/stream:0
[43198647ms] [ERROR] Failed to load resource: net::ERR_CONNECTION_REFUSED @ http://localhost:8099/stream:0
[43201652ms] [ERROR] Failed to load resource: net::ERR_CONNECTION_REFUSED @ http://localhost:8099/stream:0
[43967136ms] [ERROR] Failed to load resource: net::ERR_CONNECTION_REFUSED @ http://localhost:8099/stream:0
[43970141ms] [ERROR] Failed to load resource: net::ERR_CONNECTION_REFUSED @ http://localhost:8099/stream:0
[43973147ms] [ERROR] Failed to load resource: net::ERR_CONNECTION_REFUSED @ http://localhost:8099/stream:0
[43976151ms] [ERROR] Failed to load resource: net::ERR_CONNECTION_REFUSED @ http://localhost:8099/stream:0
[43979157ms] [ERROR] Failed to load resource: net::ERR_CONNECTION_REFUSED @ http://localhost:8099/stream:0
[43982161ms] [ERROR] Failed to load resource: net::ERR_CONNECTION_REFUSED @ http://localhost:8099/stream:0
[43985165ms] [ERROR] Failed to load resource: net::ERR_CONNECTION_REFUSED @ http://localhost:8099/stream:0
[43988171ms] [ERROR] Failed to load resource: net::ERR_CONNECTION_REFUSED @ http://localhost:8099/stream:0
[43991175ms] [ERROR] Failed to load resource: net::ERR_CONNECTION_REFUSED @ http://localhost:8099/stream:0
[43994181ms] [ERROR] Failed to load resource: net::ERR_CONNECTION_REFUSED @ http://localhost:8099/stream:0
[43997188ms] [ERROR] Failed to load resource: net::ERR_CONNECTION_REFUSED @ http://localhost:8099/stream:0
[44000191ms] [ERROR] Failed to load resource: net::ERR_CONNECTION_REFUSED @ http://localhost:8099/stream:0
[44003196ms] [ERROR] Failed to load resource: net::ERR_CONNECTION_REFUSED @ http://localhost:8099/stream:0
[44006204ms] [ERROR] Failed to load resource: net::ERR_CONNECTION_REFUSED @ http://localhost:8099/stream:0
[44009210ms] [ERROR] Failed to load resource: net::ERR_CONNECTION_REFUSED @ http://localhost:8099/stream:0
[44012216ms] [ERROR] Failed to load resource: net::ERR_CONNECTION_REFUSED @ http://localhost:8099/stream:0
[44210436ms] [ERROR] Failed to load resource: net::ERR_CONNECTION_REFUSED @ http://localhost:8099/stream:0
[44213440ms] [ERROR] Failed to load resource: net::ERR_CONNECTION_REFUSED @ http://localhost:8099/stream:0
[44216446ms] [ERROR] Failed to load resource: net::ERR_CONNECTION_REFUSED @ http://localhost:8099/stream:0
[44219451ms] [ERROR] Failed to load resource: net::ERR_CONNECTION_REFUSED @ http://localhost:8099/stream:0
[44222456ms] [ERROR] Failed to load resource: net::ERR_CONNECTION_REFUSED @ http://localhost:8099/stream:0
[44225461ms] [ERROR] Failed to load resource: net::ERR_CONNECTION_REFUSED @ http://localhost:8099/stream:0
[44228467ms] [ERROR] Failed to load resource: net::ERR_CONNECTION_REFUSED @ http://localhost:8099/stream:0
[44231473ms] [ERROR] Failed to load resource: net::ERR_CONNECTION_REFUSED @ http://localhost:8099/stream:0
[44234478ms] [ERROR] Failed to load resource: net::ERR_CONNECTION_REFUSED @ http://localhost:8099/stream:0
[44237484ms] [ERROR] Failed to load resource: net::ERR_CONNECTION_REFUSED @ http://localhost:8099/stream:0
[44240487ms] [ERROR] Failed to load resource: net::ERR_CONNECTION_REFUSED @ http://localhost:8099/stream:0
[44243492ms] [ERROR] Failed to load resource: net::ERR_CONNECTION_REFUSED @ http://localhost:8099/stream:0
[44246499ms] [ERROR] Failed to load resource: net::ERR_CONNECTION_REFUSED @ http://localhost:8099/stream:0
[44249502ms] [ERROR] Failed to load resource: net::ERR_CONNECTION_REFUSED @ http://localhost:8099/stream:0
[44252508ms] [ERROR] Failed to load resource: net::ERR_CONNECTION_REFUSED @ http://localhost:8099/stream:0
[45204156ms] [ERROR] Failed to load resource: net::ERR_CONNECTION_REFUSED @ http://localhost:8099/stream:0
[45207165ms] [ERROR] Failed to load resource: net::ERR_CONNECTION_REFUSED @ http://localhost:8099/stream:0
[46110026ms] [ERROR] Failed to load resource: net::ERR_CONNECTION_REFUSED @ http://localhost:8099/stream:0
[46113031ms] [ERROR] Failed to load resource: net::ERR_CONNECTION_REFUSED @ http://localhost:8099/stream:0
[46116037ms] [ERROR] Failed to load resource: net::ERR_CONNECTION_REFUSED @ http://localhost:8099/stream:0
[46119043ms] [ERROR] Failed to load resource: net::ERR_CONNECTION_REFUSED @ http://localhost:8099/stream:0
[46122049ms] [ERROR] Failed to load resource: net::ERR_CONNECTION_REFUSED @ http://localhost:8099/stream:0
[46125055ms] [ERROR] Failed to load resource: net::ERR_CONNECTION_REFUSED @ http://localhost:8099/stream:0
[46128060ms] [ERROR] Failed to load resource: net::ERR_CONNECTION_REFUSED @ http://localhost:8099/stream:0
[46131066ms] [ERROR] Failed to load resource: net::ERR_CONNECTION_REFUSED @ http://localhost:8099/stream:0
[46134071ms] [ERROR] Failed to load resource: net::ERR_CONNECTION_REFUSED @ http://localhost:8099/stream:0
[46137077ms] [ERROR] Failed to load resource: net::ERR_CONNECTION_REFUSED @ http://localhost:8099/stream:0
[46140082ms] [ERROR] Failed to load resource: net::ERR_CONNECTION_REFUSED @ http://localhost:8099/stream:0
[46143088ms] [ERROR] Failed to load resource: net::ERR_CONNECTION_REFUSED @ http://localhost:8099/stream:0
[46146094ms] [ERROR] Failed to load resource: net::ERR_CONNECTION_REFUSED @ http://localhost:8099/stream:0
[46149100ms] [ERROR] Failed to load resource: net::ERR_CONNECTION_REFUSED @ http://localhost:8099/stream:0
[46152103ms] [ERROR] Failed to load resource: net::ERR_CONNECTION_REFUSED @ http://localhost:8099/stream:0
[46155108ms] [ERROR] Failed to load resource: net::ERR_CONNECTION_REFUSED @ http://localhost:8099/stream:0
[47059252ms] [ERROR] Failed to load resource: net::ERR_CONNECTION_REFUSED @ http://localhost:8099/stream:0
[47062257ms] [ERROR] Failed to load resource: net::ERR_CONNECTION_REFUSED @ http://localhost:8099/stream:0
[47065263ms] [ERROR] Failed to load resource: net::ERR_CONNECTION_REFUSED @ http://localhost:8099/stream:0
[47068266ms] [ERROR] Failed to load resource: net::ERR_CONNECTION_REFUSED @ http://localhost:8099/stream:0
[47071273ms] [ERROR] Failed to load resource: net::ERR_CONNECTION_REFUSED @ http://localhost:8099/stream:0
[47074277ms] [ERROR] Failed to load resource: net::ERR_CONNECTION_REFUSED @ http://localhost:8099/stream:0
[47077282ms] [ERROR] Failed to load resource: net::ERR_CONNECTION_REFUSED @ http://localhost:8099/stream:0
[47080284ms] [ERROR] Failed to load resource: net::ERR_CONNECTION_REFUSED @ http://localhost:8099/stream:0
[47083288ms] [ERROR] Failed to load resource: net::ERR_CONNECTION_REFUSED @ http://localhost:8099/stream:0
[47086293ms] [ERROR] Failed to load resource: net::ERR_CONNECTION_REFUSED @ http://localhost:8099/stream:0
[47089298ms] [ERROR] Failed to load resource: net::ERR_CONNECTION_REFUSED @ http://localhost:8099/stream:0
[47092304ms] [ERROR] Failed to load resource: net::ERR_CONNECTION_REFUSED @ http://localhost:8099/stream:0
[47095310ms] [ERROR] Failed to load resource: net::ERR_CONNECTION_REFUSED @ http://localhost:8099/stream:0
[47098316ms] [ERROR] Failed to load resource: net::ERR_CONNECTION_REFUSED @ http://localhost:8099/stream:0
[47101321ms] [ERROR] Failed to load resource: net::ERR_CONNECTION_REFUSED @ http://localhost:8099/stream:0
[47626729ms] [ERROR] Failed to load resource: net::ERR_CONNECTION_REFUSED @ http://localhost:8099/stream:0
[47629734ms] [ERROR] Failed to load resource: net::ERR_CONNECTION_REFUSED @ http://localhost:8099/stream:0
[47632739ms] [ERROR] Failed to load resource: net::ERR_CONNECTION_REFUSED @ http://localhost:8099/stream:0
[47635745ms] [ERROR] Failed to load resource: net::ERR_CONNECTION_REFUSED @ http://localhost:8099/stream:0
[47638749ms] [ERROR] Failed to load resource: net::ERR_CONNECTION_REFUSED @ http://localhost:8099/stream:0
[47641754ms] [ERROR] Failed to load resource: net::ERR_CONNECTION_REFUSED @ http://localhost:8099/stream:0
[47644760ms] [ERROR] Failed to load resource: net::ERR_CONNECTION_REFUSED @ http://localhost:8099/stream:0
[47647765ms] [ERROR] Failed to load resource: net::ERR_CONNECTION_REFUSED @ http://localhost:8099/stream:0
[47650771ms] [ERROR] Failed to load resource: net::ERR_CONNECTION_REFUSED @ http://localhost:8099/stream:0
[47653776ms] [ERROR] Failed to load resource: net::ERR_CONNECTION_REFUSED @ http://localhost:8099/stream:0
[47656781ms] [ERROR] Failed to load resource: net::ERR_CONNECTION_REFUSED @ http://localhost:8099/stream:0
[47659787ms] [ERROR] Failed to load resource: net::ERR_CONNECTION_REFUSED @ http://localhost:8099/stream:0
[47662791ms] [ERROR] Failed to load resource: net::ERR_CONNECTION_REFUSED @ http://localhost:8099/stream:0
[47665796ms] [ERROR] Failed to load resource: net::ERR_CONNECTION_REFUSED @ http://localhost:8099/stream:0
[47668801ms] [ERROR] Failed to load resource: net::ERR_CONNECTION_REFUSED @ http://localhost:8099/stream:0
[47671806ms] [ERROR] Failed to load resource: net::ERR_CONNECTION_REFUSED @ http://localhost:8099/stream:0
[48653654ms] [ERROR] Failed to load resource: net::ERR_CONNECTION_REFUSED @ http://localhost:8099/stream:0
[48656660ms] [ERROR] Failed to load resource: net::ERR_CONNECTION_REFUSED @ http://localhost:8099/stream:0
[49713282ms] [ERROR] Failed to load resource: net::ERR_CONNECTION_REFUSED @ http://localhost:8099/stream:0
[49716284ms] [ERROR] Failed to load resource: net::ERR_CONNECTION_REFUSED @ http://localhost:8099/stream:0
[50769847ms] [ERROR] Failed to load resource: net::ERR_CONNECTION_REFUSED @ http://localhost:8099/stream:0
[50772853ms] [ERROR] Failed to load resource: net::ERR_CONNECTION_REFUSED @ http://localhost:8099/stream:0
[50775856ms] [ERROR] Failed to load resource: net::ERR_CONNECTION_REFUSED @ http://localhost:8099/stream:0
[50778860ms] [ERROR] Failed to load resource: net::ERR_CONNECTION_REFUSED @ http://localhost:8099/stream:0
[50781864ms] [ERROR] Failed to load resource: net::ERR_CONNECTION_REFUSED @ http://localhost:8099/stream:0
[50784872ms] [ERROR] Failed to load resource: net::ERR_CONNECTION_REFUSED @ http://localhost:8099/stream:0
[50787876ms] [ERROR] Failed to load resource: net::ERR_CONNECTION_REFUSED @ http://localhost:8099/stream:0
[51286656ms] [ERROR] Failed to load resource: net::ERR_CONNECTION_REFUSED @ http://localhost:8099/stream:0
[51289664ms] [ERROR] Failed to load resource: net::ERR_CONNECTION_REFUSED @ http://localhost:8099/stream:0
[51292670ms] [ERROR] Failed to load resource: net::ERR_CONNECTION_REFUSED @ http://localhost:8099/stream:0
[51295675ms] [ERROR] Failed to load resource: net::ERR_CONNECTION_REFUSED @ http://localhost:8099/stream:0
[51298678ms] [ERROR] Failed to load resource: net::ERR_CONNECTION_REFUSED @ http://localhost:8099/stream:0
[51301684ms] [ERROR] Failed to load resource: net::ERR_CONNECTION_REFUSED @ http://localhost:8099/stream:0
[51304689ms] [ERROR] Failed to load resource: net::ERR_CONNECTION_REFUSED @ http://localhost:8099/stream:0
[51307694ms] [ERROR] Failed to load resource: net::ERR_CONNECTION_REFUSED @ http://localhost:8099/stream:0
[51310699ms] [ERROR] Failed to load resource: net::ERR_CONNECTION_REFUSED @ http://localhost:8099/stream:0
[51313703ms] [ERROR] Failed to load resource: net::ERR_CONNECTION_REFUSED @ http://localhost:8099/stream:0
[51316708ms] [ERROR] Failed to load resource: net::ERR_CONNECTION_REFUSED @ http://localhost:8099/stream:0
[51319713ms] [ERROR] Failed to load resource: net::ERR_CONNECTION_REFUSED @ http://localhost:8099/stream:0
[51322718ms] [ERROR] Failed to load resource: net::ERR_CONNECTION_REFUSED @ http://localhost:8099/stream:0
[51325722ms] [ERROR] Failed to load resource: net::ERR_CONNECTION_REFUSED @ http://localhost:8099/stream:0
[51328728ms] [ERROR] Failed to load resource: net::ERR_CONNECTION_REFUSED @ http://localhost:8099/stream:0
[51331734ms] [ERROR] Failed to load resource: net::ERR_CONNECTION_REFUSED @ http://localhost:8099/stream:0
[51473505ms] [ERROR] Failed to load resource: net::ERR_CONNECTION_REFUSED @ http://localhost:8099/stream:0
[51476513ms] [ERROR] Failed to load resource: net::ERR_CONNECTION_REFUSED @ http://localhost:8099/stream:0
[51479518ms] [ERROR] Failed to load resource: net::ERR_CONNECTION_REFUSED @ http://localhost:8099/stream:0
[51482523ms] [ERROR] Failed to load resource: net::ERR_CONNECTION_REFUSED @ http://localhost:8099/stream:0
[51485529ms] [ERROR] Failed to load resource: net::ERR_CONNECTION_REFUSED @ http://localhost:8099/stream:0
[51488534ms] [ERROR] Failed to load resource: net::ERR_CONNECTION_REFUSED @ http://localhost:8099/stream:0
[51491539ms] [ERROR] Failed to load resource: net::ERR_CONNECTION_REFUSED @ http://localhost:8099/stream:0
[51494545ms] [ERROR] Failed to load resource: net::ERR_CONNECTION_REFUSED @ http://localhost:8099/stream:0
[51497551ms] [ERROR] Failed to load resource: net::ERR_CONNECTION_REFUSED @ http://localhost:8099/stream:0
[51500557ms] [ERROR] Failed to load resource: net::ERR_CONNECTION_REFUSED @ http://localhost:8099/stream:0
[51503562ms] [ERROR] Failed to load resource: net::ERR_CONNECTION_REFUSED @ http://localhost:8099/stream:0
[51506567ms] [ERROR] Failed to load resource: net::ERR_CONNECTION_REFUSED @ http://localhost:8099/stream:0
[51509574ms] [ERROR] Failed to load resource: net::ERR_CONNECTION_REFUSED @ http://localhost:8099/stream:0
[51512582ms] [ERROR] Failed to load resource: net::ERR_CONNECTION_REFUSED @ http://localhost:8099/stream:0
[51515587ms] [ERROR] Failed to load resource: net::ERR_CONNECTION_REFUSED @ http://localhost:8099/stream:0
[51518592ms] [ERROR] Failed to load resource: net::ERR_CONNECTION_REFUSED @ http://localhost:8099/stream:0
[51688148ms] [ERROR] Failed to load resource: net::ERR_CONNECTION_REFUSED @ http://localhost:8099/stream:0
[51691154ms] [ERROR] Failed to load resource: net::ERR_CONNECTION_REFUSED @ http://localhost:8099/stream:0
[51694160ms] [ERROR] Failed to load resource: net::ERR_CONNECTION_REFUSED @ http://localhost:8099/stream:0
[51697166ms] [ERROR] Failed to load resource: net::ERR_CONNECTION_REFUSED @ http://localhost:8099/stream:0
[51700171ms] [ERROR] Failed to load resource: net::ERR_CONNECTION_REFUSED @ http://localhost:8099/stream:0
[51703177ms] [ERROR] Failed to load resource: net::ERR_CONNECTION_REFUSED @ http://localhost:8099/stream:0
[51706183ms] [ERROR] Failed to load resource: net::ERR_CONNECTION_REFUSED @ http://localhost:8099/stream:0
[51709189ms] [ERROR] Failed to load resource: net::ERR_CONNECTION_REFUSED @ http://localhost:8099/stream:0
[51712195ms] [ERROR] Failed to load resource: net::ERR_CONNECTION_REFUSED @ http://localhost:8099/stream:0
[51715200ms] [ERROR] Failed to load resource: net::ERR_CONNECTION_REFUSED @ http://localhost:8099/stream:0
[51718206ms] [ERROR] Failed to load resource: net::ERR_CONNECTION_REFUSED @ http://localhost:8099/stream:0
[51721212ms] [ERROR] Failed to load resource: net::ERR_CONNECTION_REFUSED @ http://localhost:8099/stream:0
[51724218ms] [ERROR] Failed to load resource: net::ERR_CONNECTION_REFUSED @ http://localhost:8099/stream:0
[51727224ms] [ERROR] Failed to load resource: net::ERR_CONNECTION_REFUSED @ http://localhost:8099/stream:0
[51730228ms] [ERROR] Failed to load resource: net::ERR_CONNECTION_REFUSED @ http://localhost:8099/stream:0
[51817706ms] [ERROR] Failed to load resource: net::ERR_CONNECTION_REFUSED @ http://localhost:8099/stream:0
[51820712ms] [ERROR] Failed to load resource: net::ERR_CONNECTION_REFUSED @ http://localhost:8099/stream:0
[51823718ms] [ERROR] Failed to load resource: net::ERR_CONNECTION_REFUSED @ http://localhost:8099/stream:0
[51826723ms] [ERROR] Failed to load resource: net::ERR_CONNECTION_REFUSED @ http://localhost:8099/stream:0
[51829729ms] [ERROR] Failed to load resource: net::ERR_CONNECTION_REFUSED @ http://localhost:8099/stream:0
[51832734ms] [ERROR] Failed to load resource: net::ERR_CONNECTION_REFUSED @ http://localhost:8099/stream:0
[51835740ms] [ERROR] Failed to load resource: net::ERR_CONNECTION_REFUSED @ http://localhost:8099/stream:0
[51838746ms] [ERROR] Failed to load resource: net::ERR_CONNECTION_REFUSED @ http://localhost:8099/stream:0
[51841751ms] [ERROR] Failed to load resource: net::ERR_CONNECTION_REFUSED @ http://localhost:8099/stream:0
[51844756ms] [ERROR] Failed to load resource: net::ERR_CONNECTION_REFUSED @ http://localhost:8099/stream:0
[51847762ms] [ERROR] Failed to load resource: net::ERR_CONNECTION_REFUSED @ http://localhost:8099/stream:0
[51850768ms] [ERROR] Failed to load resource: net::ERR_CONNECTION_REFUSED @ http://localhost:8099/stream:0
[51853773ms] [ERROR] Failed to load resource: net::ERR_CONNECTION_REFUSED @ http://localhost:8099/stream:0
[51856778ms] [ERROR] Failed to load resource: net::ERR_CONNECTION_REFUSED @ http://localhost:8099/stream:0
[51859784ms] [ERROR] Failed to load resource: net::ERR_CONNECTION_REFUSED @ http://localhost:8099/stream:0
[51862788ms] [ERROR] Failed to load resource: net::ERR_CONNECTION_REFUSED @ http://localhost:8099/stream:0
[52880521ms] [ERROR] Failed to load resource: net::ERR_CONNECTION_REFUSED @ http://localhost:8099/stream:0
[52883527ms] [ERROR] Failed to load resource: net::ERR_CONNECTION_REFUSED @ http://localhost:8099/stream:0
[53786417ms] [ERROR] Failed to load resource: net::ERR_CONNECTION_REFUSED @ http://localhost:8099/stream:0
[53789428ms] [ERROR] Failed to load resource: net::ERR_CONNECTION_REFUSED @ http://localhost:8099/stream:0
[53792432ms] [ERROR] Failed to load resource: net::ERR_CONNECTION_REFUSED @ http://localhost:8099/stream:0
[53795437ms] [ERROR] Failed to load resource: net::ERR_CONNECTION_REFUSED @ http://localhost:8099/stream:0
[53798441ms] [ERROR] Failed to load resource: net::ERR_CONNECTION_REFUSED @ http://localhost:8099/stream:0
[53801447ms] [ERROR] Failed to load resource: net::ERR_CONNECTION_REFUSED @ http://localhost:8099/stream:0
[53804453ms] [ERROR] Failed to load resource: net::ERR_CONNECTION_REFUSED @ http://localhost:8099/stream:0
[53807459ms] [ERROR] Failed to load resource: net::ERR_CONNECTION_REFUSED @ http://localhost:8099/stream:0
[53810463ms] [ERROR] Failed to load resource: net::ERR_CONNECTION_REFUSED @ http://localhost:8099/stream:0
[53813469ms] [ERROR] Failed to load resource: net::ERR_CONNECTION_REFUSED @ http://localhost:8099/stream:0
[53816474ms] [ERROR] Failed to load resource: net::ERR_CONNECTION_REFUSED @ http://localhost:8099/stream:0
[53819479ms] [ERROR] Failed to load resource: net::ERR_CONNECTION_REFUSED @ http://localhost:8099/stream:0
[53822483ms] [ERROR] Failed to load resource: net::ERR_CONNECTION_REFUSED @ http://localhost:8099/stream:0
[53825487ms] [ERROR] Failed to load resource: net::ERR_CONNECTION_REFUSED @ http://localhost:8099/stream:0
[53828490ms] [ERROR] Failed to load resource: net::ERR_CONNECTION_REFUSED @ http://localhost:8099/stream:0
[53831493ms] [ERROR] Failed to load resource: net::ERR_CONNECTION_REFUSED @ http://localhost:8099/stream:0
[53930078ms] [ERROR] Failed to load resource: net::ERR_CONNECTION_REFUSED @ http://localhost:8099/stream:0
[53933083ms] [ERROR] Failed to load resource: net::ERR_CONNECTION_REFUSED @ http://localhost:8099/stream:0
[53936090ms] [ERROR] Failed to load resource: net::ERR_CONNECTION_REFUSED @ http://localhost:8099/stream:0
[53939096ms] [ERROR] Failed to load resource: net::ERR_CONNECTION_REFUSED @ http://localhost:8099/stream:0
[53942101ms] [ERROR] Failed to load resource: net::ERR_CONNECTION_REFUSED @ http://localhost:8099/stream:0
[53945107ms] [ERROR] Failed to load resource: net::ERR_CONNECTION_REFUSED @ http://localhost:8099/stream:0
[53948112ms] [ERROR] Failed to load resource: net::ERR_CONNECTION_REFUSED @ http://localhost:8099/stream:0
[53951118ms] [ERROR] Failed to load resource: net::ERR_CONNECTION_REFUSED @ http://localhost:8099/stream:0
[53954124ms] [ERROR] Failed to load resource: net::ERR_CONNECTION_REFUSED @ http://localhost:8099/stream:0
[53957127ms] [ERROR] Failed to load resource: net::ERR_CONNECTION_REFUSED @ http://localhost:8099/stream:0
[53960132ms] [ERROR] Failed to load resource: net::ERR_CONNECTION_REFUSED @ http://localhost:8099/stream:0
[53963136ms] [ERROR] Failed to load resource: net::ERR_CONNECTION_REFUSED @ http://localhost:8099/stream:0
[53966142ms] [ERROR] Failed to load resource: net::ERR_CONNECTION_REFUSED @ http://localhost:8099/stream:0
[53969148ms] [ERROR] Failed to load resource: net::ERR_CONNECTION_REFUSED @ http://localhost:8099/stream:0
[53972154ms] [ERROR] Failed to load resource: net::ERR_CONNECTION_REFUSED @ http://localhost:8099/stream:0
[54073661ms] [ERROR] Failed to load resource: net::ERR_CONNECTION_REFUSED @ http://localhost:8099/stream:0
[54076665ms] [ERROR] Failed to load resource: net::ERR_CONNECTION_REFUSED @ http://localhost:8099/stream:0
[54079670ms] [ERROR] Failed to load resource: net::ERR_CONNECTION_REFUSED @ http://localhost:8099/stream:0
[54082675ms] [ERROR] Failed to load resource: net::ERR_CONNECTION_REFUSED @ http://localhost:8099/stream:0
[54085680ms] [ERROR] Failed to load resource: net::ERR_CONNECTION_REFUSED @ http://localhost:8099/stream:0
[54088684ms] [ERROR] Failed to load resource: net::ERR_CONNECTION_REFUSED @ http://localhost:8099/stream:0
[54091690ms] [ERROR] Failed to load resource: net::ERR_CONNECTION_REFUSED @ http://localhost:8099/stream:0
[54094694ms] [ERROR] Failed to load resource: net::ERR_CONNECTION_REFUSED @ http://localhost:8099/stream:0
[54097699ms] [ERROR] Failed to load resource: net::ERR_CONNECTION_REFUSED @ http://localhost:8099/stream:0
[54100704ms] [ERROR] Failed to load resource: net::ERR_CONNECTION_REFUSED @ http://localhost:8099/stream:0
[54103710ms] [ERROR] Failed to load resource: net::ERR_CONNECTION_REFUSED @ http://localhost:8099/stream:0
[54106715ms] [ERROR] Failed to load resource: net::ERR_CONNECTION_REFUSED @ http://localhost:8099/stream:0
[54109720ms] [ERROR] Failed to load resource: net::ERR_CONNECTION_REFUSED @ http://localhost:8099/stream:0
[54112726ms] [ERROR] Failed to load resource: net::ERR_CONNECTION_REFUSED @ http://localhost:8099/stream:0
[54115730ms] [ERROR] Failed to load resource: net::ERR_CONNECTION_REFUSED @ http://localhost:8099/stream:0
[54118736ms] [ERROR] Failed to load resource: net::ERR_CONNECTION_REFUSED @ http://localhost:8099/stream:0
[54948134ms] [ERROR] Failed to load resource: net::ERR_CONNECTION_REFUSED @ http://localhost:8099/stream:0
[54951141ms] [ERROR] Failed to load resource: net::ERR_CONNECTION_REFUSED @ http://localhost:8099/stream:0
[54954147ms] [ERROR] Failed to load resource: net::ERR_CONNECTION_REFUSED @ http://localhost:8099/stream:0
[54957153ms] [ERROR] Failed to load resource: net::ERR_CONNECTION_REFUSED @ http://localhost:8099/stream:0
[54960157ms] [ERROR] Failed to load resource: net::ERR_CONNECTION_REFUSED @ http://localhost:8099/stream:0
[54963168ms] [ERROR] Failed to load resource: net::ERR_CONNECTION_REFUSED @ http://localhost:8099/stream:0
[54966173ms] [ERROR] Failed to load resource: net::ERR_CONNECTION_REFUSED @ http://localhost:8099/stream:0
[54969178ms] [ERROR] Failed to load resource: net::ERR_CONNECTION_REFUSED @ http://localhost:8099/stream:0
[54972184ms] [ERROR] Failed to load resource: net::ERR_CONNECTION_REFUSED @ http://localhost:8099/stream:0
[54975189ms] [ERROR] Failed to load resource: net::ERR_CONNECTION_REFUSED @ http://localhost:8099/stream:0
[54978195ms] [ERROR] Failed to load resource: net::ERR_CONNECTION_REFUSED @ http://localhost:8099/stream:0
[54981200ms] [ERROR] Failed to load resource: net::ERR_CONNECTION_REFUSED @ http://localhost:8099/stream:0
[54984224ms] [ERROR] Failed to load resource: net::ERR_CONNECTION_REFUSED @ http://localhost:8099/stream:0
[54987230ms] [ERROR] Failed to load resource: net::ERR_CONNECTION_REFUSED @ http://localhost:8099/stream:0
[54990236ms] [ERROR] Failed to load resource: net::ERR_CONNECTION_REFUSED @ http://localhost:8099/stream:0
[55893168ms] [ERROR] Failed to load resource: net::ERR_CONNECTION_REFUSED @ http://localhost:8099/stream:0
[55896175ms] [ERROR] Failed to load resource: net::ERR_CONNECTION_REFUSED @ http://localhost:8099/stream:0
[55899180ms] [ERROR] Failed to load resource: net::ERR_CONNECTION_REFUSED @ http://localhost:8099/stream:0
[55902195ms] [ERROR] Failed to load resource: net::ERR_CONNECTION_REFUSED @ http://localhost:8099/stream:0
[55905199ms] [ERROR] Failed to load resource: net::ERR_CONNECTION_REFUSED @ http://localhost:8099/stream:0
[55908204ms] [ERROR] Failed to load resource: net::ERR_CONNECTION_REFUSED @ http://localhost:8099/stream:0
[55911207ms] [ERROR] Failed to load resource: net::ERR_CONNECTION_REFUSED @ http://localhost:8099/stream:0
[55914210ms] [ERROR] Failed to load resource: net::ERR_CONNECTION_REFUSED @ http://localhost:8099/stream:0
[55917213ms] [ERROR] Failed to load resource: net::ERR_CONNECTION_REFUSED @ http://localhost:8099/stream:0
[55920218ms] [ERROR] Failed to load resource: net::ERR_CONNECTION_REFUSED @ http://localhost:8099/stream:0
[55923225ms] [ERROR] Failed to load resource: net::ERR_CONNECTION_REFUSED @ http://localhost:8099/stream:0
[55926229ms] [ERROR] Failed to load resource: net::ERR_CONNECTION_REFUSED @ http://localhost:8099/stream:0
[55929235ms] [ERROR] Failed to load resource: net::ERR_CONNECTION_REFUSED @ http://localhost:8099/stream:0
[55932240ms] [ERROR] Failed to load resource: net::ERR_CONNECTION_REFUSED @ http://localhost:8099/stream:0
[55935244ms] [ERROR] Failed to load resource: net::ERR_CONNECTION_REFUSED @ http://localhost:8099/stream:0
[55938250ms] [ERROR] Failed to load resource: net::ERR_CONNECTION_REFUSED @ http://localhost:8099/stream:0
[56884047ms] [ERROR] Failed to load resource: net::ERR_CONNECTION_REFUSED @ http://localhost:8099/stream:0
[56887054ms] [ERROR] Failed to load resource: net::ERR_CONNECTION_REFUSED @ http://localhost:8099/stream:0
[57789959ms] [ERROR] Failed to load resource: net::ERR_CONNECTION_REFUSED @ http://localhost:8099/stream:0
[57792962ms] [ERROR] Failed to load resource: net::ERR_CONNECTION_REFUSED @ http://localhost:8099/stream:0
[57795968ms] [ERROR] Failed to load resource: net::ERR_CONNECTION_REFUSED @ http://localhost:8099/stream:0
[57798974ms] [ERROR] Failed to load resource: net::ERR_CONNECTION_REFUSED @ http://localhost:8099/stream:0
[57801980ms] [ERROR] Failed to load resource: net::ERR_CONNECTION_REFUSED @ http://localhost:8099/stream:0
[57804984ms] [ERROR] Failed to load resource: net::ERR_CONNECTION_REFUSED @ http://localhost:8099/stream:0
[57807990ms] [ERROR] Failed to load resource: net::ERR_CONNECTION_REFUSED @ http://localhost:8099/stream:0
[57810995ms] [ERROR] Failed to load resource: net::ERR_CONNECTION_REFUSED @ http://localhost:8099/stream:0
[57814001ms] [ERROR] Failed to load resource: net::ERR_CONNECTION_REFUSED @ http://localhost:8099/stream:0
[57817006ms] [ERROR] Failed to load resource: net::ERR_CONNECTION_REFUSED @ http://localhost:8099/stream:0
[57820011ms] [ERROR] Failed to load resource: net::ERR_CONNECTION_REFUSED @ http://localhost:8099/stream:0
[57823017ms] [ERROR] Failed to load resource: net::ERR_CONNECTION_REFUSED @ http://localhost:8099/stream:0
[57826022ms] [ERROR] Failed to load resource: net::ERR_CONNECTION_REFUSED @ http://localhost:8099/stream:0
[57829028ms] [ERROR] Failed to load resource: net::ERR_CONNECTION_REFUSED @ http://localhost:8099/stream:0
[57832033ms] [ERROR] Failed to load resource: net::ERR_CONNECTION_REFUSED @ http://localhost:8099/stream:0
[57835038ms] [ERROR] Failed to load resource: net::ERR_CONNECTION_REFUSED @ http://localhost:8099/stream:0
[58089468ms] [ERROR] Failed to load resource: net::ERR_CONNECTION_REFUSED @ http://localhost:8099/stream:0
[58092474ms] [ERROR] Failed to load resource: net::ERR_CONNECTION_REFUSED @ http://localhost:8099/stream:0
[58095477ms] [ERROR] Failed to load resource: net::ERR_CONNECTION_REFUSED @ http://localhost:8099/stream:0
[58098482ms] [ERROR] Failed to load resource: net::ERR_CONNECTION_REFUSED @ http://localhost:8099/stream:0
[58101486ms] [ERROR] Failed to load resource: net::ERR_CONNECTION_REFUSED @ http://localhost:8099/stream:0
[58104491ms] [ERROR] Failed to load resource: net::ERR_CONNECTION_REFUSED @ http://localhost:8099/stream:0
[58107496ms] [ERROR] Failed to load resource: net::ERR_CONNECTION_REFUSED @ http://localhost:8099/stream:0
[58110502ms] [ERROR] Failed to load resource: net::ERR_CONNECTION_REFUSED @ http://localhost:8099/stream:0
[58113506ms] [ERROR] Failed to load resource: net::ERR_CONNECTION_REFUSED @ http://localhost:8099/stream:0
[58116511ms] [ERROR] Failed to load resource: net::ERR_CONNECTION_REFUSED @ http://localhost:8099/stream:0
[58119516ms] [ERROR] Failed to load resource: net::ERR_CONNECTION_REFUSED @ http://localhost:8099/stream:0
[58122521ms] [ERROR] Failed to load resource: net::ERR_CONNECTION_REFUSED @ http://localhost:8099/stream:0
[58125526ms] [ERROR] Failed to load resource: net::ERR_CONNECTION_REFUSED @ http://localhost:8099/stream:0
[58128530ms] [ERROR] Failed to load resource: net::ERR_CONNECTION_REFUSED @ http://localhost:8099/stream:0
[58131536ms] [ERROR] Failed to load resource: net::ERR_CONNECTION_REFUSED @ http://localhost:8099/stream:0
[58208915ms] [ERROR] Failed to load resource: net::ERR_CONNECTION_REFUSED @ http://localhost:8099/stream:0
[58211920ms] [ERROR] Failed to load resource: net::ERR_CONNECTION_REFUSED @ http://localhost:8099/stream:0
[58214927ms] [ERROR] Failed to load resource: net::ERR_CONNECTION_REFUSED @ http://localhost:8099/stream:0
[58217932ms] [ERROR] Failed to load resource: net::ERR_CONNECTION_REFUSED @ http://localhost:8099/stream:0
[58220938ms] [ERROR] Failed to load resource: net::ERR_CONNECTION_REFUSED @ http://localhost:8099/stream:0
[58223944ms] [ERROR] Failed to load resource: net::ERR_CONNECTION_REFUSED @ http://localhost:8099/stream:0
[58226948ms] [ERROR] Failed to load resource: net::ERR_CONNECTION_REFUSED @ http://localhost:8099/stream:0
[58229954ms] [ERROR] Failed to load resource: net::ERR_CONNECTION_REFUSED @ http://localhost:8099/stream:0
[58232960ms] [ERROR] Failed to load resource: net::ERR_CONNECTION_REFUSED @ http://localhost:8099/stream:0
[58235963ms] [ERROR] Failed to load resource: net::ERR_CONNECTION_REFUSED @ http://localhost:8099/stream:0
[58238968ms] [ERROR] Failed to load resource: net::ERR_CONNECTION_REFUSED @ http://localhost:8099/stream:0
[58241973ms] [ERROR] Failed to load resource: net::ERR_CONNECTION_REFUSED @ http://localhost:8099/stream:0
[58244979ms] [ERROR] Failed to load resource: net::ERR_CONNECTION_REFUSED @ http://localhost:8099/stream:0
[58247985ms] [ERROR] Failed to load resource: net::ERR_CONNECTION_REFUSED @ http://localhost:8099/stream:0
[58250990ms] [ERROR] Failed to load resource: net::ERR_CONNECTION_REFUSED @ http://localhost:8099/stream:0
[58253996ms] [ERROR] Failed to load resource: net::ERR_CONNECTION_REFUSED @ http://localhost:8099/stream:0
[58349745ms] [ERROR] Failed to load resource: net::ERR_CONNECTION_REFUSED @ http://localhost:8099/stream:0
[58352751ms] [ERROR] Failed to load resource: net::ERR_CONNECTION_REFUSED @ http://localhost:8099/stream:0
[58355756ms] [ERROR] Failed to load resource: net::ERR_CONNECTION_REFUSED @ http://localhost:8099/stream:0
[58358759ms] [ERROR] Failed to load resource: net::ERR_CONNECTION_REFUSED @ http://localhost:8099/stream:0
[58361765ms] [ERROR] Failed to load resource: net::ERR_CONNECTION_REFUSED @ http://localhost:8099/stream:0
[58364771ms] [ERROR] Failed to load resource: net::ERR_CONNECTION_REFUSED @ http://localhost:8099/stream:0
[58367777ms] [ERROR] Failed to load resource: net::ERR_CONNECTION_REFUSED @ http://localhost:8099/stream:0
[58370782ms] [ERROR] Failed to load resource: net::ERR_CONNECTION_REFUSED @ http://localhost:8099/stream:0
[58373787ms] [ERROR] Failed to load resource: net::ERR_CONNECTION_REFUSED @ http://localhost:8099/stream:0
[58376792ms] [ERROR] Failed to load resource: net::ERR_CONNECTION_REFUSED @ http://localhost:8099/stream:0
[58379796ms] [ERROR] Failed to load resource: net::ERR_CONNECTION_REFUSED @ http://localhost:8099/stream:0
[58382802ms] [ERROR] Failed to load resource: net::ERR_CONNECTION_REFUSED @ http://localhost:8099/stream:0
[58385807ms] [ERROR] Failed to load resource: net::ERR_CONNECTION_REFUSED @ http://localhost:8099/stream:0
[58388812ms] [ERROR] Failed to load resource: net::ERR_CONNECTION_REFUSED @ http://localhost:8099/stream:0
[58391820ms] [ERROR] Failed to load resource: net::ERR_CONNECTION_REFUSED @ http://localhost:8099/stream:0
[58394825ms] [ERROR] Failed to load resource: net::ERR_CONNECTION_REFUSED @ http://localhost:8099/stream:0
[58608669ms] [ERROR] Failed to load resource: net::ERR_CONNECTION_REFUSED @ http://localhost:8099/stream:0
[58611675ms] [ERROR] Failed to load resource: net::ERR_CONNECTION_REFUSED @ http://localhost:8099/stream:0
[58614681ms] [ERROR] Failed to load resource: net::ERR_CONNECTION_REFUSED @ http://localhost:8099/stream:0
[58617686ms] [ERROR] Failed to load resource: net::ERR_CONNECTION_REFUSED @ http://localhost:8099/stream:0
[58620691ms] [ERROR] Failed to load resource: net::ERR_CONNECTION_REFUSED @ http://localhost:8099/stream:0
[58623696ms] [ERROR] Failed to load resource: net::ERR_CONNECTION_REFUSED @ http://localhost:8099/stream:0
[58626702ms] [ERROR] Failed to load resource: net::ERR_CONNECTION_REFUSED @ http://localhost:8099/stream:0
[58629708ms] [ERROR] Failed to load resource: net::ERR_CONNECTION_REFUSED @ http://localhost:8099/stream:0
[58632713ms] [ERROR] Failed to load resource: net::ERR_CONNECTION_REFUSED @ http://localhost:8099/stream:0
[58635718ms] [ERROR] Failed to load resource: net::ERR_CONNECTION_REFUSED @ http://localhost:8099/stream:0
[58638724ms] [ERROR] Failed to load resource: net::ERR_CONNECTION_REFUSED @ http://localhost:8099/stream:0
[58641729ms] [ERROR] Failed to load resource: net::ERR_CONNECTION_REFUSED @ http://localhost:8099/stream:0
[58644736ms] [ERROR] Failed to load resource: net::ERR_CONNECTION_REFUSED @ http://localhost:8099/stream:0
[58647741ms] [ERROR] Failed to load resource: net::ERR_CONNECTION_REFUSED @ http://localhost:8099/stream:0
[58650747ms] [ERROR] Failed to load resource: net::ERR_CONNECTION_REFUSED @ http://localhost:8099/stream:0
[59554872ms] [ERROR] Failed to load resource: net::ERR_CONNECTION_REFUSED @ http://localhost:8099/stream:0
[59557878ms] [ERROR] Failed to load resource: net::ERR_CONNECTION_REFUSED @ http://localhost:8099/stream:0
[59560884ms] [ERROR] Failed to load resource: net::ERR_CONNECTION_REFUSED @ http://localhost:8099/stream:0
[59563890ms] [ERROR] Failed to load resource: net::ERR_CONNECTION_REFUSED @ http://localhost:8099/stream:0
[59566894ms] [ERROR] Failed to load resource: net::ERR_CONNECTION_REFUSED @ http://localhost:8099/stream:0
[59569899ms] [ERROR] Failed to load resource: net::ERR_CONNECTION_REFUSED @ http://localhost:8099/stream:0
[59572907ms] [ERROR] Failed to load resource: net::ERR_CONNECTION_REFUSED @ http://localhost:8099/stream:0
[59575912ms] [ERROR] Failed to load resource: net::ERR_CONNECTION_REFUSED @ http://localhost:8099/stream:0
[59578917ms] [ERROR] Failed to load resource: net::ERR_CONNECTION_REFUSED @ http://localhost:8099/stream:0
[59581921ms] [ERROR] Failed to load resource: net::ERR_CONNECTION_REFUSED @ http://localhost:8099/stream:0
[59584931ms] [ERROR] Failed to load resource: net::ERR_CONNECTION_REFUSED @ http://localhost:8099/stream:0
[59587935ms] [ERROR] Failed to load resource: net::ERR_CONNECTION_REFUSED @ http://localhost:8099/stream:0
[59590941ms] [ERROR] Failed to load resource: net::ERR_CONNECTION_REFUSED @ http://localhost:8099/stream:0
[59593946ms] [ERROR] Failed to load resource: net::ERR_CONNECTION_REFUSED @ http://localhost:8099/stream:0
[59596952ms] [ERROR] Failed to load resource: net::ERR_CONNECTION_REFUSED @ http://localhost:8099/stream:0
[59599958ms] [ERROR] Failed to load resource: net::ERR_CONNECTION_REFUSED @ http://localhost:8099/stream:0
[59730109ms] [ERROR] Failed to load resource: net::ERR_CONNECTION_REFUSED @ http://localhost:8099/stream:0
[59733114ms] [ERROR] Failed to load resource: net::ERR_CONNECTION_REFUSED @ http://localhost:8099/stream:0
[59736118ms] [ERROR] Failed to load resource: net::ERR_CONNECTION_REFUSED @ http://localhost:8099/stream:0
[59739124ms] [ERROR] Failed to load resource: net::ERR_CONNECTION_REFUSED @ http://localhost:8099/stream:0
[59742130ms] [ERROR] Failed to load resource: net::ERR_CONNECTION_REFUSED @ http://localhost:8099/stream:0
[59745136ms] [ERROR] Failed to load resource: net::ERR_CONNECTION_REFUSED @ http://localhost:8099/stream:0
[59748144ms] [ERROR] Failed to load resource: net::ERR_CONNECTION_REFUSED @ http://localhost:8099/stream:0
[59751149ms] [ERROR] Failed to load resource: net::ERR_CONNECTION_REFUSED @ http://localhost:8099/stream:0
[59754153ms] [ERROR] Failed to load resource: net::ERR_CONNECTION_REFUSED @ http://localhost:8099/stream:0
[59757159ms] [ERROR] Failed to load resource: net::ERR_CONNECTION_REFUSED @ http://localhost:8099/stream:0
[59760164ms] [ERROR] Failed to load resource: net::ERR_CONNECTION_REFUSED @ http://localhost:8099/stream:0
[59763170ms] [ERROR] Failed to load resource: net::ERR_CONNECTION_REFUSED @ http://localhost:8099/stream:0
[59766175ms] [ERROR] Failed to load resource: net::ERR_CONNECTION_REFUSED @ http://localhost:8099/stream:0
[59769181ms] [ERROR] Failed to load resource: net::ERR_CONNECTION_REFUSED @ http://localhost:8099/stream:0
[59772187ms] [ERROR] Failed to load resource: net::ERR_CONNECTION_REFUSED @ http://localhost:8099/stream:0
[59775193ms] [ERROR] Failed to load resource: net::ERR_CONNECTION_REFUSED @ http://localhost:8099/stream:0
[59863471ms] [ERROR] Failed to load resource: net::ERR_CONNECTION_REFUSED @ http://localhost:8099/stream:0
[59866476ms] [ERROR] Failed to load resource: net::ERR_CONNECTION_REFUSED @ http://localhost:8099/stream:0
[59869482ms] [ERROR] Failed to load resource: net::ERR_CONNECTION_REFUSED @ http://localhost:8099/stream:0
[59872487ms] [ERROR] Failed to load resource: net::ERR_CONNECTION_REFUSED @ http://localhost:8099/stream:0
[59875491ms] [ERROR] Failed to load resource: net::ERR_CONNECTION_REFUSED @ http://localhost:8099/stream:0
[59878496ms] [ERROR] Failed to load resource: net::ERR_CONNECTION_REFUSED @ http://localhost:8099/stream:0
[59881500ms] [ERROR] Failed to load resource: net::ERR_CONNECTION_REFUSED @ http://localhost:8099/stream:0
[59884506ms] [ERROR] Failed to load resource: net::ERR_CONNECTION_REFUSED @ http://localhost:8099/stream:0
[59887512ms] [ERROR] Failed to load resource: net::ERR_CONNECTION_REFUSED @ http://localhost:8099/stream:0
[59890517ms] [ERROR] Failed to load resource: net::ERR_CONNECTION_REFUSED @ http://localhost:8099/stream:0
[59893522ms] [ERROR] Failed to load resource: net::ERR_CONNECTION_REFUSED @ http://localhost:8099/stream:0
[59896528ms] [ERROR] Failed to load resource: net::ERR_CONNECTION_REFUSED @ http://localhost:8099/stream:0
[59899534ms] [ERROR] Failed to load resource: net::ERR_CONNECTION_REFUSED @ http://localhost:8099/stream:0
[59902539ms] [ERROR] Failed to load resource: net::ERR_CONNECTION_REFUSED @ http://localhost:8099/stream:0
[59905544ms] [ERROR] Failed to load resource: net::ERR_CONNECTION_REFUSED @ http://localhost:8099/stream:0
[60050140ms] [ERROR] Failed to load resource: net::ERR_CONNECTION_REFUSED @ http://localhost:8099/stream:0
[60053147ms] [ERROR] Failed to load resource: net::ERR_CONNECTION_REFUSED @ http://localhost:8099/stream:0
[60056152ms] [ERROR] Failed to load resource: net::ERR_CONNECTION_REFUSED @ http://localhost:8099/stream:0
[60059159ms] [ERROR] Failed to load resource: net::ERR_CONNECTION_REFUSED @ http://localhost:8099/stream:0
[60062165ms] [ERROR] Failed to load resource: net::ERR_CONNECTION_REFUSED @ http://localhost:8099/stream:0
[60065169ms] [ERROR] Failed to load resource: net::ERR_CONNECTION_REFUSED @ http://localhost:8099/stream:0
[60068174ms] [ERROR] Failed to load resource: net::ERR_CONNECTION_REFUSED @ http://localhost:8099/stream:0
[60071179ms] [ERROR] Failed to load resource: net::ERR_CONNECTION_REFUSED @ http://localhost:8099/stream:0
[60074184ms] [ERROR] Failed to load resource: net::ERR_CONNECTION_REFUSED @ http://localhost:8099/stream:0
[60077194ms] [ERROR] Failed to load resource: net::ERR_CONNECTION_REFUSED @ http://localhost:8099/stream:0
[60080200ms] [ERROR] Failed to load resource: net::ERR_CONNECTION_REFUSED @ http://localhost:8099/stream:0
[60083204ms] [ERROR] Failed to load resource: net::ERR_CONNECTION_REFUSED @ http://localhost:8099/stream:0
[60086210ms] [ERROR] Failed to load resource: net::ERR_CONNECTION_REFUSED @ http://localhost:8099/stream:0
[60089215ms] [ERROR] Failed to load resource: net::ERR_CONNECTION_REFUSED @ http://localhost:8099/stream:0
[60092219ms] [ERROR] Failed to load resource: net::ERR_CONNECTION_REFUSED @ http://localhost:8099/stream:0
[60095224ms] [ERROR] Failed to load resource: net::ERR_CONNECTION_REFUSED @ http://localhost:8099/stream:0
[60174421ms] [ERROR] Failed to load resource: net::ERR_CONNECTION_REFUSED @ http://localhost:8099/stream:0
[60177428ms] [ERROR] Failed to load resource: net::ERR_CONNECTION_REFUSED @ http://localhost:8099/stream:0
[60180434ms] [ERROR] Failed to load resource: net::ERR_CONNECTION_REFUSED @ http://localhost:8099/stream:0
[60183440ms] [ERROR] Failed to load resource: net::ERR_CONNECTION_REFUSED @ http://localhost:8099/stream:0
[60186446ms] [ERROR] Failed to load resource: net::ERR_CONNECTION_REFUSED @ http://localhost:8099/stream:0
[60189453ms] [ERROR] Failed to load resource: net::ERR_CONNECTION_REFUSED @ http://localhost:8099/stream:0
[60192458ms] [ERROR] Failed to load resource: net::ERR_CONNECTION_REFUSED @ http://localhost:8099/stream:0
[60195463ms] [ERROR] Failed to load resource: net::ERR_CONNECTION_REFUSED @ http://localhost:8099/stream:0
[60198469ms] [ERROR] Failed to load resource: net::ERR_CONNECTION_REFUSED @ http://localhost:8099/stream:0
[60201475ms] [ERROR] Failed to load resource: net::ERR_CONNECTION_REFUSED @ http://localhost:8099/stream:0
[60204480ms] [ERROR] Failed to load resource: net::ERR_CONNECTION_REFUSED @ http://localhost:8099/stream:0
[60207485ms] [ERROR] Failed to load resource: net::ERR_CONNECTION_REFUSED @ http://localhost:8099/stream:0
[60210490ms] [ERROR] Failed to load resource: net::ERR_CONNECTION_REFUSED @ http://localhost:8099/stream:0
[60213494ms] [ERROR] Failed to load resource: net::ERR_CONNECTION_REFUSED @ http://localhost:8099/stream:0
[60216500ms] [ERROR] Failed to load resource: net::ERR_CONNECTION_REFUSED @ http://localhost:8099/stream:0
[60219506ms] [ERROR] Failed to load resource: net::ERR_CONNECTION_REFUSED @ http://localhost:8099/stream:0
[60312664ms] [ERROR] Failed to load resource: net::ERR_CONNECTION_REFUSED @ http://localhost:8099/stream:0
[60315670ms] [ERROR] Failed to load resource: net::ERR_CONNECTION_REFUSED @ http://localhost:8099/stream:0
[60318675ms] [ERROR] Failed to load resource: net::ERR_CONNECTION_REFUSED @ http://localhost:8099/stream:0
[60321679ms] [ERROR] Failed to load resource: net::ERR_CONNECTION_REFUSED @ http://localhost:8099/stream:0
[60324685ms] [ERROR] Failed to load resource: net::ERR_CONNECTION_REFUSED @ http://localhost:8099/stream:0
[60327689ms] [ERROR] Failed to load resource: net::ERR_CONNECTION_REFUSED @ http://localhost:8099/stream:0
[60330694ms] [ERROR] Failed to load resource: net::ERR_CONNECTION_REFUSED @ http://localhost:8099/stream:0
[60333699ms] [ERROR] Failed to load resource: net::ERR_CONNECTION_REFUSED @ http://localhost:8099/stream:0
[60336704ms] [ERROR] Failed to load resource: net::ERR_CONNECTION_REFUSED @ http://localhost:8099/stream:0
[60339710ms] [ERROR] Failed to load resource: net::ERR_CONNECTION_REFUSED @ http://localhost:8099/stream:0
[60342714ms] [ERROR] Failed to load resource: net::ERR_CONNECTION_REFUSED @ http://localhost:8099/stream:0
[60345719ms] [ERROR] Failed to load resource: net::ERR_CONNECTION_REFUSED @ http://localhost:8099/stream:0
[60348724ms] [ERROR] Failed to load resource: net::ERR_CONNECTION_REFUSED @ http://localhost:8099/stream:0
[60351730ms] [ERROR] Failed to load resource: net::ERR_CONNECTION_REFUSED @ http://localhost:8099/stream:0
[60354735ms] [ERROR] Failed to load resource: net::ERR_CONNECTION_REFUSED @ http://localhost:8099/stream:0
[60440557ms] [ERROR] Failed to load resource: net::ERR_CONNECTION_REFUSED @ http://localhost:8099/stream:0
[60443561ms] [ERROR] Failed to load resource: net::ERR_CONNECTION_REFUSED @ http://localhost:8099/stream:0
[60446565ms] [ERROR] Failed to load resource: net::ERR_CONNECTION_REFUSED @ http://localhost:8099/stream:0
[60449571ms] [ERROR] Failed to load resource: net::ERR_CONNECTION_REFUSED @ http://localhost:8099/stream:0
[60452576ms] [ERROR] Failed to load resource: net::ERR_CONNECTION_REFUSED @ http://localhost:8099/stream:0
[60455582ms] [ERROR] Failed to load resource: net::ERR_CONNECTION_REFUSED @ http://localhost:8099/stream:0
[60458590ms] [ERROR] Failed to load resource: net::ERR_CONNECTION_REFUSED @ http://localhost:8099/stream:0
[60461595ms] [ERROR] Failed to load resource: net::ERR_CONNECTION_REFUSED @ http://localhost:8099/stream:0
[60464601ms] [ERROR] Failed to load resource: net::ERR_CONNECTION_REFUSED @ http://localhost:8099/stream:0
[60467607ms] [ERROR] Failed to load resource: net::ERR_CONNECTION_REFUSED @ http://localhost:8099/stream:0
[60470611ms] [ERROR] Failed to load resource: net::ERR_CONNECTION_REFUSED @ http://localhost:8099/stream:0
[60473617ms] [ERROR] Failed to load resource: net::ERR_CONNECTION_REFUSED @ http://localhost:8099/stream:0
[60476622ms] [ERROR] Failed to load resource: net::ERR_CONNECTION_REFUSED @ http://localhost:8099/stream:0
[60479627ms] [ERROR] Failed to load resource: net::ERR_CONNECTION_REFUSED @ http://localhost:8099/stream:0
[60482633ms] [ERROR] Failed to load resource: net::ERR_CONNECTION_REFUSED @ http://localhost:8099/stream:0
[60485638ms] [ERROR] Failed to load resource: net::ERR_CONNECTION_REFUSED @ http://localhost:8099/stream:0
[60568499ms] [ERROR] Failed to load resource: net::ERR_CONNECTION_REFUSED @ http://localhost:8099/stream:0
[60571503ms] [ERROR] Failed to load resource: net::ERR_CONNECTION_REFUSED @ http://localhost:8099/stream:0
[60574508ms] [ERROR] Failed to load resource: net::ERR_CONNECTION_REFUSED @ http://localhost:8099/stream:0
[60577513ms] [ERROR] Failed to load resource: net::ERR_CONNECTION_REFUSED @ http://localhost:8099/stream:0
[60580519ms] [ERROR] Failed to load resource: net::ERR_CONNECTION_REFUSED @ http://localhost:8099/stream:0
[60583524ms] [ERROR] Failed to load resource: net::ERR_CONNECTION_REFUSED @ http://localhost:8099/stream:0
[60586529ms] [ERROR] Failed to load resource: net::ERR_CONNECTION_REFUSED @ http://localhost:8099/stream:0
[60589534ms] [ERROR] Failed to load resource: net::ERR_CONNECTION_REFUSED @ http://localhost:8099/stream:0
[60592538ms] [ERROR] Failed to load resource: net::ERR_CONNECTION_REFUSED @ http://localhost:8099/stream:0
[60595544ms] [ERROR] Failed to load resource: net::ERR_CONNECTION_REFUSED @ http://localhost:8099/stream:0
[60598547ms] [ERROR] Failed to load resource: net::ERR_CONNECTION_REFUSED @ http://localhost:8099/stream:0
[60601552ms] [ERROR] Failed to load resource: net::ERR_CONNECTION_REFUSED @ http://localhost:8099/stream:0
[60604557ms] [ERROR] Failed to load resource: net::ERR_CONNECTION_REFUSED @ http://localhost:8099/stream:0
[60607562ms] [ERROR] Failed to load resource: net::ERR_CONNECTION_REFUSED @ http://localhost:8099/stream:0
[60610567ms] [ERROR] Failed to load resource: net::ERR_CONNECTION_REFUSED @ http://localhost:8099/stream:0
[60613574ms] [ERROR] Failed to load resource: net::ERR_CONNECTION_REFUSED @ http://localhost:8099/stream:0
[60682905ms] [ERROR] Failed to load resource: net::ERR_CONNECTION_REFUSED @ http://localhost:8099/stream:0
[60685907ms] [ERROR] Failed to load resource: net::ERR_CONNECTION_REFUSED @ http://localhost:8099/stream:0
[60688912ms] [ERROR] Failed to load resource: net::ERR_CONNECTION_REFUSED @ http://localhost:8099/stream:0
[60691918ms] [ERROR] Failed to load resource: net::ERR_CONNECTION_REFUSED @ http://localhost:8099/stream:0
[60694923ms] [ERROR] Failed to load resource: net::ERR_CONNECTION_REFUSED @ http://localhost:8099/stream:0
[60697929ms] [ERROR] Failed to load resource: net::ERR_CONNECTION_REFUSED @ http://localhost:8099/stream:0
[60700933ms] [ERROR] Failed to load resource: net::ERR_CONNECTION_REFUSED @ http://localhost:8099/stream:0
[60703939ms] [ERROR] Failed to load resource: net::ERR_CONNECTION_REFUSED @ http://localhost:8099/stream:0
[60706942ms] [ERROR] Failed to load resource: net::ERR_CONNECTION_REFUSED @ http://localhost:8099/stream:0
[60709948ms] [ERROR] Failed to load resource: net::ERR_CONNECTION_REFUSED @ http://localhost:8099/stream:0
[60712952ms] [ERROR] Failed to load resource: net::ERR_CONNECTION_REFUSED @ http://localhost:8099/stream:0
[60715957ms] [ERROR] Failed to load resource: net::ERR_CONNECTION_REFUSED @ http://localhost:8099/stream:0
[60718963ms] [ERROR] Failed to load resource: net::ERR_CONNECTION_REFUSED @ http://localhost:8099/stream:0
[60721968ms] [ERROR] Failed to load resource: net::ERR_CONNECTION_REFUSED @ http://localhost:8099/stream:0
[60724973ms] [ERROR] Failed to load resource: net::ERR_CONNECTION_REFUSED @ http://localhost:8099/stream:0
[61004131ms] [ERROR] Failed to load resource: net::ERR_CONNECTION_REFUSED @ http://localhost:8099/stream:0
[61007138ms] [ERROR] Failed to load resource: net::ERR_CONNECTION_REFUSED @ http://localhost:8099/stream:0
[61010143ms] [ERROR] Failed to load resource: net::ERR_CONNECTION_REFUSED @ http://localhost:8099/stream:0
[61013147ms] [ERROR] Failed to load resource: net::ERR_CONNECTION_REFUSED @ http://localhost:8099/stream:0
[61016154ms] [ERROR] Failed to load resource: net::ERR_CONNECTION_REFUSED @ http://localhost:8099/stream:0
[61019158ms] [ERROR] Failed to load resource: net::ERR_CONNECTION_REFUSED @ http://localhost:8099/stream:0
[61022163ms] [ERROR] Failed to load resource: net::ERR_CONNECTION_REFUSED @ http://localhost:8099/stream:0
[61025169ms] [ERROR] Failed to load resource: net::ERR_CONNECTION_REFUSED @ http://localhost:8099/stream:0
[61028175ms] [ERROR] Failed to load resource: net::ERR_CONNECTION_REFUSED @ http://localhost:8099/stream:0
[61031181ms] [ERROR] Failed to load resource: net::ERR_CONNECTION_REFUSED @ http://localhost:8099/stream:0
[61034186ms] [ERROR] Failed to load resource: net::ERR_CONNECTION_REFUSED @ http://localhost:8099/stream:0
[61037192ms] [ERROR] Failed to load resource: net::ERR_CONNECTION_REFUSED @ http://localhost:8099/stream:0
[61040197ms] [ERROR] Failed to load resource: net::ERR_CONNECTION_REFUSED @ http://localhost:8099/stream:0
[61043202ms] [ERROR] Failed to load resource: net::ERR_CONNECTION_REFUSED @ http://localhost:8099/stream:0
[61046208ms] [ERROR] Failed to load resource: net::ERR_CONNECTION_REFUSED @ http://localhost:8099/stream:0
[61049213ms] [ERROR] Failed to load resource: net::ERR_CONNECTION_REFUSED @ http://localhost:8099/stream:0
[61152643ms] [ERROR] Failed to load resource: net::ERR_CONNECTION_REFUSED @ http://localhost:8099/stream:0
[61155649ms] [ERROR] Failed to load resource: net::ERR_CONNECTION_REFUSED @ http://localhost:8099/stream:0
[61158652ms] [ERROR] Failed to load resource: net::ERR_CONNECTION_REFUSED @ http://localhost:8099/stream:0
[61161657ms] [ERROR] Failed to load resource: net::ERR_CONNECTION_REFUSED @ http://localhost:8099/stream:0
[61164662ms] [ERROR] Failed to load resource: net::ERR_CONNECTION_REFUSED @ http://localhost:8099/stream:0
[61167666ms] [ERROR] Failed to load resource: net::ERR_CONNECTION_REFUSED @ http://localhost:8099/stream:0
[61170672ms] [ERROR] Failed to load resource: net::ERR_CONNECTION_REFUSED @ http://localhost:8099/stream:0
[61173678ms] [ERROR] Failed to load resource: net::ERR_CONNECTION_REFUSED @ http://localhost:8099/stream:0
[61176681ms] [ERROR] Failed to load resource: net::ERR_CONNECTION_REFUSED @ http://localhost:8099/stream:0
[61179686ms] [ERROR] Failed to load resource: net::ERR_CONNECTION_REFUSED @ http://localhost:8099/stream:0
[61182692ms] [ERROR] Failed to load resource: net::ERR_CONNECTION_REFUSED @ http://localhost:8099/stream:0
[61185698ms] [ERROR] Failed to load resource: net::ERR_CONNECTION_REFUSED @ http://localhost:8099/stream:0
[61188702ms] [ERROR] Failed to load resource: net::ERR_CONNECTION_REFUSED @ http://localhost:8099/stream:0
[61191708ms] [ERROR] Failed to load resource: net::ERR_CONNECTION_REFUSED @ http://localhost:8099/stream:0
[61194714ms] [ERROR] Failed to load resource: net::ERR_CONNECTION_REFUSED @ http://localhost:8099/stream:0
[61197719ms] [ERROR] Failed to load resource: net::ERR_CONNECTION_REFUSED @ http://localhost:8099/stream:0
[62194455ms] [ERROR] Failed to load resource: net::ERR_CONNECTION_REFUSED @ http://localhost:8099/stream:0
[62266077ms] [ERROR] Failed to load resource: net::ERR_CONNECTION_REFUSED @ http://localhost:8099/stream:0
[62269083ms] [ERROR] Failed to load resource: net::ERR_CONNECTION_REFUSED @ http://localhost:8099/stream:0
[62272089ms] [ERROR] Failed to load resource: net::ERR_CONNECTION_REFUSED @ http://localhost:8099/stream:0
[62275095ms] [ERROR] Failed to load resource: net::ERR_CONNECTION_REFUSED @ http://localhost:8099/stream:0
[62278100ms] [ERROR] Failed to load resource: net::ERR_CONNECTION_REFUSED @ http://localhost:8099/stream:0
[62281105ms] [ERROR] Failed to load resource: net::ERR_CONNECTION_REFUSED @ http://localhost:8099/stream:0
[62284108ms] [ERROR] Failed to load resource: net::ERR_CONNECTION_REFUSED @ http://localhost:8099/stream:0
[62287111ms] [ERROR] Failed to load resource: net::ERR_CONNECTION_REFUSED @ http://localhost:8099/stream:0
[62290117ms] [ERROR] Failed to load resource: net::ERR_CONNECTION_REFUSED @ http://localhost:8099/stream:0
[62293122ms] [ERROR] Failed to load resource: net::ERR_CONNECTION_REFUSED @ http://localhost:8099/stream:0
[62296128ms] [ERROR] Failed to load resource: net::ERR_CONNECTION_REFUSED @ http://localhost:8099/stream:0
[62299133ms] [ERROR] Failed to load resource: net::ERR_CONNECTION_REFUSED @ http://localhost:8099/stream:0
[62302139ms] [ERROR] Failed to load resource: net::ERR_CONNECTION_REFUSED @ http://localhost:8099/stream:0
[62305143ms] [ERROR] Failed to load resource: net::ERR_CONNECTION_REFUSED @ http://localhost:8099/stream:0
[62308149ms] [ERROR] Failed to load resource: net::ERR_CONNECTION_REFUSED @ http://localhost:8099/stream:0
[62311154ms] [ERROR] Failed to load resource: net::ERR_CONNECTION_REFUSED @ http://localhost:8099/stream:0
[63215250ms] [ERROR] Failed to load resource: net::ERR_CONNECTION_REFUSED @ http://localhost:8099/stream:0
[63218255ms] [ERROR] Failed to load resource: net::ERR_CONNECTION_REFUSED @ http://localhost:8099/stream:0
[63221262ms] [ERROR] Failed to load resource: net::ERR_CONNECTION_REFUSED @ http://localhost:8099/stream:0
[63224266ms] [ERROR] Failed to load resource: net::ERR_CONNECTION_REFUSED @ http://localhost:8099/stream:0
[63227272ms] [ERROR] Failed to load resource: net::ERR_CONNECTION_REFUSED @ http://localhost:8099/stream:0
[63230276ms] [ERROR] Failed to load resource: net::ERR_CONNECTION_REFUSED @ http://localhost:8099/stream:0
[63233279ms] [ERROR] Failed to load resource: net::ERR_CONNECTION_REFUSED @ http://localhost:8099/stream:0
[63236284ms] [ERROR] Failed to load resource: net::ERR_CONNECTION_REFUSED @ http://localhost:8099/stream:0
[63239290ms] [ERROR] Failed to load resource: net::ERR_CONNECTION_REFUSED @ http://localhost:8099/stream:0
[63242294ms] [ERROR] Failed to load resource: net::ERR_CONNECTION_REFUSED @ http://localhost:8099/stream:0
[63245300ms] [ERROR] Failed to load resource: net::ERR_CONNECTION_REFUSED @ http://localhost:8099/stream:0
[63248305ms] [ERROR] Failed to load resource: net::ERR_CONNECTION_REFUSED @ http://localhost:8099/stream:0
[63251311ms] [ERROR] Failed to load resource: net::ERR_CONNECTION_REFUSED @ http://localhost:8099/stream:0
[63254316ms] [ERROR] Failed to load resource: net::ERR_CONNECTION_REFUSED @ http://localhost:8099/stream:0
[63257320ms] [ERROR] Failed to load resource: net::ERR_CONNECTION_REFUSED @ http://localhost:8099/stream:0
[63260326ms] [ERROR] Failed to load resource: net::ERR_CONNECTION_REFUSED @ http://localhost:8099/stream:0
[63324921ms] [ERROR] Failed to load resource: net::ERR_CONNECTION_REFUSED @ http://localhost:8099/stream:0
[63327926ms] [ERROR] Failed to load resource: net::ERR_CONNECTION_REFUSED @ http://localhost:8099/stream:0
[63330933ms] [ERROR] Failed to load resource: net::ERR_CONNECTION_REFUSED @ http://localhost:8099/stream:0
[63333936ms] [ERROR] Failed to load resource: net::ERR_CONNECTION_REFUSED @ http://localhost:8099/stream:0
[63336942ms] [ERROR] Failed to load resource: net::ERR_CONNECTION_REFUSED @ http://localhost:8099/stream:0
[63339948ms] [ERROR] Failed to load resource: net::ERR_CONNECTION_REFUSED @ http://localhost:8099/stream:0
[63342951ms] [ERROR] Failed to load resource: net::ERR_CONNECTION_REFUSED @ http://localhost:8099/stream:0
[63345957ms] [ERROR] Failed to load resource: net::ERR_CONNECTION_REFUSED @ http://localhost:8099/stream:0
[63348961ms] [ERROR] Failed to load resource: net::ERR_CONNECTION_REFUSED @ http://localhost:8099/stream:0
[63351967ms] [ERROR] Failed to load resource: net::ERR_CONNECTION_REFUSED @ http://localhost:8099/stream:0
[63354972ms] [ERROR] Failed to load resource: net::ERR_CONNECTION_REFUSED @ http://localhost:8099/stream:0
[63357977ms] [ERROR] Failed to load resource: net::ERR_CONNECTION_REFUSED @ http://localhost:8099/stream:0
[63360982ms] [ERROR] Failed to load resource: net::ERR_CONNECTION_REFUSED @ http://localhost:8099/stream:0
[63363988ms] [ERROR] Failed to load resource: net::ERR_CONNECTION_REFUSED @ http://localhost:8099/stream:0
[63366993ms] [ERROR] Failed to load resource: net::ERR_CONNECTION_REFUSED @ http://localhost:8099/stream:0
[63439775ms] [ERROR] Failed to load resource: net::ERR_CONNECTION_REFUSED @ http://localhost:8099/stream:0
[63442780ms] [ERROR] Failed to load resource: net::ERR_CONNECTION_REFUSED @ http://localhost:8099/stream:0
[63445785ms] [ERROR] Failed to load resource: net::ERR_CONNECTION_REFUSED @ http://localhost:8099/stream:0
[63448791ms] [ERROR] Failed to load resource: net::ERR_CONNECTION_REFUSED @ http://localhost:8099/stream:0
[63451795ms] [ERROR] Failed to load resource: net::ERR_CONNECTION_REFUSED @ http://localhost:8099/stream:0
[63454801ms] [ERROR] Failed to load resource: net::ERR_CONNECTION_REFUSED @ http://localhost:8099/stream:0
[63457806ms] [ERROR] Failed to load resource: net::ERR_CONNECTION_REFUSED @ http://localhost:8099/stream:0
[63460812ms] [ERROR] Failed to load resource: net::ERR_CONNECTION_REFUSED @ http://localhost:8099/stream:0
[63463816ms] [ERROR] Failed to load resource: net::ERR_CONNECTION_REFUSED @ http://localhost:8099/stream:0
[63466821ms] [ERROR] Failed to load resource: net::ERR_CONNECTION_REFUSED @ http://localhost:8099/stream:0
[63469825ms] [ERROR] Failed to load resource: net::ERR_CONNECTION_REFUSED @ http://localhost:8099/stream:0
[63472830ms] [ERROR] Failed to load resource: net::ERR_CONNECTION_REFUSED @ http://localhost:8099/stream:0
[63475835ms] [ERROR] Failed to load resource: net::ERR_CONNECTION_REFUSED @ http://localhost:8099/stream:0
[63478841ms] [ERROR] Failed to load resource: net::ERR_CONNECTION_REFUSED @ http://localhost:8099/stream:0
[63481844ms] [ERROR] Failed to load resource: net::ERR_CONNECTION_REFUSED @ http://localhost:8099/stream:0
[63484850ms] [ERROR] Failed to load resource: net::ERR_CONNECTION_REFUSED @ http://localhost:8099/stream:0
[63590026ms] [ERROR] Failed to load resource: net::ERR_CONNECTION_REFUSED @ http://localhost:8099/stream:0
[63593034ms] [ERROR] Failed to load resource: net::ERR_CONNECTION_REFUSED @ http://localhost:8099/stream:0
[63596039ms] [ERROR] Failed to load resource: net::ERR_CONNECTION_REFUSED @ http://localhost:8099/stream:0
[63599045ms] [ERROR] Failed to load resource: net::ERR_CONNECTION_REFUSED @ http://localhost:8099/stream:0
[63602050ms] [ERROR] Failed to load resource: net::ERR_CONNECTION_REFUSED @ http://localhost:8099/stream:0
[63605056ms] [ERROR] Failed to load resource: net::ERR_CONNECTION_REFUSED @ http://localhost:8099/stream:0
[63608061ms] [ERROR] Failed to load resource: net::ERR_CONNECTION_REFUSED @ http://localhost:8099/stream:0
[63611068ms] [ERROR] Failed to load resource: net::ERR_CONNECTION_REFUSED @ http://localhost:8099/stream:0
[63614074ms] [ERROR] Failed to load resource: net::ERR_CONNECTION_REFUSED @ http://localhost:8099/stream:0
[63617080ms] [ERROR] Failed to load resource: net::ERR_CONNECTION_REFUSED @ http://localhost:8099/stream:0
[63620087ms] [ERROR] Failed to load resource: net::ERR_CONNECTION_REFUSED @ http://localhost:8099/stream:0
[63623092ms] [ERROR] Failed to load resource: net::ERR_CONNECTION_REFUSED @ http://localhost:8099/stream:0
[63626095ms] [ERROR] Failed to load resource: net::ERR_CONNECTION_REFUSED @ http://localhost:8099/stream:0
[63629099ms] [ERROR] Failed to load resource: net::ERR_CONNECTION_REFUSED @ http://localhost:8099/stream:0
[63632105ms] [ERROR] Failed to load resource: net::ERR_CONNECTION_REFUSED @ http://localhost:8099/stream:0
[63635110ms] [ERROR] Failed to load resource: net::ERR_CONNECTION_REFUSED @ http://localhost:8099/stream:0
[64539054ms] [ERROR] Failed to load resource: net::ERR_CONNECTION_REFUSED @ http://localhost:8099/stream:0
[64542058ms] [ERROR] Failed to load resource: net::ERR_CONNECTION_REFUSED @ http://localhost:8099/stream:0
[64545065ms] [ERROR] Failed to load resource: net::ERR_CONNECTION_REFUSED @ http://localhost:8099/stream:0
[64548071ms] [ERROR] Failed to load resource: net::ERR_CONNECTION_REFUSED @ http://localhost:8099/stream:0
[64551073ms] [ERROR] Failed to load resource: net::ERR_CONNECTION_REFUSED @ http://localhost:8099/stream:0
[64554079ms] [ERROR] Failed to load resource: net::ERR_CONNECTION_REFUSED @ http://localhost:8099/stream:0
[64557084ms] [ERROR] Failed to load resource: net::ERR_CONNECTION_REFUSED @ http://localhost:8099/stream:0
[64560091ms] [ERROR] Failed to load resource: net::ERR_CONNECTION_REFUSED @ http://localhost:8099/stream:0
[64563096ms] [ERROR] Failed to load resource: net::ERR_CONNECTION_REFUSED @ http://localhost:8099/stream:0
[64566102ms] [ERROR] Failed to load resource: net::ERR_CONNECTION_REFUSED @ http://localhost:8099/stream:0
[64569107ms] [ERROR] Failed to load resource: net::ERR_CONNECTION_REFUSED @ http://localhost:8099/stream:0
[64572114ms] [ERROR] Failed to load resource: net::ERR_CONNECTION_REFUSED @ http://localhost:8099/stream:0
[64575119ms] [ERROR] Failed to load resource: net::ERR_CONNECTION_REFUSED @ http://localhost:8099/stream:0
[64578123ms] [ERROR] Failed to load resource: net::ERR_CONNECTION_REFUSED @ http://localhost:8099/stream:0
[64581129ms] [ERROR] Failed to load resource: net::ERR_CONNECTION_REFUSED @ http://localhost:8099/stream:0
[64584140ms] [ERROR] Failed to load resource: net::ERR_CONNECTION_REFUSED @ http://localhost:8099/stream:0
[64688208ms] [ERROR] Failed to load resource: net::ERR_CONNECTION_REFUSED @ http://localhost:8099/stream:0
[64691214ms] [ERROR] Failed to load resource: net::ERR_CONNECTION_REFUSED @ http://localhost:8099/stream:0
[64694218ms] [ERROR] Failed to load resource: net::ERR_CONNECTION_REFUSED @ http://localhost:8099/stream:0
[64697223ms] [ERROR] Failed to load resource: net::ERR_CONNECTION_REFUSED @ http://localhost:8099/stream:0
[64700228ms] [ERROR] Failed to load resource: net::ERR_CONNECTION_REFUSED @ http://localhost:8099/stream:0
[64703234ms] [ERROR] Failed to load resource: net::ERR_CONNECTION_REFUSED @ http://localhost:8099/stream:0
[64706239ms] [ERROR] Failed to load resource: net::ERR_CONNECTION_REFUSED @ http://localhost:8099/stream:0
[64709245ms] [ERROR] Failed to load resource: net::ERR_CONNECTION_REFUSED @ http://localhost:8099/stream:0
[64712250ms] [ERROR] Failed to load resource: net::ERR_CONNECTION_REFUSED @ http://localhost:8099/stream:0
[64715254ms] [ERROR] Failed to load resource: net::ERR_CONNECTION_REFUSED @ http://localhost:8099/stream:0
[64718260ms] [ERROR] Failed to load resource: net::ERR_CONNECTION_REFUSED @ http://localhost:8099/stream:0
[64721264ms] [ERROR] Failed to load resource: net::ERR_CONNECTION_REFUSED @ http://localhost:8099/stream:0
[64724270ms] [ERROR] Failed to load resource: net::ERR_CONNECTION_REFUSED @ http://localhost:8099/stream:0
[64727274ms] [ERROR] Failed to load resource: net::ERR_CONNECTION_REFUSED @ http://localhost:8099/stream:0
[64730278ms] [ERROR] Failed to load resource: net::ERR_CONNECTION_REFUSED @ http://localhost:8099/stream:0
[64793888ms] [ERROR] Failed to load resource: net::ERR_CONNECTION_REFUSED @ http://localhost:8099/stream:0
[64796893ms] [ERROR] Failed to load resource: net::ERR_CONNECTION_REFUSED @ http://localhost:8099/stream:0
[64799898ms] [ERROR] Failed to load resource: net::ERR_CONNECTION_REFUSED @ http://localhost:8099/stream:0
[64802904ms] [ERROR] Failed to load resource: net::ERR_CONNECTION_REFUSED @ http://localhost:8099/stream:0
[64805910ms] [ERROR] Failed to load resource: net::ERR_CONNECTION_REFUSED @ http://localhost:8099/stream:0
[64808912ms] [ERROR] Failed to load resource: net::ERR_CONNECTION_REFUSED @ http://localhost:8099/stream:0
[64811918ms] [ERROR] Failed to load resource: net::ERR_CONNECTION_REFUSED @ http://localhost:8099/stream:0
[64814923ms] [ERROR] Failed to load resource: net::ERR_CONNECTION_REFUSED @ http://localhost:8099/stream:0
[64817930ms] [ERROR] Failed to load resource: net::ERR_CONNECTION_REFUSED @ http://localhost:8099/stream:0
[64820935ms] [ERROR] Failed to load resource: net::ERR_CONNECTION_REFUSED @ http://localhost:8099/stream:0
[64823941ms] [ERROR] Failed to load resource: net::ERR_CONNECTION_REFUSED @ http://localhost:8099/stream:0
[64826947ms] [ERROR] Failed to load resource: net::ERR_CONNECTION_REFUSED @ http://localhost:8099/stream:0
[64829952ms] [ERROR] Failed to load resource: net::ERR_CONNECTION_REFUSED @ http://localhost:8099/stream:0
[64832956ms] [ERROR] Failed to load resource: net::ERR_CONNECTION_REFUSED @ http://localhost:8099/stream:0
[64835962ms] [ERROR] Failed to load resource: net::ERR_CONNECTION_REFUSED @ http://localhost:8099/stream:0
[64838967ms] [ERROR] Failed to load resource: net::ERR_CONNECTION_REFUSED @ http://localhost:8099/stream:0
[65743025ms] [ERROR] Failed to load resource: net::ERR_CONNECTION_REFUSED @ http://localhost:8099/stream:0
[65746029ms] [ERROR] Failed to load resource: net::ERR_CONNECTION_REFUSED @ http://localhost:8099/stream:0
[65749035ms] [ERROR] Failed to load resource: net::ERR_CONNECTION_REFUSED @ http://localhost:8099/stream:0
[65752038ms] [ERROR] Failed to load resource: net::ERR_CONNECTION_REFUSED @ http://localhost:8099/stream:0
[65755041ms] [ERROR] Failed to load resource: net::ERR_CONNECTION_REFUSED @ http://localhost:8099/stream:0
[65758051ms] [ERROR] Failed to load resource: net::ERR_CONNECTION_REFUSED @ http://localhost:8099/stream:0
[65761054ms] [ERROR] Failed to load resource: net::ERR_CONNECTION_REFUSED @ http://localhost:8099/stream:0
[65764062ms] [ERROR] Failed to load resource: net::ERR_CONNECTION_REFUSED @ http://localhost:8099/stream:0
[65767068ms] [ERROR] Failed to load resource: net::ERR_CONNECTION_REFUSED @ http://localhost:8099/stream:0
[65770073ms] [ERROR] Failed to load resource: net::ERR_CONNECTION_REFUSED @ http://localhost:8099/stream:0
[65773078ms] [ERROR] Failed to load resource: net::ERR_CONNECTION_REFUSED @ http://localhost:8099/stream:0
[65776085ms] [ERROR] Failed to load resource: net::ERR_CONNECTION_REFUSED @ http://localhost:8099/stream:0
[65779089ms] [ERROR] Failed to load resource: net::ERR_CONNECTION_REFUSED @ http://localhost:8099/stream:0
[65782095ms] [ERROR] Failed to load resource: net::ERR_CONNECTION_REFUSED @ http://localhost:8099/stream:0
[65785099ms] [ERROR] Failed to load resource: net::ERR_CONNECTION_REFUSED @ http://localhost:8099/stream:0
[65788105ms] [ERROR] Failed to load resource: net::ERR_CONNECTION_REFUSED @ http://localhost:8099/stream:0
[65928494ms] [ERROR] Failed to load resource: net::ERR_CONNECTION_REFUSED @ http://localhost:8099/stream:0
[65931498ms] [ERROR] Failed to load resource: net::ERR_CONNECTION_REFUSED @ http://localhost:8099/stream:0
[65934504ms] [ERROR] Failed to load resource: net::ERR_CONNECTION_REFUSED @ http://localhost:8099/stream:0
[65937510ms] [ERROR] Failed to load resource: net::ERR_CONNECTION_REFUSED @ http://localhost:8099/stream:0
[65940515ms] [ERROR] Failed to load resource: net::ERR_CONNECTION_REFUSED @ http://localhost:8099/stream:0
[65943521ms] [ERROR] Failed to load resource: net::ERR_CONNECTION_REFUSED @ http://localhost:8099/stream:0
[65946525ms] [ERROR] Failed to load resource: net::ERR_CONNECTION_REFUSED @ http://localhost:8099/stream:0
[65949530ms] [ERROR] Failed to load resource: net::ERR_CONNECTION_REFUSED @ http://localhost:8099/stream:0
[65952537ms] [ERROR] Failed to load resource: net::ERR_CONNECTION_REFUSED @ http://localhost:8099/stream:0
[65955542ms] [ERROR] Failed to load resource: net::ERR_CONNECTION_REFUSED @ http://localhost:8099/stream:0
[65958547ms] [ERROR] Failed to load resource: net::ERR_CONNECTION_REFUSED @ http://localhost:8099/stream:0
[65961552ms] [ERROR] Failed to load resource: net::ERR_CONNECTION_REFUSED @ http://localhost:8099/stream:0
[65964559ms] [ERROR] Failed to load resource: net::ERR_CONNECTION_REFUSED @ http://localhost:8099/stream:0
[65967565ms] [ERROR] Failed to load resource: net::ERR_CONNECTION_REFUSED @ http://localhost:8099/stream:0
[65970570ms] [ERROR] Failed to load resource: net::ERR_CONNECTION_REFUSED @ http://localhost:8099/stream:0
[67029446ms] [ERROR] Failed to load resource: net::ERR_CONNECTION_REFUSED @ http://localhost:8099/stream:0
[67032454ms] [ERROR] Failed to load resource: net::ERR_CONNECTION_REFUSED @ http://localhost:8099/stream:0
[68067109ms] [ERROR] Failed to load resource: net::ERR_CONNECTION_REFUSED @ http://localhost:8099/stream:0
[68070117ms] [ERROR] Failed to load resource: net::ERR_CONNECTION_REFUSED @ http://localhost:8099/stream:0
[68972975ms] [ERROR] Failed to load resource: net::ERR_CONNECTION_REFUSED @ http://localhost:8099/stream:0
[68975981ms] [ERROR] Failed to load resource: net::ERR_CONNECTION_REFUSED @ http://localhost:8099/stream:0
[68978987ms] [ERROR] Failed to load resource: net::ERR_CONNECTION_REFUSED @ http://localhost:8099/stream:0
[68981992ms] [ERROR] Failed to load resource: net::ERR_CONNECTION_REFUSED @ http://localhost:8099/stream:0
[68984999ms] [ERROR] Failed to load resource: net::ERR_CONNECTION_REFUSED @ http://localhost:8099/stream:0
[68988005ms] [ERROR] Failed to load resource: net::ERR_CONNECTION_REFUSED @ http://localhost:8099/stream:0
[68991010ms] [ERROR] Failed to load resource: net::ERR_CONNECTION_REFUSED @ http://localhost:8099/stream:0
[68994016ms] [ERROR] Failed to load resource: net::ERR_CONNECTION_REFUSED @ http://localhost:8099/stream:0
[68997021ms] [ERROR] Failed to load resource: net::ERR_CONNECTION_REFUSED @ http://localhost:8099/stream:0
[69000027ms] [ERROR] Failed to load resource: net::ERR_CONNECTION_REFUSED @ http://localhost:8099/stream:0
[69003032ms] [ERROR] Failed to load resource: net::ERR_CONNECTION_REFUSED @ http://localhost:8099/stream:0
[69006038ms] [ERROR] Failed to load resource: net::ERR_CONNECTION_REFUSED @ http://localhost:8099/stream:0
[69009044ms] [ERROR] Failed to load resource: net::ERR_CONNECTION_REFUSED @ http://localhost:8099/stream:0
[69012050ms] [ERROR] Failed to load resource: net::ERR_CONNECTION_REFUSED @ http://localhost:8099/stream:0
[69015056ms] [ERROR] Failed to load resource: net::ERR_CONNECTION_REFUSED @ http://localhost:8099/stream:0
[69018060ms] [ERROR] Failed to load resource: net::ERR_CONNECTION_REFUSED @ http://localhost:8099/stream:0
[69116730ms] [ERROR] Failed to load resource: net::ERR_CONNECTION_REFUSED @ http://localhost:8099/stream:0
[69119736ms] [ERROR] Failed to load resource: net::ERR_CONNECTION_REFUSED @ http://localhost:8099/stream:0
[69122740ms] [ERROR] Failed to load resource: net::ERR_CONNECTION_REFUSED @ http://localhost:8099/stream:0
[69125745ms] [ERROR] Failed to load resource: net::ERR_CONNECTION_REFUSED @ http://localhost:8099/stream:0
[69128753ms] [ERROR] Failed to load resource: net::ERR_CONNECTION_REFUSED @ http://localhost:8099/stream:0
[69131759ms] [ERROR] Failed to load resource: net::ERR_CONNECTION_REFUSED @ http://localhost:8099/stream:0
[69134765ms] [ERROR] Failed to load resource: net::ERR_CONNECTION_REFUSED @ http://localhost:8099/stream:0
[69137770ms] [ERROR] Failed to load resource: net::ERR_CONNECTION_REFUSED @ http://localhost:8099/stream:0
[69140776ms] [ERROR] Failed to load resource: net::ERR_CONNECTION_REFUSED @ http://localhost:8099/stream:0
[69143781ms] [ERROR] Failed to load resource: net::ERR_CONNECTION_REFUSED @ http://localhost:8099/stream:0
[69146787ms] [ERROR] Failed to load resource: net::ERR_CONNECTION_REFUSED @ http://localhost:8099/stream:0
[69149793ms] [ERROR] Failed to load resource: net::ERR_CONNECTION_REFUSED @ http://localhost:8099/stream:0
[69152798ms] [ERROR] Failed to load resource: net::ERR_CONNECTION_REFUSED @ http://localhost:8099/stream:0
[69155804ms] [ERROR] Failed to load resource: net::ERR_CONNECTION_REFUSED @ http://localhost:8099/stream:0
[69158809ms] [ERROR] Failed to load resource: net::ERR_CONNECTION_REFUSED @ http://localhost:8099/stream:0
[69244570ms] [ERROR] Failed to load resource: net::ERR_CONNECTION_REFUSED @ http://localhost:8099/stream:0
[69247575ms] [ERROR] Failed to load resource: net::ERR_CONNECTION_REFUSED @ http://localhost:8099/stream:0
[69250580ms] [ERROR] Failed to load resource: net::ERR_CONNECTION_REFUSED @ http://localhost:8099/stream:0
[69253585ms] [ERROR] Failed to load resource: net::ERR_CONNECTION_REFUSED @ http://localhost:8099/stream:0
[69256592ms] [ERROR] Failed to load resource: net::ERR_CONNECTION_REFUSED @ http://localhost:8099/stream:0
[69259597ms] [ERROR] Failed to load resource: net::ERR_CONNECTION_REFUSED @ http://localhost:8099/stream:0
[69262603ms] [ERROR] Failed to load resource: net::ERR_CONNECTION_REFUSED @ http://localhost:8099/stream:0
[69265609ms] [ERROR] Failed to load resource: net::ERR_CONNECTION_REFUSED @ http://localhost:8099/stream:0
[69268614ms] [ERROR] Failed to load resource: net::ERR_CONNECTION_REFUSED @ http://localhost:8099/stream:0
[69271620ms] [ERROR] Failed to load resource: net::ERR_CONNECTION_REFUSED @ http://localhost:8099/stream:0
[69274625ms] [ERROR] Failed to load resource: net::ERR_CONNECTION_REFUSED @ http://localhost:8099/stream:0
[69277629ms] [ERROR] Failed to load resource: net::ERR_CONNECTION_REFUSED @ http://localhost:8099/stream:0
[69280634ms] [ERROR] Failed to load resource: net::ERR_CONNECTION_REFUSED @ http://localhost:8099/stream:0
[69283639ms] [ERROR] Failed to load resource: net::ERR_CONNECTION_REFUSED @ http://localhost:8099/stream:0
[69286644ms] [ERROR] Failed to load resource: net::ERR_CONNECTION_REFUSED @ http://localhost:8099/stream:0
[69289651ms] [ERROR] Failed to load resource: net::ERR_CONNECTION_REFUSED @ http://localhost:8099/stream:0
[69393867ms] [ERROR] Failed to load resource: net::ERR_CONNECTION_REFUSED @ http://localhost:8099/stream:0
[69396873ms] [ERROR] Failed to load resource: net::ERR_CONNECTION_REFUSED @ http://localhost:8099/stream:0
[69399878ms] [ERROR] Failed to load resource: net::ERR_CONNECTION_REFUSED @ http://localhost:8099/stream:0
[69402884ms] [ERROR] Failed to load resource: net::ERR_CONNECTION_REFUSED @ http://localhost:8099/stream:0
[69405890ms] [ERROR] Failed to load resource: net::ERR_CONNECTION_REFUSED @ http://localhost:8099/stream:0
[69408896ms] [ERROR] Failed to load resource: net::ERR_CONNECTION_REFUSED @ http://localhost:8099/stream:0
[69411903ms] [ERROR] Failed to load resource: net::ERR_CONNECTION_REFUSED @ http://localhost:8099/stream:0
[69414908ms] [ERROR] Failed to load resource: net::ERR_CONNECTION_REFUSED @ http://localhost:8099/stream:0
[69417912ms] [ERROR] Failed to load resource: net::ERR_CONNECTION_REFUSED @ http://localhost:8099/stream:0
[69420918ms] [ERROR] Failed to load resource: net::ERR_CONNECTION_REFUSED @ http://localhost:8099/stream:0
[69423924ms] [ERROR] Failed to load resource: net::ERR_CONNECTION_REFUSED @ http://localhost:8099/stream:0
[69426929ms] [ERROR] Failed to load resource: net::ERR_CONNECTION_REFUSED @ http://localhost:8099/stream:0
[69429934ms] [ERROR] Failed to load resource: net::ERR_CONNECTION_REFUSED @ http://localhost:8099/stream:0
[69432939ms] [ERROR] Failed to load resource: net::ERR_CONNECTION_REFUSED @ http://localhost:8099/stream:0
[69435945ms] [ERROR] Failed to load resource: net::ERR_CONNECTION_REFUSED @ http://localhost:8099/stream:0
[69438947ms] [ERROR] Failed to load resource: net::ERR_CONNECTION_REFUSED @ http://localhost:8099/stream:0
[69588754ms] [ERROR] Failed to load resource: net::ERR_CONNECTION_REFUSED @ http://localhost:8099/stream:0
[69591760ms] [ERROR] Failed to load resource: net::ERR_CONNECTION_REFUSED @ http://localhost:8099/stream:0
[69594766ms] [ERROR] Failed to load resource: net::ERR_CONNECTION_REFUSED @ http://localhost:8099/stream:0
[69597771ms] [ERROR] Failed to load resource: net::ERR_CONNECTION_REFUSED @ http://localhost:8099/stream:0
[69600777ms] [ERROR] Failed to load resource: net::ERR_CONNECTION_REFUSED @ http://localhost:8099/stream:0
[69603783ms] [ERROR] Failed to load resource: net::ERR_CONNECTION_REFUSED @ http://localhost:8099/stream:0
[69606789ms] [ERROR] Failed to load resource: net::ERR_CONNECTION_REFUSED @ http://localhost:8099/stream:0
[69609794ms] [ERROR] Failed to load resource: net::ERR_CONNECTION_REFUSED @ http://localhost:8099/stream:0
[69612798ms] [ERROR] Failed to load resource: net::ERR_CONNECTION_REFUSED @ http://localhost:8099/stream:0
[69615803ms] [ERROR] Failed to load resource: net::ERR_CONNECTION_REFUSED @ http://localhost:8099/stream:0
[69618806ms] [ERROR] Failed to load resource: net::ERR_CONNECTION_REFUSED @ http://localhost:8099/stream:0
[69621813ms] [ERROR] Failed to load resource: net::ERR_CONNECTION_REFUSED @ http://localhost:8099/stream:0
[69624818ms] [ERROR] Failed to load resource: net::ERR_CONNECTION_REFUSED @ http://localhost:8099/stream:0
[69627822ms] [ERROR] Failed to load resource: net::ERR_CONNECTION_REFUSED @ http://localhost:8099/stream:0
[69630826ms] [ERROR] Failed to load resource: net::ERR_CONNECTION_REFUSED @ http://localhost:8099/stream:0
[69780182ms] [ERROR] Failed to load resource: net::ERR_CONNECTION_REFUSED @ http://localhost:8099/stream:0
[69783186ms] [ERROR] Failed to load resource: net::ERR_CONNECTION_REFUSED @ http://localhost:8099/stream:0
[69786191ms] [ERROR] Failed to load resource: net::ERR_CONNECTION_REFUSED @ http://localhost:8099/stream:0
[69789196ms] [ERROR] Failed to load resource: net::ERR_CONNECTION_REFUSED @ http://localhost:8099/stream:0
[69792201ms] [ERROR] Failed to load resource: net::ERR_CONNECTION_REFUSED @ http://localhost:8099/stream:0
[69795205ms] [ERROR] Failed to load resource: net::ERR_CONNECTION_REFUSED @ http://localhost:8099/stream:0
[69798211ms] [ERROR] Failed to load resource: net::ERR_CONNECTION_REFUSED @ http://localhost:8099/stream:0
[69801214ms] [ERROR] Failed to load resource: net::ERR_CONNECTION_REFUSED @ http://localhost:8099/stream:0
[69804219ms] [ERROR] Failed to load resource: net::ERR_CONNECTION_REFUSED @ http://localhost:8099/stream:0
[69807223ms] [ERROR] Failed to load resource: net::ERR_CONNECTION_REFUSED @ http://localhost:8099/stream:0
[69810229ms] [ERROR] Failed to load resource: net::ERR_CONNECTION_REFUSED @ http://localhost:8099/stream:0
[69813234ms] [ERROR] Failed to load resource: net::ERR_CONNECTION_REFUSED @ http://localhost:8099/stream:0
[69816239ms] [ERROR] Failed to load resource: net::ERR_CONNECTION_REFUSED @ http://localhost:8099/stream:0
[69819245ms] [ERROR] Failed to load resource: net::ERR_CONNECTION_REFUSED @ http://localhost:8099/stream:0
[69822250ms] [ERROR] Failed to load resource: net::ERR_CONNECTION_REFUSED @ http://localhost:8099/stream:0
[69825256ms] [ERROR] Failed to load resource: net::ERR_CONNECTION_REFUSED @ http://localhost:8099/stream:0
[69940452ms] [ERROR] Failed to load resource: net::ERR_CONNECTION_REFUSED @ http://localhost:8099/stream:0
[69943458ms] [ERROR] Failed to load resource: net::ERR_CONNECTION_REFUSED @ http://localhost:8099/stream:0
[69946462ms] [ERROR] Failed to load resource: net::ERR_CONNECTION_REFUSED @ http://localhost:8099/stream:0
[69949467ms] [ERROR] Failed to load resource: net::ERR_CONNECTION_REFUSED @ http://localhost:8099/stream:0
[69952472ms] [ERROR] Failed to load resource: net::ERR_CONNECTION_REFUSED @ http://localhost:8099/stream:0
[69955478ms] [ERROR] Failed to load resource: net::ERR_CONNECTION_REFUSED @ http://localhost:8099/stream:0
[69958482ms] [ERROR] Failed to load resource: net::ERR_CONNECTION_REFUSED @ http://localhost:8099/stream:0
[69961487ms] [ERROR] Failed to load resource: net::ERR_CONNECTION_REFUSED @ http://localhost:8099/stream:0
[69964493ms] [ERROR] Failed to load resource: net::ERR_CONNECTION_REFUSED @ http://localhost:8099/stream:0
[69967498ms] [ERROR] Failed to load resource: net::ERR_CONNECTION_REFUSED @ http://localhost:8099/stream:0
[69970504ms] [ERROR] Failed to load resource: net::ERR_CONNECTION_REFUSED @ http://localhost:8099/stream:0
[69973508ms] [ERROR] Failed to load resource: net::ERR_CONNECTION_REFUSED @ http://localhost:8099/stream:0
[69976514ms] [ERROR] Failed to load resource: net::ERR_CONNECTION_REFUSED @ http://localhost:8099/stream:0
[69979520ms] [ERROR] Failed to load resource: net::ERR_CONNECTION_REFUSED @ http://localhost:8099/stream:0
[69982525ms] [ERROR] Failed to load resource: net::ERR_CONNECTION_REFUSED @ http://localhost:8099/stream:0
[69985530ms] [ERROR] Failed to load resource: net::ERR_CONNECTION_REFUSED @ http://localhost:8099/stream:0
[70889471ms] [ERROR] Failed to load resource: net::ERR_CONNECTION_REFUSED @ http://localhost:8099/stream:0
[70892477ms] [ERROR] Failed to load resource: net::ERR_CONNECTION_REFUSED @ http://localhost:8099/stream:0
[70895481ms] [ERROR] Failed to load resource: net::ERR_CONNECTION_REFUSED @ http://localhost:8099/stream:0
[70898487ms] [ERROR] Failed to load resource: net::ERR_CONNECTION_REFUSED @ http://localhost:8099/stream:0
[70901497ms] [ERROR] Failed to load resource: net::ERR_CONNECTION_REFUSED @ http://localhost:8099/stream:0
[70904501ms] [ERROR] Failed to load resource: net::ERR_CONNECTION_REFUSED @ http://localhost:8099/stream:0
[70907507ms] [ERROR] Failed to load resource: net::ERR_CONNECTION_REFUSED @ http://localhost:8099/stream:0
[70910517ms] [ERROR] Failed to load resource: net::ERR_CONNECTION_REFUSED @ http://localhost:8099/stream:0
[70913525ms] [ERROR] Failed to load resource: net::ERR_CONNECTION_REFUSED @ http://localhost:8099/stream:0
[70916531ms] [ERROR] Failed to load resource: net::ERR_CONNECTION_REFUSED @ http://localhost:8099/stream:0
[70919537ms] [ERROR] Failed to load resource: net::ERR_CONNECTION_REFUSED @ http://localhost:8099/stream:0
[70922542ms] [ERROR] Failed to load resource: net::ERR_CONNECTION_REFUSED @ http://localhost:8099/stream:0
[70925546ms] [ERROR] Failed to load resource: net::ERR_CONNECTION_REFUSED @ http://localhost:8099/stream:0
[70928552ms] [ERROR] Failed to load resource: net::ERR_CONNECTION_REFUSED @ http://localhost:8099/stream:0
[70931558ms] [ERROR] Failed to load resource: net::ERR_CONNECTION_REFUSED @ http://localhost:8099/stream:0
[71912612ms] [ERROR] Failed to load resource: net::ERR_CONNECTION_REFUSED @ http://localhost:8099/stream:0
[71915616ms] [ERROR] Failed to load resource: net::ERR_CONNECTION_REFUSED @ http://localhost:8099/stream:0
[72109885ms] [ERROR] Failed to load resource: net::ERR_CONNECTION_REFUSED @ http://localhost:8099/stream:0
[72112891ms] [ERROR] Failed to load resource: net::ERR_CONNECTION_REFUSED @ http://localhost:8099/stream:0
[72115896ms] [ERROR] Failed to load resource: net::ERR_CONNECTION_REFUSED @ http://localhost:8099/stream:0
[72118901ms] [ERROR] Failed to load resource: net::ERR_CONNECTION_REFUSED @ http://localhost:8099/stream:0
[72121907ms] [ERROR] Failed to load resource: net::ERR_CONNECTION_REFUSED @ http://localhost:8099/stream:0
[72124913ms] [ERROR] Failed to load resource: net::ERR_CONNECTION_REFUSED @ http://localhost:8099/stream:0
[72127924ms] [ERROR] Failed to load resource: net::ERR_CONNECTION_REFUSED @ http://localhost:8099/stream:0
[72130935ms] [ERROR] Failed to load resource: net::ERR_CONNECTION_REFUSED @ http://localhost:8099/stream:0
[72133941ms] [ERROR] Failed to load resource: net::ERR_CONNECTION_REFUSED @ http://localhost:8099/stream:0
[72136945ms] [ERROR] Failed to load resource: net::ERR_CONNECTION_REFUSED @ http://localhost:8099/stream:0
[72139949ms] [ERROR] Failed to load resource: net::ERR_CONNECTION_REFUSED @ http://localhost:8099/stream:0
[72142954ms] [ERROR] Failed to load resource: net::ERR_CONNECTION_REFUSED @ http://localhost:8099/stream:0
[72145958ms] [ERROR] Failed to load resource: net::ERR_CONNECTION_REFUSED @ http://localhost:8099/stream:0
[72148962ms] [ERROR] Failed to load resource: net::ERR_CONNECTION_REFUSED @ http://localhost:8099/stream:0
[72151968ms] [ERROR] Failed to load resource: net::ERR_CONNECTION_REFUSED @ http://localhost:8099/stream:0
[72154972ms] [ERROR] Failed to load resource: net::ERR_CONNECTION_REFUSED @ http://localhost:8099/stream:0
[73109145ms] [ERROR] Failed to load resource: net::ERR_CONNECTION_REFUSED @ http://localhost:8099/stream:0
[73246842ms] [ERROR] Failed to load resource: net::ERR_CONNECTION_REFUSED @ http://localhost:8099/stream:0
[73249849ms] [ERROR] Failed to load resource: net::ERR_CONNECTION_REFUSED @ http://localhost:8099/stream:0
[73252854ms] [ERROR] Failed to load resource: net::ERR_CONNECTION_REFUSED @ http://localhost:8099/stream:0
[73255859ms] [ERROR] Failed to load resource: net::ERR_CONNECTION_REFUSED @ http://localhost:8099/stream:0
[73258865ms] [ERROR] Failed to load resource: net::ERR_CONNECTION_REFUSED @ http://localhost:8099/stream:0
[73261870ms] [ERROR] Failed to load resource: net::ERR_CONNECTION_REFUSED @ http://localhost:8099/stream:0
[73264874ms] [ERROR] Failed to load resource: net::ERR_CONNECTION_REFUSED @ http://localhost:8099/stream:0
[73267878ms] [ERROR] Failed to load resource: net::ERR_CONNECTION_REFUSED @ http://localhost:8099/stream:0
[73270882ms] [ERROR] Failed to load resource: net::ERR_CONNECTION_REFUSED @ http://localhost:8099/stream:0
[73273887ms] [ERROR] Failed to load resource: net::ERR_CONNECTION_REFUSED @ http://localhost:8099/stream:0
[73276892ms] [ERROR] Failed to load resource: net::ERR_CONNECTION_REFUSED @ http://localhost:8099/stream:0
[73279895ms] [ERROR] Failed to load resource: net::ERR_CONNECTION_REFUSED @ http://localhost:8099/stream:0
[73282900ms] [ERROR] Failed to load resource: net::ERR_CONNECTION_REFUSED @ http://localhost:8099/stream:0
[73285905ms] [ERROR] Failed to load resource: net::ERR_CONNECTION_REFUSED @ http://localhost:8099/stream:0
[73288909ms] [ERROR] Failed to load resource: net::ERR_CONNECTION_REFUSED @ http://localhost:8099/stream:0
[73291915ms] [ERROR] Failed to load resource: net::ERR_CONNECTION_REFUSED @ http://localhost:8099/stream:0
[73384639ms] [ERROR] Failed to load resource: net::ERR_CONNECTION_REFUSED @ http://localhost:8099/stream:0
[73387645ms] [ERROR] Failed to load resource: net::ERR_CONNECTION_REFUSED @ http://localhost:8099/stream:0
[73390649ms] [ERROR] Failed to load resource: net::ERR_CONNECTION_REFUSED @ http://localhost:8099/stream:0
[73393654ms] [ERROR] Failed to load resource: net::ERR_CONNECTION_REFUSED @ http://localhost:8099/stream:0
[73396658ms] [ERROR] Failed to load resource: net::ERR_CONNECTION_REFUSED @ http://localhost:8099/stream:0
[73399664ms] [ERROR] Failed to load resource: net::ERR_CONNECTION_REFUSED @ http://localhost:8099/stream:0
[73402669ms] [ERROR] Failed to load resource: net::ERR_CONNECTION_REFUSED @ http://localhost:8099/stream:0
[73405675ms] [ERROR] Failed to load resource: net::ERR_CONNECTION_REFUSED @ http://localhost:8099/stream:0
[73408680ms] [ERROR] Failed to load resource: net::ERR_CONNECTION_REFUSED @ http://localhost:8099/stream:0
[73411685ms] [ERROR] Failed to load resource: net::ERR_CONNECTION_REFUSED @ http://localhost:8099/stream:0
[73414691ms] [ERROR] Failed to load resource: net::ERR_CONNECTION_REFUSED @ http://localhost:8099/stream:0
[73417696ms] [ERROR] Failed to load resource: net::ERR_CONNECTION_REFUSED @ http://localhost:8099/stream:0
[73420702ms] [ERROR] Failed to load resource: net::ERR_CONNECTION_REFUSED @ http://localhost:8099/stream:0
[73423707ms] [ERROR] Failed to load resource: net::ERR_CONNECTION_REFUSED @ http://localhost:8099/stream:0
[73426711ms] [ERROR] Failed to load resource: net::ERR_CONNECTION_REFUSED @ http://localhost:8099/stream:0
[73429716ms] [ERROR] Failed to load resource: net::ERR_CONNECTION_REFUSED @ http://localhost:8099/stream:0
[73498719ms] [ERROR] Failed to load resource: net::ERR_CONNECTION_REFUSED @ http://localhost:8099/stream:0
[73501725ms] [ERROR] Failed to load resource: net::ERR_CONNECTION_REFUSED @ http://localhost:8099/stream:0
[73504730ms] [ERROR] Failed to load resource: net::ERR_CONNECTION_REFUSED @ http://localhost:8099/stream:0
[73507736ms] [ERROR] Failed to load resource: net::ERR_CONNECTION_REFUSED @ http://localhost:8099/stream:0
[73510741ms] [ERROR] Failed to load resource: net::ERR_CONNECTION_REFUSED @ http://localhost:8099/stream:0
[73513747ms] [ERROR] Failed to load resource: net::ERR_CONNECTION_REFUSED @ http://localhost:8099/stream:0
[73516753ms] [ERROR] Failed to load resource: net::ERR_CONNECTION_REFUSED @ http://localhost:8099/stream:0
[73519758ms] [ERROR] Failed to load resource: net::ERR_CONNECTION_REFUSED @ http://localhost:8099/stream:0
[73522764ms] [ERROR] Failed to load resource: net::ERR_CONNECTION_REFUSED @ http://localhost:8099/stream:0
[73525769ms] [ERROR] Failed to load resource: net::ERR_CONNECTION_REFUSED @ http://localhost:8099/stream:0
[73528775ms] [ERROR] Failed to load resource: net::ERR_CONNECTION_REFUSED @ http://localhost:8099/stream:0
[73531780ms] [ERROR] Failed to load resource: net::ERR_CONNECTION_REFUSED @ http://localhost:8099/stream:0
[73534785ms] [ERROR] Failed to load resource: net::ERR_CONNECTION_REFUSED @ http://localhost:8099/stream:0
[73537791ms] [ERROR] Failed to load resource: net::ERR_CONNECTION_REFUSED @ http://localhost:8099/stream:0
[73540796ms] [ERROR] Failed to load resource: net::ERR_CONNECTION_REFUSED @ http://localhost:8099/stream:0
[73543800ms] [ERROR] Failed to load resource: net::ERR_CONNECTION_REFUSED @ http://localhost:8099/stream:0
[73861872ms] [ERROR] Failed to load resource: net::ERR_CONNECTION_REFUSED @ http://localhost:8099/stream:0
[73864875ms] [ERROR] Failed to load resource: net::ERR_CONNECTION_REFUSED @ http://localhost:8099/stream:0
[73867880ms] [ERROR] Failed to load resource: net::ERR_CONNECTION_REFUSED @ http://localhost:8099/stream:0
[73870885ms] [ERROR] Failed to load resource: net::ERR_CONNECTION_REFUSED @ http://localhost:8099/stream:0
[73873892ms] [ERROR] Failed to load resource: net::ERR_CONNECTION_REFUSED @ http://localhost:8099/stream:0
[73876895ms] [ERROR] Failed to load resource: net::ERR_CONNECTION_REFUSED @ http://localhost:8099/stream:0
[73879902ms] [ERROR] Failed to load resource: net::ERR_CONNECTION_REFUSED @ http://localhost:8099/stream:0
[73882907ms] [ERROR] Failed to load resource: net::ERR_CONNECTION_REFUSED @ http://localhost:8099/stream:0
[73885913ms] [ERROR] Failed to load resource: net::ERR_CONNECTION_REFUSED @ http://localhost:8099/stream:0
[73888918ms] [ERROR] Failed to load resource: net::ERR_CONNECTION_REFUSED @ http://localhost:8099/stream:0
[73891923ms] [ERROR] Failed to load resource: net::ERR_CONNECTION_REFUSED @ http://localhost:8099/stream:0
[73894929ms] [ERROR] Failed to load resource: net::ERR_CONNECTION_REFUSED @ http://localhost:8099/stream:0
[73897933ms] [ERROR] Failed to load resource: net::ERR_CONNECTION_REFUSED @ http://localhost:8099/stream:0
[73900938ms] [ERROR] Failed to load resource: net::ERR_CONNECTION_REFUSED @ http://localhost:8099/stream:0
[73903943ms] [ERROR] Failed to load resource: net::ERR_CONNECTION_REFUSED @ http://localhost:8099/stream:0
[74855634ms] [ERROR] Failed to load resource: net::ERR_CONNECTION_REFUSED @ http://localhost:8099/stream:0
[74858639ms] [ERROR] Failed to load resource: net::ERR_CONNECTION_REFUSED @ http://localhost:8099/stream:0
[75902297ms] [ERROR] Failed to load resource: net::ERR_CONNECTION_REFUSED @ http://localhost:8099/stream:0
[75905303ms] [ERROR] Failed to load resource: net::ERR_CONNECTION_REFUSED @ http://localhost:8099/stream:0
[76909914ms] [ERROR] Failed to load resource: net::ERR_CONNECTION_REFUSED @ http://localhost:8099/stream:0
[76912921ms] [ERROR] Failed to load resource: net::ERR_CONNECTION_REFUSED @ http://localhost:8099/stream:0
[76915927ms] [ERROR] Failed to load resource: net::ERR_CONNECTION_REFUSED @ http://localhost:8099/stream:0
[76918931ms] [ERROR] Failed to load resource: net::ERR_CONNECTION_REFUSED @ http://localhost:8099/stream:0
[76921937ms] [ERROR] Failed to load resource: net::ERR_CONNECTION_REFUSED @ http://localhost:8099/stream:0
[76924943ms] [ERROR] Failed to load resource: net::ERR_CONNECTION_REFUSED @ http://localhost:8099/stream:0
[76927949ms] [ERROR] Failed to load resource: net::ERR_CONNECTION_REFUSED @ http://localhost:8099/stream:0
[76930955ms] [ERROR] Failed to load resource: net::ERR_CONNECTION_REFUSED @ http://localhost:8099/stream:0
[76933960ms] [ERROR] Failed to load resource: net::ERR_CONNECTION_REFUSED @ http://localhost:8099/stream:0
[76936967ms] [ERROR] Failed to load resource: net::ERR_CONNECTION_REFUSED @ http://localhost:8099/stream:0
[76939971ms] [ERROR] Failed to load resource: net::ERR_CONNECTION_REFUSED @ http://localhost:8099/stream:0
[76942976ms] [ERROR] Failed to load resource: net::ERR_CONNECTION_REFUSED @ http://localhost:8099/stream:0
[76945981ms] [ERROR] Failed to load resource: net::ERR_CONNECTION_REFUSED @ http://localhost:8099/stream:0
[76948986ms] [ERROR] Failed to load resource: net::ERR_CONNECTION_REFUSED @ http://localhost:8099/stream:0
[76951991ms] [ERROR] Failed to load resource: net::ERR_CONNECTION_REFUSED @ http://localhost:8099/stream:0
[77855063ms] [ERROR] Failed to load resource: net::ERR_CONNECTION_REFUSED @ http://localhost:8099/stream:0
[77858071ms] [ERROR] Failed to load resource: net::ERR_CONNECTION_REFUSED @ http://localhost:8099/stream:0
[77861077ms] [ERROR] Failed to load resource: net::ERR_CONNECTION_REFUSED @ http://localhost:8099/stream:0
[77864082ms] [ERROR] Failed to load resource: net::ERR_CONNECTION_REFUSED @ http://localhost:8099/stream:0
[77867088ms] [ERROR] Failed to load resource: net::ERR_CONNECTION_REFUSED @ http://localhost:8099/stream:0
[77870093ms] [ERROR] Failed to load resource: net::ERR_CONNECTION_REFUSED @ http://localhost:8099/stream:0
[77873097ms] [ERROR] Failed to load resource: net::ERR_CONNECTION_REFUSED @ http://localhost:8099/stream:0
[77876103ms] [ERROR] Failed to load resource: net::ERR_CONNECTION_REFUSED @ http://localhost:8099/stream:0
[77879107ms] [ERROR] Failed to load resource: net::ERR_CONNECTION_REFUSED @ http://localhost:8099/stream:0
[77882113ms] [ERROR] Failed to load resource: net::ERR_CONNECTION_REFUSED @ http://localhost:8099/stream:0
[77885118ms] [ERROR] Failed to load resource: net::ERR_CONNECTION_REFUSED @ http://localhost:8099/stream:0
[77888123ms] [ERROR] Failed to load resource: net::ERR_CONNECTION_REFUSED @ http://localhost:8099/stream:0
[77891129ms] [ERROR] Failed to load resource: net::ERR_CONNECTION_REFUSED @ http://localhost:8099/stream:0
[77894133ms] [ERROR] Failed to load resource: net::ERR_CONNECTION_REFUSED @ http://localhost:8099/stream:0
[77897138ms] [ERROR] Failed to load resource: net::ERR_CONNECTION_REFUSED @ http://localhost:8099/stream:0
[77900143ms] [ERROR] Failed to load resource: net::ERR_CONNECTION_REFUSED @ http://localhost:8099/stream:0
[78904845ms] [ERROR] Failed to load resource: net::ERR_CONNECTION_REFUSED @ http://localhost:8099/stream:0
[78907851ms] [ERROR] Failed to load resource: net::ERR_CONNECTION_REFUSED @ http://localhost:8099/stream:0
[79949431ms] [ERROR] Failed to load resource: net::ERR_CONNECTION_REFUSED @ http://localhost:8099/stream:0
[79952435ms] [ERROR] Failed to load resource: net::ERR_CONNECTION_REFUSED @ http://localhost:8099/stream:0
[79955446ms] [ERROR] Failed to load resource: net::ERR_CONNECTION_REFUSED @ http://localhost:8099/stream:0
[79958451ms] [ERROR] Failed to load resource: net::ERR_CONNECTION_REFUSED @ http://localhost:8099/stream:0
[79961457ms] [ERROR] Failed to load resource: net::ERR_CONNECTION_REFUSED @ http://localhost:8099/stream:0
[79964463ms] [ERROR] Failed to load resource: net::ERR_CONNECTION_REFUSED @ http://localhost:8099/stream:0
[79967466ms] [ERROR] Failed to load resource: net::ERR_CONNECTION_REFUSED @ http://localhost:8099/stream:0
[79970471ms] [ERROR] Failed to load resource: net::ERR_CONNECTION_REFUSED @ http://localhost:8099/stream:0
[80032190ms] [ERROR] Failed to load resource: net::ERR_CONNECTION_REFUSED @ http://localhost:8099/stream:0
[80035637ms] [ERROR] Failed to load resource: net::ERR_CONNECTION_REFUSED @ http://localhost:8099/stream:0
[80038831ms] [ERROR] Failed to load resource: net::ERR_CONNECTION_REFUSED @ http://localhost:8099/stream:0
[80041927ms] [ERROR] Failed to load resource: net::ERR_CONNECTION_REFUSED @ http://localhost:8099/stream:0
[80044932ms] [ERROR] Failed to load resource: net::ERR_CONNECTION_REFUSED @ http://localhost:8099/stream:0
[80047937ms] [ERROR] Failed to load resource: net::ERR_CONNECTION_REFUSED @ http://localhost:8099/stream:0
[80050945ms] [ERROR] Failed to load resource: net::ERR_CONNECTION_REFUSED @ http://localhost:8099/stream:0
[80053955ms] [ERROR] Failed to load resource: net::ERR_CONNECTION_REFUSED @ http://localhost:8099/stream:0
[80056962ms] [ERROR] Failed to load resource: net::ERR_CONNECTION_REFUSED @ http://localhost:8099/stream:0
[80059974ms] [ERROR] Failed to load resource: net::ERR_CONNECTION_REFUSED @ http://localhost:8099/stream:0
[80962969ms] [ERROR] Failed to load resource: net::ERR_CONNECTION_REFUSED @ http://localhost:8099/stream:0
[80965982ms] [ERROR] Failed to load resource: net::ERR_CONNECTION_REFUSED @ http://localhost:8099/stream:0
[80968985ms] [ERROR] Failed to load resource: net::ERR_CONNECTION_REFUSED @ http://localhost:8099/stream:0
[80971990ms] [ERROR] Failed to load resource: net::ERR_CONNECTION_REFUSED @ http://localhost:8099/stream:0
[80974997ms] [ERROR] Failed to load resource: net::ERR_CONNECTION_REFUSED @ http://localhost:8099/stream:0
[80978003ms] [ERROR] Failed to load resource: net::ERR_CONNECTION_REFUSED @ http://localhost:8099/stream:0
[80981009ms] [ERROR] Failed to load resource: net::ERR_CONNECTION_REFUSED @ http://localhost:8099/stream:0
[80984015ms] [ERROR] Failed to load resource: net::ERR_CONNECTION_REFUSED @ http://localhost:8099/stream:0
[80987021ms] [ERROR] Failed to load resource: net::ERR_CONNECTION_REFUSED @ http://localhost:8099/stream:0
[80990030ms] [ERROR] Failed to load resource: net::ERR_CONNECTION_REFUSED @ http://localhost:8099/stream:0
[80993035ms] [ERROR] Failed to load resource: net::ERR_CONNECTION_REFUSED @ http://localhost:8099/stream:0
[80996044ms] [ERROR] Failed to load resource: net::ERR_CONNECTION_REFUSED @ http://localhost:8099/stream:0
[80999049ms] [ERROR] Failed to load resource: net::ERR_CONNECTION_REFUSED @ http://localhost:8099/stream:0
[81002051ms] [ERROR] Failed to load resource: net::ERR_CONNECTION_REFUSED @ http://localhost:8099/stream:0
[81005061ms] [ERROR] Failed to load resource: net::ERR_CONNECTION_REFUSED @ http://localhost:8099/stream:0
[81008064ms] [ERROR] Failed to load resource: net::ERR_CONNECTION_REFUSED @ http://localhost:8099/stream:0
[81112070ms] [ERROR] Failed to load resource: net::ERR_CONNECTION_REFUSED @ http://localhost:8099/stream:0
[81115077ms] [ERROR] Failed to load resource: net::ERR_CONNECTION_REFUSED @ http://localhost:8099/stream:0
[81118083ms] [ERROR] Failed to load resource: net::ERR_CONNECTION_REFUSED @ http://localhost:8099/stream:0
[81121086ms] [ERROR] Failed to load resource: net::ERR_CONNECTION_REFUSED @ http://localhost:8099/stream:0
[81124092ms] [ERROR] Failed to load resource: net::ERR_CONNECTION_REFUSED @ http://localhost:8099/stream:0
[81127097ms] [ERROR] Failed to load resource: net::ERR_CONNECTION_REFUSED @ http://localhost:8099/stream:0
[81130104ms] [ERROR] Failed to load resource: net::ERR_CONNECTION_REFUSED @ http://localhost:8099/stream:0
[81133109ms] [ERROR] Failed to load resource: net::ERR_CONNECTION_REFUSED @ http://localhost:8099/stream:0
[81136114ms] [ERROR] Failed to load resource: net::ERR_CONNECTION_REFUSED @ http://localhost:8099/stream:0
[81139117ms] [ERROR] Failed to load resource: net::ERR_CONNECTION_REFUSED @ http://localhost:8099/stream:0
[81142122ms] [ERROR] Failed to load resource: net::ERR_CONNECTION_REFUSED @ http://localhost:8099/stream:0
[81145127ms] [ERROR] Failed to load resource: net::ERR_CONNECTION_REFUSED @ http://localhost:8099/stream:0
[81148133ms] [ERROR] Failed to load resource: net::ERR_CONNECTION_REFUSED @ http://localhost:8099/stream:0
[81151138ms] [ERROR] Failed to load resource: net::ERR_CONNECTION_REFUSED @ http://localhost:8099/stream:0
[81154143ms] [ERROR] Failed to load resource: net::ERR_CONNECTION_REFUSED @ http://localhost:8099/stream:0
[81157148ms] [ERROR] Failed to load resource: net::ERR_CONNECTION_REFUSED @ http://localhost:8099/stream:0
[81228070ms] [ERROR] Failed to load resource: net::ERR_CONNECTION_REFUSED @ http://localhost:8099/stream:0
[81231075ms] [ERROR] Failed to load resource: net::ERR_CONNECTION_REFUSED @ http://localhost:8099/stream:0
[81234080ms] [ERROR] Failed to load resource: net::ERR_CONNECTION_REFUSED @ http://localhost:8099/stream:0
[81237085ms] [ERROR] Failed to load resource: net::ERR_CONNECTION_REFUSED @ http://localhost:8099/stream:0
[81240091ms] [ERROR] Failed to load resource: net::ERR_CONNECTION_REFUSED @ http://localhost:8099/stream:0
[81243096ms] [ERROR] Failed to load resource: net::ERR_CONNECTION_REFUSED @ http://localhost:8099/stream:0
[81246102ms] [ERROR] Failed to load resource: net::ERR_CONNECTION_REFUSED @ http://localhost:8099/stream:0
[81249108ms] [ERROR] Failed to load resource: net::ERR_CONNECTION_REFUSED @ http://localhost:8099/stream:0
[81252114ms] [ERROR] Failed to load resource: net::ERR_CONNECTION_REFUSED @ http://localhost:8099/stream:0
[81255119ms] [ERROR] Failed to load resource: net::ERR_CONNECTION_REFUSED @ http://localhost:8099/stream:0
[81258122ms] [ERROR] Failed to load resource: net::ERR_CONNECTION_REFUSED @ http://localhost:8099/stream:0
[81261128ms] [ERROR] Failed to load resource: net::ERR_CONNECTION_REFUSED @ http://localhost:8099/stream:0
[81264134ms] [ERROR] Failed to load resource: net::ERR_CONNECTION_REFUSED @ http://localhost:8099/stream:0
[81267140ms] [ERROR] Failed to load resource: net::ERR_CONNECTION_REFUSED @ http://localhost:8099/stream:0
[81270145ms] [ERROR] Failed to load resource: net::ERR_CONNECTION_REFUSED @ http://localhost:8099/stream:0
[81273149ms] [ERROR] Failed to load resource: net::ERR_CONNECTION_REFUSED @ http://localhost:8099/stream:0
[81362500ms] [ERROR] Failed to load resource: net::ERR_CONNECTION_REFUSED @ http://localhost:8099/stream:0
[81365505ms] [ERROR] Failed to load resource: net::ERR_CONNECTION_REFUSED @ http://localhost:8099/stream:0
[81368511ms] [ERROR] Failed to load resource: net::ERR_CONNECTION_REFUSED @ http://localhost:8099/stream:0
[81371516ms] [ERROR] Failed to load resource: net::ERR_CONNECTION_REFUSED @ http://localhost:8099/stream:0
[81374521ms] [ERROR] Failed to load resource: net::ERR_CONNECTION_REFUSED @ http://localhost:8099/stream:0
[81377526ms] [ERROR] Failed to load resource: net::ERR_CONNECTION_REFUSED @ http://localhost:8099/stream:0
[81380532ms] [ERROR] Failed to load resource: net::ERR_CONNECTION_REFUSED @ http://localhost:8099/stream:0
[81383538ms] [ERROR] Failed to load resource: net::ERR_CONNECTION_REFUSED @ http://localhost:8099/stream:0
[81386542ms] [ERROR] Failed to load resource: net::ERR_CONNECTION_REFUSED @ http://localhost:8099/stream:0
[81389547ms] [ERROR] Failed to load resource: net::ERR_CONNECTION_REFUSED @ http://localhost:8099/stream:0
[81392554ms] [ERROR] Failed to load resource: net::ERR_CONNECTION_REFUSED @ http://localhost:8099/stream:0
[81395557ms] [ERROR] Failed to load resource: net::ERR_CONNECTION_REFUSED @ http://localhost:8099/stream:0
[81398562ms] [ERROR] Failed to load resource: net::ERR_CONNECTION_REFUSED @ http://localhost:8099/stream:0
[81401567ms] [ERROR] Failed to load resource: net::ERR_CONNECTION_REFUSED @ http://localhost:8099/stream:0
[81404573ms] [ERROR] Failed to load resource: net::ERR_CONNECTION_REFUSED @ http://localhost:8099/stream:0
[81488517ms] [ERROR] Failed to load resource: net::ERR_CONNECTION_REFUSED @ http://localhost:8099/stream:0
[81491523ms] [ERROR] Failed to load resource: net::ERR_CONNECTION_REFUSED @ http://localhost:8099/stream:0
[81494528ms] [ERROR] Failed to load resource: net::ERR_CONNECTION_REFUSED @ http://localhost:8099/stream:0
[81497534ms] [ERROR] Failed to load resource: net::ERR_CONNECTION_REFUSED @ http://localhost:8099/stream:0
[81500540ms] [ERROR] Failed to load resource: net::ERR_CONNECTION_REFUSED @ http://localhost:8099/stream:0
[81503545ms] [ERROR] Failed to load resource: net::ERR_CONNECTION_REFUSED @ http://localhost:8099/stream:0
[81506550ms] [ERROR] Failed to load resource: net::ERR_CONNECTION_REFUSED @ http://localhost:8099/stream:0
[81509556ms] [ERROR] Failed to load resource: net::ERR_CONNECTION_REFUSED @ http://localhost:8099/stream:0
[81512563ms] [ERROR] Failed to load resource: net::ERR_CONNECTION_REFUSED @ http://localhost:8099/stream:0
[81515569ms] [ERROR] Failed to load resource: net::ERR_CONNECTION_REFUSED @ http://localhost:8099/stream:0
[81518574ms] [ERROR] Failed to load resource: net::ERR_CONNECTION_REFUSED @ http://localhost:8099/stream:0
[81521580ms] [ERROR] Failed to load resource: net::ERR_CONNECTION_REFUSED @ http://localhost:8099/stream:0
[81524585ms] [ERROR] Failed to load resource: net::ERR_CONNECTION_REFUSED @ http://localhost:8099/stream:0
[81527591ms] [ERROR] Failed to load resource: net::ERR_CONNECTION_REFUSED @ http://localhost:8099/stream:0
[81530597ms] [ERROR] Failed to load resource: net::ERR_CONNECTION_REFUSED @ http://localhost:8099/stream:0
[81533602ms] [ERROR] Failed to load resource: net::ERR_CONNECTION_REFUSED @ http://localhost:8099/stream:0
[81631086ms] [ERROR] Failed to load resource: net::ERR_CONNECTION_REFUSED @ http://localhost:8099/stream:0
[81634090ms] [ERROR] Failed to load resource: net::ERR_CONNECTION_REFUSED @ http://localhost:8099/stream:0
[81637095ms] [ERROR] Failed to load resource: net::ERR_CONNECTION_REFUSED @ http://localhost:8099/stream:0
[81640100ms] [ERROR] Failed to load resource: net::ERR_CONNECTION_REFUSED @ http://localhost:8099/stream:0
[81643106ms] [ERROR] Failed to load resource: net::ERR_CONNECTION_REFUSED @ http://localhost:8099/stream:0
[81646109ms] [ERROR] Failed to load resource: net::ERR_CONNECTION_REFUSED @ http://localhost:8099/stream:0
[81649115ms] [ERROR] Failed to load resource: net::ERR_CONNECTION_REFUSED @ http://localhost:8099/stream:0
[81652120ms] [ERROR] Failed to load resource: net::ERR_CONNECTION_REFUSED @ http://localhost:8099/stream:0
[81655124ms] [ERROR] Failed to load resource: net::ERR_CONNECTION_REFUSED @ http://localhost:8099/stream:0
[81658130ms] [ERROR] Failed to load resource: net::ERR_CONNECTION_REFUSED @ http://localhost:8099/stream:0
[81661135ms] [ERROR] Failed to load resource: net::ERR_CONNECTION_REFUSED @ http://localhost:8099/stream:0
[81664141ms] [ERROR] Failed to load resource: net::ERR_CONNECTION_REFUSED @ http://localhost:8099/stream:0
[81667147ms] [ERROR] Failed to load resource: net::ERR_CONNECTION_REFUSED @ http://localhost:8099/stream:0
[81670152ms] [ERROR] Failed to load resource: net::ERR_CONNECTION_REFUSED @ http://localhost:8099/stream:0
[81673157ms] [ERROR] Failed to load resource: net::ERR_CONNECTION_REFUSED @ http://localhost:8099/stream:0
[81676160ms] [ERROR] Failed to load resource: net::ERR_CONNECTION_REFUSED @ http://localhost:8099/stream:0
[81874170ms] [ERROR] Failed to load resource: net::ERR_CONNECTION_REFUSED @ http://localhost:8099/stream:0
[81877175ms] [ERROR] Failed to load resource: net::ERR_CONNECTION_REFUSED @ http://localhost:8099/stream:0
[81880182ms] [ERROR] Failed to load resource: net::ERR_CONNECTION_REFUSED @ http://localhost:8099/stream:0
[81883187ms] [ERROR] Failed to load resource: net::ERR_CONNECTION_REFUSED @ http://localhost:8099/stream:0
[81886191ms] [ERROR] Failed to load resource: net::ERR_CONNECTION_REFUSED @ http://localhost:8099/stream:0
[81889195ms] [ERROR] Failed to load resource: net::ERR_CONNECTION_REFUSED @ http://localhost:8099/stream:0
[81892199ms] [ERROR] Failed to load resource: net::ERR_CONNECTION_REFUSED @ http://localhost:8099/stream:0
[81895205ms] [ERROR] Failed to load resource: net::ERR_CONNECTION_REFUSED @ http://localhost:8099/stream:0
[81898211ms] [ERROR] Failed to load resource: net::ERR_CONNECTION_REFUSED @ http://localhost:8099/stream:0
[81901217ms] [ERROR] Failed to load resource: net::ERR_CONNECTION_REFUSED @ http://localhost:8099/stream:0
[81904223ms] [ERROR] Failed to load resource: net::ERR_CONNECTION_REFUSED @ http://localhost:8099/stream:0
[81907228ms] [ERROR] Failed to load resource: net::ERR_CONNECTION_REFUSED @ http://localhost:8099/stream:0
[81910234ms] [ERROR] Failed to load resource: net::ERR_CONNECTION_REFUSED @ http://localhost:8099/stream:0
[81913239ms] [ERROR] Failed to load resource: net::ERR_CONNECTION_REFUSED @ http://localhost:8099/stream:0
[81916244ms] [ERROR] Failed to load resource: net::ERR_CONNECTION_REFUSED @ http://localhost:8099/stream:0
[82625213ms] [ERROR] Failed to load resource: net::ERR_CONNECTION_REFUSED @ http://localhost:8099/stream:0
[82628216ms] [ERROR] Failed to load resource: net::ERR_CONNECTION_REFUSED @ http://localhost:8099/stream:0
[82631221ms] [ERROR] Failed to load resource: net::ERR_CONNECTION_REFUSED @ http://localhost:8099/stream:0
[82634227ms] [ERROR] Failed to load resource: net::ERR_CONNECTION_REFUSED @ http://localhost:8099/stream:0
[82637231ms] [ERROR] Failed to load resource: net::ERR_CONNECTION_REFUSED @ http://localhost:8099/stream:0
[82640237ms] [ERROR] Failed to load resource: net::ERR_CONNECTION_REFUSED @ http://localhost:8099/stream:0
[82643244ms] [ERROR] Failed to load resource: net::ERR_CONNECTION_REFUSED @ http://localhost:8099/stream:0
[82646250ms] [ERROR] Failed to load resource: net::ERR_CONNECTION_REFUSED @ http://localhost:8099/stream:0
[82649253ms] [ERROR] Failed to load resource: net::ERR_CONNECTION_REFUSED @ http://localhost:8099/stream:0
[82652258ms] [ERROR] Failed to load resource: net::ERR_CONNECTION_REFUSED @ http://localhost:8099/stream:0
[82655264ms] [ERROR] Failed to load resource: net::ERR_CONNECTION_REFUSED @ http://localhost:8099/stream:0
[82658270ms] [ERROR] Failed to load resource: net::ERR_CONNECTION_REFUSED @ http://localhost:8099/stream:0
[82661276ms] [ERROR] Failed to load resource: net::ERR_CONNECTION_REFUSED @ http://localhost:8099/stream:0
[82664282ms] [ERROR] Failed to load resource: net::ERR_CONNECTION_REFUSED @ http://localhost:8099/stream:0
[82667287ms] [ERROR] Failed to load resource: net::ERR_CONNECTION_REFUSED @ http://localhost:8099/stream:0
[82670293ms] [ERROR] Failed to load resource: net::ERR_CONNECTION_REFUSED @ http://localhost:8099/stream:0
[82939473ms] [ERROR] Failed to load resource: net::ERR_CONNECTION_REFUSED @ http://localhost:8099/stream:0
[82942479ms] [ERROR] Failed to load resource: net::ERR_CONNECTION_REFUSED @ http://localhost:8099/stream:0
[82945483ms] [ERROR] Failed to load resource: net::ERR_CONNECTION_REFUSED @ http://localhost:8099/stream:0
[82948489ms] [ERROR] Failed to load resource: net::ERR_CONNECTION_REFUSED @ http://localhost:8099/stream:0
[82951494ms] [ERROR] Failed to load resource: net::ERR_CONNECTION_REFUSED @ http://localhost:8099/stream:0
[82954500ms] [ERROR] Failed to load resource: net::ERR_CONNECTION_REFUSED @ http://localhost:8099/stream:0
[82957505ms] [ERROR] Failed to load resource: net::ERR_CONNECTION_REFUSED @ http://localhost:8099/stream:0
[82960510ms] [ERROR] Failed to load resource: net::ERR_CONNECTION_REFUSED @ http://localhost:8099/stream:0
[82963516ms] [ERROR] Failed to load resource: net::ERR_CONNECTION_REFUSED @ http://localhost:8099/stream:0
[82966520ms] [ERROR] Failed to load resource: net::ERR_CONNECTION_REFUSED @ http://localhost:8099/stream:0
[82969525ms] [ERROR] Failed to load resource: net::ERR_CONNECTION_REFUSED @ http://localhost:8099/stream:0
[82972531ms] [ERROR] Failed to load resource: net::ERR_CONNECTION_REFUSED @ http://localhost:8099/stream:0
[82975537ms] [ERROR] Failed to load resource: net::ERR_CONNECTION_REFUSED @ http://localhost:8099/stream:0
[82978541ms] [ERROR] Failed to load resource: net::ERR_CONNECTION_REFUSED @ http://localhost:8099/stream:0
[82981547ms] [ERROR] Failed to load resource: net::ERR_CONNECTION_REFUSED @ http://localhost:8099/stream:0
[82984552ms] [ERROR] Failed to load resource: net::ERR_CONNECTION_REFUSED @ http://localhost:8099/stream:0
[83147542ms] [ERROR] Failed to load resource: net::ERR_CONNECTION_REFUSED @ http://localhost:8099/stream:0
[83150548ms] [ERROR] Failed to load resource: net::ERR_CONNECTION_REFUSED @ http://localhost:8099/stream:0
[83153552ms] [ERROR] Failed to load resource: net::ERR_CONNECTION_REFUSED @ http://localhost:8099/stream:0
[83156557ms] [ERROR] Failed to load resource: net::ERR_CONNECTION_REFUSED @ http://localhost:8099/stream:0
[83159563ms] [ERROR] Failed to load resource: net::ERR_CONNECTION_REFUSED @ http://localhost:8099/stream:0
[83162568ms] [ERROR] Failed to load resource: net::ERR_CONNECTION_REFUSED @ http://localhost:8099/stream:0
[83165574ms] [ERROR] Failed to load resource: net::ERR_CONNECTION_REFUSED @ http://localhost:8099/stream:0
[83168579ms] [ERROR] Failed to load resource: net::ERR_CONNECTION_REFUSED @ http://localhost:8099/stream:0
[83171581ms] [ERROR] Failed to load resource: net::ERR_CONNECTION_REFUSED @ http://localhost:8099/stream:0
[83174587ms] [ERROR] Failed to load resource: net::ERR_CONNECTION_REFUSED @ http://localhost:8099/stream:0
[83177592ms] [ERROR] Failed to load resource: net::ERR_CONNECTION_REFUSED @ http://localhost:8099/stream:0
[83180597ms] [ERROR] Failed to load resource: net::ERR_CONNECTION_REFUSED @ http://localhost:8099/stream:0
[83183602ms] [ERROR] Failed to load resource: net::ERR_CONNECTION_REFUSED @ http://localhost:8099/stream:0
[83186607ms] [ERROR] Failed to load resource: net::ERR_CONNECTION_REFUSED @ http://localhost:8099/stream:0
[83189612ms] [ERROR] Failed to load resource: net::ERR_CONNECTION_REFUSED @ http://localhost:8099/stream:0
[83479022ms] [ERROR] Failed to load resource: net::ERR_CONNECTION_REFUSED @ http://localhost:8099/stream:0
[83482027ms] [ERROR] Failed to load resource: net::ERR_CONNECTION_REFUSED @ http://localhost:8099/stream:0
[83485033ms] [ERROR] Failed to load resource: net::ERR_CONNECTION_REFUSED @ http://localhost:8099/stream:0
[83488037ms] [ERROR] Failed to load resource: net::ERR_CONNECTION_REFUSED @ http://localhost:8099/stream:0
[83491042ms] [ERROR] Failed to load resource: net::ERR_CONNECTION_REFUSED @ http://localhost:8099/stream:0
[83494047ms] [ERROR] Failed to load resource: net::ERR_CONNECTION_REFUSED @ http://localhost:8099/stream:0
[83497052ms] [ERROR] Failed to load resource: net::ERR_CONNECTION_REFUSED @ http://localhost:8099/stream:0
[83500057ms] [ERROR] Failed to load resource: net::ERR_CONNECTION_REFUSED @ http://localhost:8099/stream:0
[83503062ms] [ERROR] Failed to load resource: net::ERR_CONNECTION_REFUSED @ http://localhost:8099/stream:0
[83506068ms] [ERROR] Failed to load resource: net::ERR_CONNECTION_REFUSED @ http://localhost:8099/stream:0
[83509073ms] [ERROR] Failed to load resource: net::ERR_CONNECTION_REFUSED @ http://localhost:8099/stream:0
[83512077ms] [ERROR] Failed to load resource: net::ERR_CONNECTION_REFUSED @ http://localhost:8099/stream:0
[83515082ms] [ERROR] Failed to load resource: net::ERR_CONNECTION_REFUSED @ http://localhost:8099/stream:0
[83518086ms] [ERROR] Failed to load resource: net::ERR_CONNECTION_REFUSED @ http://localhost:8099/stream:0
[83521092ms] [ERROR] Failed to load resource: net::ERR_CONNECTION_REFUSED @ http://localhost:8099/stream:0
[83524098ms] [ERROR] Failed to load resource: net::ERR_CONNECTION_REFUSED @ http://localhost:8099/stream:0
[83623763ms] [ERROR] Failed to load resource: net::ERR_CONNECTION_REFUSED @ http://localhost:8099/stream:0
[83626768ms] [ERROR] Failed to load resource: net::ERR_CONNECTION_REFUSED @ http://localhost:8099/stream:0
[83629773ms] [ERROR] Failed to load resource: net::ERR_CONNECTION_REFUSED @ http://localhost:8099/stream:0
[83632778ms] [ERROR] Failed to load resource: net::ERR_CONNECTION_REFUSED @ http://localhost:8099/stream:0
[83635783ms] [ERROR] Failed to load resource: net::ERR_CONNECTION_REFUSED @ http://localhost:8099/stream:0
[83638789ms] [ERROR] Failed to load resource: net::ERR_CONNECTION_REFUSED @ http://localhost:8099/stream:0
[83641793ms] [ERROR] Failed to load resource: net::ERR_CONNECTION_REFUSED @ http://localhost:8099/stream:0
[83644798ms] [ERROR] Failed to load resource: net::ERR_CONNECTION_REFUSED @ http://localhost:8099/stream:0
[83647803ms] [ERROR] Failed to load resource: net::ERR_CONNECTION_REFUSED @ http://localhost:8099/stream:0
[83650808ms] [ERROR] Failed to load resource: net::ERR_CONNECTION_REFUSED @ http://localhost:8099/stream:0
[83653814ms] [ERROR] Failed to load resource: net::ERR_CONNECTION_REFUSED @ http://localhost:8099/stream:0
[83656819ms] [ERROR] Failed to load resource: net::ERR_CONNECTION_REFUSED @ http://localhost:8099/stream:0
[83659823ms] [ERROR] Failed to load resource: net::ERR_CONNECTION_REFUSED @ http://localhost:8099/stream:0
[83662828ms] [ERROR] Failed to load resource: net::ERR_CONNECTION_REFUSED @ http://localhost:8099/stream:0
[83665832ms] [ERROR] Failed to load resource: net::ERR_CONNECTION_REFUSED @ http://localhost:8099/stream:0
[83668838ms] [ERROR] Failed to load resource: net::ERR_CONNECTION_REFUSED @ http://localhost:8099/stream:0
[84029025ms] [ERROR] Failed to load resource: net::ERR_CONNECTION_REFUSED @ http://localhost:8099/stream:0
[84032028ms] [ERROR] Failed to load resource: net::ERR_CONNECTION_REFUSED @ http://localhost:8099/stream:0
[84035033ms] [ERROR] Failed to load resource: net::ERR_CONNECTION_REFUSED @ http://localhost:8099/stream:0
[84038037ms] [ERROR] Failed to load resource: net::ERR_CONNECTION_REFUSED @ http://localhost:8099/stream:0
[84041042ms] [ERROR] Failed to load resource: net::ERR_CONNECTION_REFUSED @ http://localhost:8099/stream:0
[84044047ms] [ERROR] Failed to load resource: net::ERR_CONNECTION_REFUSED @ http://localhost:8099/stream:0
[84047052ms] [ERROR] Failed to load resource: net::ERR_CONNECTION_REFUSED @ http://localhost:8099/stream:0
[84050056ms] [ERROR] Failed to load resource: net::ERR_CONNECTION_REFUSED @ http://localhost:8099/stream:0
[84053062ms] [ERROR] Failed to load resource: net::ERR_CONNECTION_REFUSED @ http://localhost:8099/stream:0
[84056067ms] [ERROR] Failed to load resource: net::ERR_CONNECTION_REFUSED @ http://localhost:8099/stream:0
[84059071ms] [ERROR] Failed to load resource: net::ERR_CONNECTION_REFUSED @ http://localhost:8099/stream:0
[84062074ms] [ERROR] Failed to load resource: net::ERR_CONNECTION_REFUSED @ http://localhost:8099/stream:0
[84065081ms] [ERROR] Failed to load resource: net::ERR_CONNECTION_REFUSED @ http://localhost:8099/stream:0
[84068086ms] [ERROR] Failed to load resource: net::ERR_CONNECTION_REFUSED @ http://localhost:8099/stream:0
[84071091ms] [ERROR] Failed to load resource: net::ERR_CONNECTION_REFUSED @ http://localhost:8099/stream:0
[84136473ms] [ERROR] Failed to load resource: net::ERR_CONNECTION_REFUSED @ http://localhost:8099/stream:0
[84139476ms] [ERROR] Failed to load resource: net::ERR_CONNECTION_REFUSED @ http://localhost:8099/stream:0
[84142481ms] [ERROR] Failed to load resource: net::ERR_CONNECTION_REFUSED @ http://localhost:8099/stream:0
[84145486ms] [ERROR] Failed to load resource: net::ERR_CONNECTION_REFUSED @ http://localhost:8099/stream:0
[84148490ms] [ERROR] Failed to load resource: net::ERR_CONNECTION_REFUSED @ http://localhost:8099/stream:0
[84151495ms] [ERROR] Failed to load resource: net::ERR_CONNECTION_REFUSED @ http://localhost:8099/stream:0
[84154499ms] [ERROR] Failed to load resource: net::ERR_CONNECTION_REFUSED @ http://localhost:8099/stream:0
[84157505ms] [ERROR] Failed to load resource: net::ERR_CONNECTION_REFUSED @ http://localhost:8099/stream:0
[84160511ms] [ERROR] Failed to load resource: net::ERR_CONNECTION_REFUSED @ http://localhost:8099/stream:0
[84163541ms] [ERROR] Failed to load resource: net::ERR_CONNECTION_REFUSED @ http://localhost:8099/stream:0
[84166547ms] [ERROR] Failed to load resource: net::ERR_CONNECTION_REFUSED @ http://localhost:8099/stream:0
[84169550ms] [ERROR] Failed to load resource: net::ERR_CONNECTION_REFUSED @ http://localhost:8099/stream:0
[84172555ms] [ERROR] Failed to load resource: net::ERR_CONNECTION_REFUSED @ http://localhost:8099/stream:0
[84175560ms] [ERROR] Failed to load resource: net::ERR_CONNECTION_REFUSED @ http://localhost:8099/stream:0
[84178565ms] [ERROR] Failed to load resource: net::ERR_CONNECTION_REFUSED @ http://localhost:8099/stream:0
[84181571ms] [ERROR] Failed to load resource: net::ERR_CONNECTION_REFUSED @ http://localhost:8099/stream:0
[84484966ms] [ERROR] Failed to load resource: net::ERR_CONNECTION_REFUSED @ http://localhost:8099/stream:0
[84487972ms] [ERROR] Failed to load resource: net::ERR_CONNECTION_REFUSED @ http://localhost:8099/stream:0
[84490977ms] [ERROR] Failed to load resource: net::ERR_CONNECTION_REFUSED @ http://localhost:8099/stream:0
[84493982ms] [ERROR] Failed to load resource: net::ERR_CONNECTION_REFUSED @ http://localhost:8099/stream:0
[84496988ms] [ERROR] Failed to load resource: net::ERR_CONNECTION_REFUSED @ http://localhost:8099/stream:0
[84499992ms] [ERROR] Failed to load resource: net::ERR_CONNECTION_REFUSED @ http://localhost:8099/stream:0
[84502997ms] [ERROR] Failed to load resource: net::ERR_CONNECTION_REFUSED @ http://localhost:8099/stream:0
[84506002ms] [ERROR] Failed to load resource: net::ERR_CONNECTION_REFUSED @ http://localhost:8099/stream:0
[84509007ms] [ERROR] Failed to load resource: net::ERR_CONNECTION_REFUSED @ http://localhost:8099/stream:0
[84512012ms] [ERROR] Failed to load resource: net::ERR_CONNECTION_REFUSED @ http://localhost:8099/stream:0
[84515017ms] [ERROR] Failed to load resource: net::ERR_CONNECTION_REFUSED @ http://localhost:8099/stream:0
[84518023ms] [ERROR] Failed to load resource: net::ERR_CONNECTION_REFUSED @ http://localhost:8099/stream:0
[84521028ms] [ERROR] Failed to load resource: net::ERR_CONNECTION_REFUSED @ http://localhost:8099/stream:0
[84524030ms] [ERROR] Failed to load resource: net::ERR_CONNECTION_REFUSED @ http://localhost:8099/stream:0
[84527034ms] [ERROR] Failed to load resource: net::ERR_CONNECTION_REFUSED @ http://localhost:8099/stream:0
[84530042ms] [ERROR] Failed to load resource: net::ERR_CONNECTION_REFUSED @ http://localhost:8099/stream:0
[84601867ms] [ERROR] Failed to load resource: net::ERR_CONNECTION_REFUSED @ http://localhost:8099/stream:0
[84604874ms] [ERROR] Failed to load resource: net::ERR_CONNECTION_REFUSED @ http://localhost:8099/stream:0
[84607879ms] [ERROR] Failed to load resource: net::ERR_CONNECTION_REFUSED @ http://localhost:8099/stream:0
[84610884ms] [ERROR] Failed to load resource: net::ERR_CONNECTION_REFUSED @ http://localhost:8099/stream:0
[84613891ms] [ERROR] Failed to load resource: net::ERR_CONNECTION_REFUSED @ http://localhost:8099/stream:0
[84616897ms] [ERROR] Failed to load resource: net::ERR_CONNECTION_REFUSED @ http://localhost:8099/stream:0
[84619902ms] [ERROR] Failed to load resource: net::ERR_CONNECTION_REFUSED @ http://localhost:8099/stream:0
[84622907ms] [ERROR] Failed to load resource: net::ERR_CONNECTION_REFUSED @ http://localhost:8099/stream:0
[84625911ms] [ERROR] Failed to load resource: net::ERR_CONNECTION_REFUSED @ http://localhost:8099/stream:0
[84628916ms] [ERROR] Failed to load resource: net::ERR_CONNECTION_REFUSED @ http://localhost:8099/stream:0
[84631921ms] [ERROR] Failed to load resource: net::ERR_CONNECTION_REFUSED @ http://localhost:8099/stream:0
[84634927ms] [ERROR] Failed to load resource: net::ERR_CONNECTION_REFUSED @ http://localhost:8099/stream:0
[84637933ms] [ERROR] Failed to load resource: net::ERR_CONNECTION_REFUSED @ http://localhost:8099/stream:0
[84640938ms] [ERROR] Failed to load resource: net::ERR_CONNECTION_REFUSED @ http://localhost:8099/stream:0
[84643943ms] [ERROR] Failed to load resource: net::ERR_CONNECTION_REFUSED @ http://localhost:8099/stream:0
[85720981ms] [ERROR] Failed to load resource: net::ERR_CONNECTION_REFUSED @ http://localhost:8099/stream:0
[85723987ms] [ERROR] Failed to load resource: net::ERR_CONNECTION_REFUSED @ http://localhost:8099/stream:0
[85844747ms] [ERROR] Failed to load resource: net::ERR_CONNECTION_REFUSED @ http://localhost:8099/stream:0
[85847751ms] [ERROR] Failed to load resource: net::ERR_CONNECTION_REFUSED @ http://localhost:8099/stream:0
[85850755ms] [ERROR] Failed to load resource: net::ERR_CONNECTION_REFUSED @ http://localhost:8099/stream:0
[85853762ms] [ERROR] Failed to load resource: net::ERR_CONNECTION_REFUSED @ http://localhost:8099/stream:0
[85856767ms] [ERROR] Failed to load resource: net::ERR_CONNECTION_REFUSED @ http://localhost:8099/stream:0
[85859773ms] [ERROR] Failed to load resource: net::ERR_CONNECTION_REFUSED @ http://localhost:8099/stream:0
[85862779ms] [ERROR] Failed to load resource: net::ERR_CONNECTION_REFUSED @ http://localhost:8099/stream:0
[85865785ms] [ERROR] Failed to load resource: net::ERR_CONNECTION_REFUSED @ http://localhost:8099/stream:0
[85868790ms] [ERROR] Failed to load resource: net::ERR_CONNECTION_REFUSED @ http://localhost:8099/stream:0
[85871794ms] [ERROR] Failed to load resource: net::ERR_CONNECTION_REFUSED @ http://localhost:8099/stream:0
[85874799ms] [ERROR] Failed to load resource: net::ERR_CONNECTION_REFUSED @ http://localhost:8099/stream:0
[85877805ms] [ERROR] Failed to load resource: net::ERR_CONNECTION_REFUSED @ http://localhost:8099/stream:0
[85880811ms] [ERROR] Failed to load resource: net::ERR_CONNECTION_REFUSED @ http://localhost:8099/stream:0
[85883817ms] [ERROR] Failed to load resource: net::ERR_CONNECTION_REFUSED @ http://localhost:8099/stream:0
[85886822ms] [ERROR] Failed to load resource: net::ERR_CONNECTION_REFUSED @ http://localhost:8099/stream:0
[85889826ms] [ERROR] Failed to load resource: net::ERR_CONNECTION_REFUSED @ http://localhost:8099/stream:0
[86098281ms] [ERROR] Failed to load resource: net::ERR_CONNECTION_REFUSED @ http://localhost:8099/stream:0
[86101287ms] [ERROR] Failed to load resource: net::ERR_CONNECTION_REFUSED @ http://localhost:8099/stream:0
[86104290ms] [ERROR] Failed to load resource: net::ERR_CONNECTION_REFUSED @ http://localhost:8099/stream:0
[86107295ms] [ERROR] Failed to load resource: net::ERR_CONNECTION_REFUSED @ http://localhost:8099/stream:0
[86110299ms] [ERROR] Failed to load resource: net::ERR_CONNECTION_REFUSED @ http://localhost:8099/stream:0
[86113306ms] [ERROR] Failed to load resource: net::ERR_CONNECTION_REFUSED @ http://localhost:8099/stream:0
[86116311ms] [ERROR] Failed to load resource: net::ERR_CONNECTION_REFUSED @ http://localhost:8099/stream:0
[86119316ms] [ERROR] Failed to load resource: net::ERR_CONNECTION_REFUSED @ http://localhost:8099/stream:0
[86122321ms] [ERROR] Failed to load resource: net::ERR_CONNECTION_REFUSED @ http://localhost:8099/stream:0
[86125326ms] [ERROR] Failed to load resource: net::ERR_CONNECTION_REFUSED @ http://localhost:8099/stream:0
[86128332ms] [ERROR] Failed to load resource: net::ERR_CONNECTION_REFUSED @ http://localhost:8099/stream:0
[86131338ms] [ERROR] Failed to load resource: net::ERR_CONNECTION_REFUSED @ http://localhost:8099/stream:0
[86134343ms] [ERROR] Failed to load resource: net::ERR_CONNECTION_REFUSED @ http://localhost:8099/stream:0
[86137347ms] [ERROR] Failed to load resource: net::ERR_CONNECTION_REFUSED @ http://localhost:8099/stream:0
[86140353ms] [ERROR] Failed to load resource: net::ERR_CONNECTION_REFUSED @ http://localhost:8099/stream:0
[86330218ms] [ERROR] Failed to load resource: net::ERR_CONNECTION_REFUSED @ http://localhost:8099/stream:0
[86333223ms] [ERROR] Failed to load resource: net::ERR_CONNECTION_REFUSED @ http://localhost:8099/stream:0
[86336228ms] [ERROR] Failed to load resource: net::ERR_CONNECTION_REFUSED @ http://localhost:8099/stream:0
[86339232ms] [ERROR] Failed to load resource: net::ERR_CONNECTION_REFUSED @ http://localhost:8099/stream:0
[86342237ms] [ERROR] Failed to load resource: net::ERR_CONNECTION_REFUSED @ http://localhost:8099/stream:0
[86345242ms] [ERROR] Failed to load resource: net::ERR_CONNECTION_REFUSED @ http://localhost:8099/stream:0
[86348248ms] [ERROR] Failed to load resource: net::ERR_CONNECTION_REFUSED @ http://localhost:8099/stream:0
[86351252ms] [ERROR] Failed to load resource: net::ERR_CONNECTION_REFUSED @ http://localhost:8099/stream:0
[86354258ms] [ERROR] Failed to load resource: net::ERR_CONNECTION_REFUSED @ http://localhost:8099/stream:0
[86357263ms] [ERROR] Failed to load resource: net::ERR_CONNECTION_REFUSED @ http://localhost:8099/stream:0
[86360268ms] [ERROR] Failed to load resource: net::ERR_CONNECTION_REFUSED @ http://localhost:8099/stream:0
[86363273ms] [ERROR] Failed to load resource: net::ERR_CONNECTION_REFUSED @ http://localhost:8099/stream:0
[86366278ms] [ERROR] Failed to load resource: net::ERR_CONNECTION_REFUSED @ http://localhost:8099/stream:0
[86369284ms] [ERROR] Failed to load resource: net::ERR_CONNECTION_REFUSED @ http://localhost:8099/stream:0
[86372289ms] [ERROR] Failed to load resource: net::ERR_CONNECTION_REFUSED @ http://localhost:8099/stream:0
[86375293ms] [ERROR] Failed to load resource: net::ERR_CONNECTION_REFUSED @ http://localhost:8099/stream:0
[87278150ms] [ERROR] Failed to load resource: net::ERR_CONNECTION_REFUSED @ http://localhost:8099/stream:0
[87281156ms] [ERROR] Failed to load resource: net::ERR_CONNECTION_REFUSED @ http://localhost:8099/stream:0
[87284160ms] [ERROR] Failed to load resource: net::ERR_CONNECTION_REFUSED @ http://localhost:8099/stream:0
[87287164ms] [ERROR] Failed to load resource: net::ERR_CONNECTION_REFUSED @ http://localhost:8099/stream:0
[87290170ms] [ERROR] Failed to load resource: net::ERR_CONNECTION_REFUSED @ http://localhost:8099/stream:0
[87293175ms] [ERROR] Failed to load resource: net::ERR_CONNECTION_REFUSED @ http://localhost:8099/stream:0
[87296180ms] [ERROR] Failed to load resource: net::ERR_CONNECTION_REFUSED @ http://localhost:8099/stream:0
[87299186ms] [ERROR] Failed to load resource: net::ERR_CONNECTION_REFUSED @ http://localhost:8099/stream:0
[87302190ms] [ERROR] Failed to load resource: net::ERR_CONNECTION_REFUSED @ http://localhost:8099/stream:0
[87305196ms] [ERROR] Failed to load resource: net::ERR_CONNECTION_REFUSED @ http://localhost:8099/stream:0
[87308199ms] [ERROR] Failed to load resource: net::ERR_CONNECTION_REFUSED @ http://localhost:8099/stream:0
[87311205ms] [ERROR] Failed to load resource: net::ERR_CONNECTION_REFUSED @ http://localhost:8099/stream:0
[87314210ms] [ERROR] Failed to load resource: net::ERR_CONNECTION_REFUSED @ http://localhost:8099/stream:0
[87317215ms] [ERROR] Failed to load resource: net::ERR_CONNECTION_REFUSED @ http://localhost:8099/stream:0
[87320219ms] [ERROR] Failed to load resource: net::ERR_CONNECTION_REFUSED @ http://localhost:8099/stream:0
[87323223ms] [ERROR] Failed to load resource: net::ERR_CONNECTION_REFUSED @ http://localhost:8099/stream:0
[87609658ms] [ERROR] Failed to load resource: net::ERR_CONNECTION_REFUSED @ http://localhost:8099/stream:0
[87612664ms] [ERROR] Failed to load resource: net::ERR_CONNECTION_REFUSED @ http://localhost:8099/stream:0
[87615670ms] [ERROR] Failed to load resource: net::ERR_CONNECTION_REFUSED @ http://localhost:8099/stream:0
[87618674ms] [ERROR] Failed to load resource: net::ERR_CONNECTION_REFUSED @ http://localhost:8099/stream:0
[87621680ms] [ERROR] Failed to load resource: net::ERR_CONNECTION_REFUSED @ http://localhost:8099/stream:0
[87624685ms] [ERROR] Failed to load resource: net::ERR_CONNECTION_REFUSED @ http://localhost:8099/stream:0
[87627690ms] [ERROR] Failed to load resource: net::ERR_CONNECTION_REFUSED @ http://localhost:8099/stream:0
[87630696ms] [ERROR] Failed to load resource: net::ERR_CONNECTION_REFUSED @ http://localhost:8099/stream:0
[87633702ms] [ERROR] Failed to load resource: net::ERR_CONNECTION_REFUSED @ http://localhost:8099/stream:0
[87636707ms] [ERROR] Failed to load resource: net::ERR_CONNECTION_REFUSED @ http://localhost:8099/stream:0
[87639711ms] [ERROR] Failed to load resource: net::ERR_CONNECTION_REFUSED @ http://localhost:8099/stream:0
[87642717ms] [ERROR] Failed to load resource: net::ERR_CONNECTION_REFUSED @ http://localhost:8099/stream:0
[87645722ms] [ERROR] Failed to load resource: net::ERR_CONNECTION_REFUSED @ http://localhost:8099/stream:0
[87648728ms] [ERROR] Failed to load resource: net::ERR_CONNECTION_REFUSED @ http://localhost:8099/stream:0
[87651732ms] [ERROR] Failed to load resource: net::ERR_CONNECTION_REFUSED @ http://localhost:8099/stream:0
[87787212ms] [ERROR] Failed to load resource: net::ERR_CONNECTION_REFUSED @ http://localhost:8099/stream:0
[87790221ms] [ERROR] Failed to load resource: net::ERR_CONNECTION_REFUSED @ http://localhost:8099/stream:0
[87793226ms] [ERROR] Failed to load resource: net::ERR_CONNECTION_REFUSED @ http://localhost:8099/stream:0
[87796231ms] [ERROR] Failed to load resource: net::ERR_CONNECTION_REFUSED @ http://localhost:8099/stream:0
[87799237ms] [ERROR] Failed to load resource: net::ERR_CONNECTION_REFUSED @ http://localhost:8099/stream:0
[87802243ms] [ERROR] Failed to load resource: net::ERR_CONNECTION_REFUSED @ http://localhost:8099/stream:0
[87805248ms] [ERROR] Failed to load resource: net::ERR_CONNECTION_REFUSED @ http://localhost:8099/stream:0
[87808254ms] [ERROR] Failed to load resource: net::ERR_CONNECTION_REFUSED @ http://localhost:8099/stream:0
[87811258ms] [ERROR] Failed to load resource: net::ERR_CONNECTION_REFUSED @ http://localhost:8099/stream:0
[87814264ms] [ERROR] Failed to load resource: net::ERR_CONNECTION_REFUSED @ http://localhost:8099/stream:0
[87817269ms] [ERROR] Failed to load resource: net::ERR_CONNECTION_REFUSED @ http://localhost:8099/stream:0
[87820275ms] [ERROR] Failed to load resource: net::ERR_CONNECTION_REFUSED @ http://localhost:8099/stream:0
[87823280ms] [ERROR] Failed to load resource: net::ERR_CONNECTION_REFUSED @ http://localhost:8099/stream:0
[87826286ms] [ERROR] Failed to load resource: net::ERR_CONNECTION_REFUSED @ http://localhost:8099/stream:0
[87829291ms] [ERROR] Failed to load resource: net::ERR_CONNECTION_REFUSED @ http://localhost:8099/stream:0
[87832296ms] [ERROR] Failed to load resource: net::ERR_CONNECTION_REFUSED @ http://localhost:8099/stream:0
[87984356ms] [ERROR] Failed to load resource: net::ERR_CONNECTION_REFUSED @ http://localhost:8099/stream:0
[87987361ms] [ERROR] Failed to load resource: net::ERR_CONNECTION_REFUSED @ http://localhost:8099/stream:0
[87990367ms] [ERROR] Failed to load resource: net::ERR_CONNECTION_REFUSED @ http://localhost:8099/stream:0
[87993373ms] [ERROR] Failed to load resource: net::ERR_CONNECTION_REFUSED @ http://localhost:8099/stream:0
[87996377ms] [ERROR] Failed to load resource: net::ERR_CONNECTION_REFUSED @ http://localhost:8099/stream:0
[87999383ms] [ERROR] Failed to load resource: net::ERR_CONNECTION_REFUSED @ http://localhost:8099/stream:0
[88002389ms] [ERROR] Failed to load resource: net::ERR_CONNECTION_REFUSED @ http://localhost:8099/stream:0
[88005393ms] [ERROR] Failed to load resource: net::ERR_CONNECTION_REFUSED @ http://localhost:8099/stream:0
[88008399ms] [ERROR] Failed to load resource: net::ERR_CONNECTION_REFUSED @ http://localhost:8099/stream:0
[88011405ms] [ERROR] Failed to load resource: net::ERR_CONNECTION_REFUSED @ http://localhost:8099/stream:0
[88014408ms] [ERROR] Failed to load resource: net::ERR_CONNECTION_REFUSED @ http://localhost:8099/stream:0
[88017412ms] [ERROR] Failed to load resource: net::ERR_CONNECTION_REFUSED @ http://localhost:8099/stream:0
[88020417ms] [ERROR] Failed to load resource: net::ERR_CONNECTION_REFUSED @ http://localhost:8099/stream:0
[88023421ms] [ERROR] Failed to load resource: net::ERR_CONNECTION_REFUSED @ http://localhost:8099/stream:0
[88026427ms] [ERROR] Failed to load resource: net::ERR_CONNECTION_REFUSED @ http://localhost:8099/stream:0
[88029432ms] [ERROR] Failed to load resource: net::ERR_CONNECTION_REFUSED @ http://localhost:8099/stream:0
[88269007ms] [ERROR] Failed to load resource: net::ERR_CONNECTION_REFUSED @ http://localhost:8099/stream:0
[88272013ms] [ERROR] Failed to load resource: net::ERR_CONNECTION_REFUSED @ http://localhost:8099/stream:0
[88275018ms] [ERROR] Failed to load resource: net::ERR_CONNECTION_REFUSED @ http://localhost:8099/stream:0
[88278024ms] [ERROR] Failed to load resource: net::ERR_CONNECTION_REFUSED @ http://localhost:8099/stream:0
[88281028ms] [ERROR] Failed to load resource: net::ERR_CONNECTION_REFUSED @ http://localhost:8099/stream:0
[88284032ms] [ERROR] Failed to load resource: net::ERR_CONNECTION_REFUSED @ http://localhost:8099/stream:0
[88287036ms] [ERROR] Failed to load resource: net::ERR_CONNECTION_REFUSED @ http://localhost:8099/stream:0
[88290039ms] [ERROR] Failed to load resource: net::ERR_CONNECTION_REFUSED @ http://localhost:8099/stream:0
[88293045ms] [ERROR] Failed to load resource: net::ERR_CONNECTION_REFUSED @ http://localhost:8099/stream:0
[88296051ms] [ERROR] Failed to load resource: net::ERR_CONNECTION_REFUSED @ http://localhost:8099/stream:0
[88299057ms] [ERROR] Failed to load resource: net::ERR_CONNECTION_REFUSED @ http://localhost:8099/stream:0
[88302062ms] [ERROR] Failed to load resource: net::ERR_CONNECTION_REFUSED @ http://localhost:8099/stream:0
[88305070ms] [ERROR] Failed to load resource: net::ERR_CONNECTION_REFUSED @ http://localhost:8099/stream:0
[88308076ms] [ERROR] Failed to load resource: net::ERR_CONNECTION_REFUSED @ http://localhost:8099/stream:0
[88311082ms] [ERROR] Failed to load resource: net::ERR_CONNECTION_REFUSED @ http://localhost:8099/stream:0
[89228611ms] [ERROR] Failed to load resource: net::ERR_CONNECTION_REFUSED @ http://localhost:8099/stream:0
[89231620ms] [ERROR] Failed to load resource: net::ERR_CONNECTION_REFUSED @ http://localhost:8099/stream:0
[90134517ms] [ERROR] Failed to load resource: net::ERR_CONNECTION_REFUSED @ http://localhost:8099/stream:0
[90137524ms] [ERROR] Failed to load resource: net::ERR_CONNECTION_REFUSED @ http://localhost:8099/stream:0
[90140531ms] [ERROR] Failed to load resource: net::ERR_CONNECTION_REFUSED @ http://localhost:8099/stream:0
[90143536ms] [ERROR] Failed to load resource: net::ERR_CONNECTION_REFUSED @ http://localhost:8099/stream:0
[90146541ms] [ERROR] Failed to load resource: net::ERR_CONNECTION_REFUSED @ http://localhost:8099/stream:0
[90149545ms] [ERROR] Failed to load resource: net::ERR_CONNECTION_REFUSED @ http://localhost:8099/stream:0
[90152548ms] [ERROR] Failed to load resource: net::ERR_CONNECTION_REFUSED @ http://localhost:8099/stream:0
[90155554ms] [ERROR] Failed to load resource: net::ERR_CONNECTION_REFUSED @ http://localhost:8099/stream:0
[90158559ms] [ERROR] Failed to load resource: net::ERR_CONNECTION_REFUSED @ http://localhost:8099/stream:0
[90161565ms] [ERROR] Failed to load resource: net::ERR_CONNECTION_REFUSED @ http://localhost:8099/stream:0
[90164569ms] [ERROR] Failed to load resource: net::ERR_CONNECTION_REFUSED @ http://localhost:8099/stream:0
[90167575ms] [ERROR] Failed to load resource: net::ERR_CONNECTION_REFUSED @ http://localhost:8099/stream:0
[90170580ms] [ERROR] Failed to load resource: net::ERR_CONNECTION_REFUSED @ http://localhost:8099/stream:0
[90173585ms] [ERROR] Failed to load resource: net::ERR_CONNECTION_REFUSED @ http://localhost:8099/stream:0
[90176591ms] [ERROR] Failed to load resource: net::ERR_CONNECTION_REFUSED @ http://localhost:8099/stream:0
[90179596ms] [ERROR] Failed to load resource: net::ERR_CONNECTION_REFUSED @ http://localhost:8099/stream:0
[90242168ms] [ERROR] Failed to load resource: net::ERR_CONNECTION_REFUSED @ http://localhost:8099/stream:0
[90245174ms] [ERROR] Failed to load resource: net::ERR_CONNECTION_REFUSED @ http://localhost:8099/stream:0
[90248180ms] [ERROR] Failed to load resource: net::ERR_CONNECTION_REFUSED @ http://localhost:8099/stream:0
[90251185ms] [ERROR] Failed to load resource: net::ERR_CONNECTION_REFUSED @ http://localhost:8099/stream:0
[90254191ms] [ERROR] Failed to load resource: net::ERR_CONNECTION_REFUSED @ http://localhost:8099/stream:0
[90257197ms] [ERROR] Failed to load resource: net::ERR_CONNECTION_REFUSED @ http://localhost:8099/stream:0
[90260201ms] [ERROR] Failed to load resource: net::ERR_CONNECTION_REFUSED @ http://localhost:8099/stream:0
[90263206ms] [ERROR] Failed to load resource: net::ERR_CONNECTION_REFUSED @ http://localhost:8099/stream:0
[90266211ms] [ERROR] Failed to load resource: net::ERR_CONNECTION_REFUSED @ http://localhost:8099/stream:0
[90269216ms] [ERROR] Failed to load resource: net::ERR_CONNECTION_REFUSED @ http://localhost:8099/stream:0
[90272220ms] [ERROR] Failed to load resource: net::ERR_CONNECTION_REFUSED @ http://localhost:8099/stream:0
[90275224ms] [ERROR] Failed to load resource: net::ERR_CONNECTION_REFUSED @ http://localhost:8099/stream:0
[90278229ms] [ERROR] Failed to load resource: net::ERR_CONNECTION_REFUSED @ http://localhost:8099/stream:0
[90281235ms] [ERROR] Failed to load resource: net::ERR_CONNECTION_REFUSED @ http://localhost:8099/stream:0
[90284241ms] [ERROR] Failed to load resource: net::ERR_CONNECTION_REFUSED @ http://localhost:8099/stream:0
[90287247ms] [ERROR] Failed to load resource: net::ERR_CONNECTION_REFUSED @ http://localhost:8099/stream:0
[90372144ms] [ERROR] Failed to load resource: net::ERR_CONNECTION_REFUSED @ http://localhost:8099/stream:0
[90375150ms] [ERROR] Failed to load resource: net::ERR_CONNECTION_REFUSED @ http://localhost:8099/stream:0
[90378155ms] [ERROR] Failed to load resource: net::ERR_CONNECTION_REFUSED @ http://localhost:8099/stream:0
[90381161ms] [ERROR] Failed to load resource: net::ERR_CONNECTION_REFUSED @ http://localhost:8099/stream:0
[90384167ms] [ERROR] Failed to load resource: net::ERR_CONNECTION_REFUSED @ http://localhost:8099/stream:0
[90387173ms] [ERROR] Failed to load resource: net::ERR_CONNECTION_REFUSED @ http://localhost:8099/stream:0
[90390178ms] [ERROR] Failed to load resource: net::ERR_CONNECTION_REFUSED @ http://localhost:8099/stream:0
[90393182ms] [ERROR] Failed to load resource: net::ERR_CONNECTION_REFUSED @ http://localhost:8099/stream:0
[90396188ms] [ERROR] Failed to load resource: net::ERR_CONNECTION_REFUSED @ http://localhost:8099/stream:0
[90399191ms] [ERROR] Failed to load resource: net::ERR_CONNECTION_REFUSED @ http://localhost:8099/stream:0
[90402196ms] [ERROR] Failed to load resource: net::ERR_CONNECTION_REFUSED @ http://localhost:8099/stream:0
[90405200ms] [ERROR] Failed to load resource: net::ERR_CONNECTION_REFUSED @ http://localhost:8099/stream:0
[90408204ms] [ERROR] Failed to load resource: net::ERR_CONNECTION_REFUSED @ http://localhost:8099/stream:0
[90411208ms] [ERROR] Failed to load resource: net::ERR_CONNECTION_REFUSED @ http://localhost:8099/stream:0
[90414214ms] [ERROR] Failed to load resource: net::ERR_CONNECTION_REFUSED @ http://localhost:8099/stream:0
[90728588ms] [ERROR] Failed to load resource: net::ERR_CONNECTION_REFUSED @ http://localhost:8099/stream:0
[90731595ms] [ERROR] Failed to load resource: net::ERR_CONNECTION_REFUSED @ http://localhost:8099/stream:0
[90734600ms] [ERROR] Failed to load resource: net::ERR_CONNECTION_REFUSED @ http://localhost:8099/stream:0
[90737606ms] [ERROR] Failed to load resource: net::ERR_CONNECTION_REFUSED @ http://localhost:8099/stream:0
[90740611ms] [ERROR] Failed to load resource: net::ERR_CONNECTION_REFUSED @ http://localhost:8099/stream:0
[90743617ms] [ERROR] Failed to load resource: net::ERR_CONNECTION_REFUSED @ http://localhost:8099/stream:0
[90746621ms] [ERROR] Failed to load resource: net::ERR_CONNECTION_REFUSED @ http://localhost:8099/stream:0
[90749627ms] [ERROR] Failed to load resource: net::ERR_CONNECTION_REFUSED @ http://localhost:8099/stream:0
[90752632ms] [ERROR] Failed to load resource: net::ERR_CONNECTION_REFUSED @ http://localhost:8099/stream:0
[90755638ms] [ERROR] Failed to load resource: net::ERR_CONNECTION_REFUSED @ http://localhost:8099/stream:0
[90758642ms] [ERROR] Failed to load resource: net::ERR_CONNECTION_REFUSED @ http://localhost:8099/stream:0
[90761646ms] [ERROR] Failed to load resource: net::ERR_CONNECTION_REFUSED @ http://localhost:8099/stream:0
[90764650ms] [ERROR] Failed to load resource: net::ERR_CONNECTION_REFUSED @ http://localhost:8099/stream:0
[90767654ms] [ERROR] Failed to load resource: net::ERR_CONNECTION_REFUSED @ http://localhost:8099/stream:0
[90770660ms] [ERROR] Failed to load resource: net::ERR_CONNECTION_REFUSED @ http://localhost:8099/stream:0
[90773666ms] [ERROR] Failed to load resource: net::ERR_CONNECTION_REFUSED @ http://localhost:8099/stream:0
[90866441ms] [ERROR] Failed to load resource: net::ERR_CONNECTION_REFUSED @ http://localhost:8099/stream:0
[90869445ms] [ERROR] Failed to load resource: net::ERR_CONNECTION_REFUSED @ http://localhost:8099/stream:0
[90872451ms] [ERROR] Failed to load resource: net::ERR_CONNECTION_REFUSED @ http://localhost:8099/stream:0
[90875456ms] [ERROR] Failed to load resource: net::ERR_CONNECTION_REFUSED @ http://localhost:8099/stream:0
[90878461ms] [ERROR] Failed to load resource: net::ERR_CONNECTION_REFUSED @ http://localhost:8099/stream:0
[90881467ms] [ERROR] Failed to load resource: net::ERR_CONNECTION_REFUSED @ http://localhost:8099/stream:0
[90884471ms] [ERROR] Failed to load resource: net::ERR_CONNECTION_REFUSED @ http://localhost:8099/stream:0
[90887477ms] [ERROR] Failed to load resource: net::ERR_CONNECTION_REFUSED @ http://localhost:8099/stream:0
[90890483ms] [ERROR] Failed to load resource: net::ERR_CONNECTION_REFUSED @ http://localhost:8099/stream:0
[90893488ms] [ERROR] Failed to load resource: net::ERR_CONNECTION_REFUSED @ http://localhost:8099/stream:0
[90896494ms] [ERROR] Failed to load resource: net::ERR_CONNECTION_REFUSED @ http://localhost:8099/stream:0
[90899499ms] [ERROR] Failed to load resource: net::ERR_CONNECTION_REFUSED @ http://localhost:8099/stream:0
[90902503ms] [ERROR] Failed to load resource: net::ERR_CONNECTION_REFUSED @ http://localhost:8099/stream:0
[90905508ms] [ERROR] Failed to load resource: net::ERR_CONNECTION_REFUSED @ http://localhost:8099/stream:0
[90908512ms] [ERROR] Failed to load resource: net::ERR_CONNECTION_REFUSED @ http://localhost:8099/stream:0
[90911516ms] [ERROR] Failed to load resource: net::ERR_CONNECTION_REFUSED @ http://localhost:8099/stream:0
[91012842ms] [ERROR] Failed to load resource: net::ERR_CONNECTION_REFUSED @ http://localhost:8099/stream:0
[91015847ms] [ERROR] Failed to load resource: net::ERR_CONNECTION_REFUSED @ http://localhost:8099/stream:0
[91018853ms] [ERROR] Failed to load resource: net::ERR_CONNECTION_REFUSED @ http://localhost:8099/stream:0
[91021857ms] [ERROR] Failed to load resource: net::ERR_CONNECTION_REFUSED @ http://localhost:8099/stream:0
[91024863ms] [ERROR] Failed to load resource: net::ERR_CONNECTION_REFUSED @ http://localhost:8099/stream:0
[91027867ms] [ERROR] Failed to load resource: net::ERR_CONNECTION_REFUSED @ http://localhost:8099/stream:0
[91030872ms] [ERROR] Failed to load resource: net::ERR_CONNECTION_REFUSED @ http://localhost:8099/stream:0
[91033877ms] [ERROR] Failed to load resource: net::ERR_CONNECTION_REFUSED @ http://localhost:8099/stream:0
[91036883ms] [ERROR] Failed to load resource: net::ERR_CONNECTION_REFUSED @ http://localhost:8099/stream:0
[91039888ms] [ERROR] Failed to load resource: net::ERR_CONNECTION_REFUSED @ http://localhost:8099/stream:0
[91042894ms] [ERROR] Failed to load resource: net::ERR_CONNECTION_REFUSED @ http://localhost:8099/stream:0
[91045898ms] [ERROR] Failed to load resource: net::ERR_CONNECTION_REFUSED @ http://localhost:8099/stream:0
[91048904ms] [ERROR] Failed to load resource: net::ERR_CONNECTION_REFUSED @ http://localhost:8099/stream:0
[91051909ms] [ERROR] Failed to load resource: net::ERR_CONNECTION_REFUSED @ http://localhost:8099/stream:0
[91054913ms] [ERROR] Failed to load resource: net::ERR_CONNECTION_REFUSED @ http://localhost:8099/stream:0
[91144373ms] [ERROR] Failed to load resource: net::ERR_CONNECTION_REFUSED @ http://localhost:8099/stream:0
[91147378ms] [ERROR] Failed to load resource: net::ERR_CONNECTION_REFUSED @ http://localhost:8099/stream:0
[91150384ms] [ERROR] Failed to load resource: net::ERR_CONNECTION_REFUSED @ http://localhost:8099/stream:0
[91153389ms] [ERROR] Failed to load resource: net::ERR_CONNECTION_REFUSED @ http://localhost:8099/stream:0
[91156395ms] [ERROR] Failed to load resource: net::ERR_CONNECTION_REFUSED @ http://localhost:8099/stream:0
[91159400ms] [ERROR] Failed to load resource: net::ERR_CONNECTION_REFUSED @ http://localhost:8099/stream:0
[91162404ms] [ERROR] Failed to load resource: net::ERR_CONNECTION_REFUSED @ http://localhost:8099/stream:0
[91165410ms] [ERROR] Failed to load resource: net::ERR_CONNECTION_REFUSED @ http://localhost:8099/stream:0
[91168414ms] [ERROR] Failed to load resource: net::ERR_CONNECTION_REFUSED @ http://localhost:8099/stream:0
[91171420ms] [ERROR] Failed to load resource: net::ERR_CONNECTION_REFUSED @ http://localhost:8099/stream:0
[91174425ms] [ERROR] Failed to load resource: net::ERR_CONNECTION_REFUSED @ http://localhost:8099/stream:0
[91177434ms] [ERROR] Failed to load resource: net::ERR_CONNECTION_REFUSED @ http://localhost:8099/stream:0
[91180439ms] [ERROR] Failed to load resource: net::ERR_CONNECTION_REFUSED @ http://localhost:8099/stream:0
[91183445ms] [ERROR] Failed to load resource: net::ERR_CONNECTION_REFUSED @ http://localhost:8099/stream:0
[91186450ms] [ERROR] Failed to load resource: net::ERR_CONNECTION_REFUSED @ http://localhost:8099/stream:0
[91189455ms] [ERROR] Failed to load resource: net::ERR_CONNECTION_REFUSED @ http://localhost:8099/stream:0
[91283558ms] [ERROR] Failed to load resource: net::ERR_CONNECTION_REFUSED @ http://localhost:8099/stream:0
[91286564ms] [ERROR] Failed to load resource: net::ERR_CONNECTION_REFUSED @ http://localhost:8099/stream:0
[91289570ms] [ERROR] Failed to load resource: net::ERR_CONNECTION_REFUSED @ http://localhost:8099/stream:0
[91292576ms] [ERROR] Failed to load resource: net::ERR_CONNECTION_REFUSED @ http://localhost:8099/stream:0
[91295581ms] [ERROR] Failed to load resource: net::ERR_CONNECTION_REFUSED @ http://localhost:8099/stream:0
[91298585ms] [ERROR] Failed to load resource: net::ERR_CONNECTION_REFUSED @ http://localhost:8099/stream:0
[91301591ms] [ERROR] Failed to load resource: net::ERR_CONNECTION_REFUSED @ http://localhost:8099/stream:0
[91304596ms] [ERROR] Failed to load resource: net::ERR_CONNECTION_REFUSED @ http://localhost:8099/stream:0
[91307601ms] [ERROR] Failed to load resource: net::ERR_CONNECTION_REFUSED @ http://localhost:8099/stream:0
[91310606ms] [ERROR] Failed to load resource: net::ERR_CONNECTION_REFUSED @ http://localhost:8099/stream:0
[91313612ms] [ERROR] Failed to load resource: net::ERR_CONNECTION_REFUSED @ http://localhost:8099/stream:0
[91316617ms] [ERROR] Failed to load resource: net::ERR_CONNECTION_REFUSED @ http://localhost:8099/stream:0
[91319622ms] [ERROR] Failed to load resource: net::ERR_CONNECTION_REFUSED @ http://localhost:8099/stream:0
[91322628ms] [ERROR] Failed to load resource: net::ERR_CONNECTION_REFUSED @ http://localhost:8099/stream:0
[91325633ms] [ERROR] Failed to load resource: net::ERR_CONNECTION_REFUSED @ http://localhost:8099/stream:0
[91328639ms] [ERROR] Failed to load resource: net::ERR_CONNECTION_REFUSED @ http://localhost:8099/stream:0
[91867210ms] [ERROR] Failed to load resource: net::ERR_CONNECTION_REFUSED @ http://localhost:8099/stream:0
[91870214ms] [ERROR] Failed to load resource: net::ERR_CONNECTION_REFUSED @ http://localhost:8099/stream:0
[91873220ms] [ERROR] Failed to load resource: net::ERR_CONNECTION_REFUSED @ http://localhost:8099/stream:0
[91876225ms] [ERROR] Failed to load resource: net::ERR_CONNECTION_REFUSED @ http://localhost:8099/stream:0
[91879229ms] [ERROR] Failed to load resource: net::ERR_CONNECTION_REFUSED @ http://localhost:8099/stream:0
[91882235ms] [ERROR] Failed to load resource: net::ERR_CONNECTION_REFUSED @ http://localhost:8099/stream:0
[91885240ms] [ERROR] Failed to load resource: net::ERR_CONNECTION_REFUSED @ http://localhost:8099/stream:0
[91888245ms] [ERROR] Failed to load resource: net::ERR_CONNECTION_REFUSED @ http://localhost:8099/stream:0
[91891249ms] [ERROR] Failed to load resource: net::ERR_CONNECTION_REFUSED @ http://localhost:8099/stream:0
[91894254ms] [ERROR] Failed to load resource: net::ERR_CONNECTION_REFUSED @ http://localhost:8099/stream:0
[91897260ms] [ERROR] Failed to load resource: net::ERR_CONNECTION_REFUSED @ http://localhost:8099/stream:0
[91900265ms] [ERROR] Failed to load resource: net::ERR_CONNECTION_REFUSED @ http://localhost:8099/stream:0
[91903269ms] [ERROR] Failed to load resource: net::ERR_CONNECTION_REFUSED @ http://localhost:8099/stream:0
[91906274ms] [ERROR] Failed to load resource: net::ERR_CONNECTION_REFUSED @ http://localhost:8099/stream:0
[91909278ms] [ERROR] Failed to load resource: net::ERR_CONNECTION_REFUSED @ http://localhost:8099/stream:0
[92876172ms] [ERROR] Failed to load resource: net::ERR_CONNECTION_REFUSED @ http://localhost:8099/stream:0
[92879178ms] [ERROR] Failed to load resource: net::ERR_CONNECTION_REFUSED @ http://localhost:8099/stream:0
[93425838ms] [ERROR] Failed to load resource: net::ERR_CONNECTION_REFUSED @ http://localhost:8099/stream:0
[93428844ms] [ERROR] Failed to load resource: net::ERR_CONNECTION_REFUSED @ http://localhost:8099/stream:0
[93431851ms] [ERROR] Failed to load resource: net::ERR_CONNECTION_REFUSED @ http://localhost:8099/stream:0
[93434856ms] [ERROR] Failed to load resource: net::ERR_CONNECTION_REFUSED @ http://localhost:8099/stream:0
[93437862ms] [ERROR] Failed to load resource: net::ERR_CONNECTION_REFUSED @ http://localhost:8099/stream:0
[93440867ms] [ERROR] Failed to load resource: net::ERR_CONNECTION_REFUSED @ http://localhost:8099/stream:0
[93443872ms] [ERROR] Failed to load resource: net::ERR_CONNECTION_REFUSED @ http://localhost:8099/stream:0
[93446877ms] [ERROR] Failed to load resource: net::ERR_CONNECTION_REFUSED @ http://localhost:8099/stream:0
[93449882ms] [ERROR] Failed to load resource: net::ERR_CONNECTION_REFUSED @ http://localhost:8099/stream:0
[93452888ms] [ERROR] Failed to load resource: net::ERR_CONNECTION_REFUSED @ http://localhost:8099/stream:0
[93455894ms] [ERROR] Failed to load resource: net::ERR_CONNECTION_REFUSED @ http://localhost:8099/stream:0
[93458900ms] [ERROR] Failed to load resource: net::ERR_CONNECTION_REFUSED @ http://localhost:8099/stream:0
[93461905ms] [ERROR] Failed to load resource: net::ERR_CONNECTION_REFUSED @ http://localhost:8099/stream:0
[93464908ms] [ERROR] Failed to load resource: net::ERR_CONNECTION_REFUSED @ http://localhost:8099/stream:0
[93467914ms] [ERROR] Failed to load resource: net::ERR_CONNECTION_REFUSED @ http://localhost:8099/stream:0
[93470920ms] [ERROR] Failed to load resource: net::ERR_CONNECTION_REFUSED @ http://localhost:8099/stream:0
[94414832ms] [ERROR] Failed to load resource: net::ERR_CONNECTION_REFUSED @ http://localhost:8099/stream:0
[94537499ms] [ERROR] Failed to load resource: net::ERR_CONNECTION_REFUSED @ http://localhost:8099/stream:0
[94540503ms] [ERROR] Failed to load resource: net::ERR_CONNECTION_REFUSED @ http://localhost:8099/stream:0
[94543508ms] [ERROR] Failed to load resource: net::ERR_CONNECTION_REFUSED @ http://localhost:8099/stream:0
[94546514ms] [ERROR] Failed to load resource: net::ERR_CONNECTION_REFUSED @ http://localhost:8099/stream:0
[94549520ms] [ERROR] Failed to load resource: net::ERR_CONNECTION_REFUSED @ http://localhost:8099/stream:0
[94552523ms] [ERROR] Failed to load resource: net::ERR_CONNECTION_REFUSED @ http://localhost:8099/stream:0
[94555527ms] [ERROR] Failed to load resource: net::ERR_CONNECTION_REFUSED @ http://localhost:8099/stream:0
[94558532ms] [ERROR] Failed to load resource: net::ERR_CONNECTION_REFUSED @ http://localhost:8099/stream:0
[94561536ms] [ERROR] Failed to load resource: net::ERR_CONNECTION_REFUSED @ http://localhost:8099/stream:0
[94564542ms] [ERROR] Failed to load resource: net::ERR_CONNECTION_REFUSED @ http://localhost:8099/stream:0
[94567545ms] [ERROR] Failed to load resource: net::ERR_CONNECTION_REFUSED @ http://localhost:8099/stream:0
[94570550ms] [ERROR] Failed to load resource: net::ERR_CONNECTION_REFUSED @ http://localhost:8099/stream:0
[94573556ms] [ERROR] Failed to load resource: net::ERR_CONNECTION_REFUSED @ http://localhost:8099/stream:0
[94576559ms] [ERROR] Failed to load resource: net::ERR_CONNECTION_REFUSED @ http://localhost:8099/stream:0
[94579565ms] [ERROR] Failed to load resource: net::ERR_CONNECTION_REFUSED @ http://localhost:8099/stream:0
[94582574ms] [ERROR] Failed to load resource: net::ERR_CONNECTION_REFUSED @ http://localhost:8099/stream:0
[94869213ms] [ERROR] Failed to load resource: net::ERR_CONNECTION_REFUSED @ http://localhost:8099/stream:0
[94872217ms] [ERROR] Failed to load resource: net::ERR_CONNECTION_REFUSED @ http://localhost:8099/stream:0
[94875223ms] [ERROR] Failed to load resource: net::ERR_CONNECTION_REFUSED @ http://localhost:8099/stream:0
[94878228ms] [ERROR] Failed to load resource: net::ERR_CONNECTION_REFUSED @ http://localhost:8099/stream:0
[94881234ms] [ERROR] Failed to load resource: net::ERR_CONNECTION_REFUSED @ http://localhost:8099/stream:0
[94884239ms] [ERROR] Failed to load resource: net::ERR_CONNECTION_REFUSED @ http://localhost:8099/stream:0
[94887244ms] [ERROR] Failed to load resource: net::ERR_CONNECTION_REFUSED @ http://localhost:8099/stream:0
[94890250ms] [ERROR] Failed to load resource: net::ERR_CONNECTION_REFUSED @ http://localhost:8099/stream:0
[94893255ms] [ERROR] Failed to load resource: net::ERR_CONNECTION_REFUSED @ http://localhost:8099/stream:0
[94896261ms] [ERROR] Failed to load resource: net::ERR_CONNECTION_REFUSED @ http://localhost:8099/stream:0
[94899266ms] [ERROR] Failed to load resource: net::ERR_CONNECTION_REFUSED @ http://localhost:8099/stream:0
[94902271ms] [ERROR] Failed to load resource: net::ERR_CONNECTION_REFUSED @ http://localhost:8099/stream:0
[94905277ms] [ERROR] Failed to load resource: net::ERR_CONNECTION_REFUSED @ http://localhost:8099/stream:0
[94908283ms] [ERROR] Failed to load resource: net::ERR_CONNECTION_REFUSED @ http://localhost:8099/stream:0
[94911289ms] [ERROR] Failed to load resource: net::ERR_CONNECTION_REFUSED @ http://localhost:8099/stream:0
[94914296ms] [ERROR] Failed to load resource: net::ERR_CONNECTION_REFUSED @ http://localhost:8099/stream:0
[95829486ms] [ERROR] Failed to load resource: net::ERR_CONNECTION_REFUSED @ http://localhost:8099/stream:0
[95832489ms] [ERROR] Failed to load resource: net::ERR_CONNECTION_REFUSED @ http://localhost:8099/stream:0
[96736351ms] [ERROR] Failed to load resource: net::ERR_CONNECTION_REFUSED @ http://localhost:8099/stream:0
[96739357ms] [ERROR] Failed to load resource: net::ERR_CONNECTION_REFUSED @ http://localhost:8099/stream:0
[96742362ms] [ERROR] Failed to load resource: net::ERR_CONNECTION_REFUSED @ http://localhost:8099/stream:0
[96745368ms] [ERROR] Failed to load resource: net::ERR_CONNECTION_REFUSED @ http://localhost:8099/stream:0
[96748375ms] [ERROR] Failed to load resource: net::ERR_CONNECTION_REFUSED @ http://localhost:8099/stream:0
[96751380ms] [ERROR] Failed to load resource: net::ERR_CONNECTION_REFUSED @ http://localhost:8099/stream:0
[96754386ms] [ERROR] Failed to load resource: net::ERR_CONNECTION_REFUSED @ http://localhost:8099/stream:0
[96757390ms] [ERROR] Failed to load resource: net::ERR_CONNECTION_REFUSED @ http://localhost:8099/stream:0
[96760395ms] [ERROR] Failed to load resource: net::ERR_CONNECTION_REFUSED @ http://localhost:8099/stream:0
[96763401ms] [ERROR] Failed to load resource: net::ERR_CONNECTION_REFUSED @ http://localhost:8099/stream:0
[96766405ms] [ERROR] Failed to load resource: net::ERR_CONNECTION_REFUSED @ http://localhost:8099/stream:0
[96769410ms] [ERROR] Failed to load resource: net::ERR_CONNECTION_REFUSED @ http://localhost:8099/stream:0
[96772416ms] [ERROR] Failed to load resource: net::ERR_CONNECTION_REFUSED @ http://localhost:8099/stream:0
[96775422ms] [ERROR] Failed to load resource: net::ERR_CONNECTION_REFUSED @ http://localhost:8099/stream:0
[96778427ms] [ERROR] Failed to load resource: net::ERR_CONNECTION_REFUSED @ http://localhost:8099/stream:0
[97682416ms] [ERROR] Failed to load resource: net::ERR_CONNECTION_REFUSED @ http://localhost:8099/stream:0
[97685427ms] [ERROR] Failed to load resource: net::ERR_CONNECTION_REFUSED @ http://localhost:8099/stream:0
[97688430ms] [ERROR] Failed to load resource: net::ERR_CONNECTION_REFUSED @ http://localhost:8099/stream:0
[97691435ms] [ERROR] Failed to load resource: net::ERR_CONNECTION_REFUSED @ http://localhost:8099/stream:0
[97694440ms] [ERROR] Failed to load resource: net::ERR_CONNECTION_REFUSED @ http://localhost:8099/stream:0
[97697445ms] [ERROR] Failed to load resource: net::ERR_CONNECTION_REFUSED @ http://localhost:8099/stream:0
[97700447ms] [ERROR] Failed to load resource: net::ERR_CONNECTION_REFUSED @ http://localhost:8099/stream:0
[97703453ms] [ERROR] Failed to load resource: net::ERR_CONNECTION_REFUSED @ http://localhost:8099/stream:0
[97706459ms] [ERROR] Failed to load resource: net::ERR_CONNECTION_REFUSED @ http://localhost:8099/stream:0
[97709466ms] [ERROR] Failed to load resource: net::ERR_CONNECTION_REFUSED @ http://localhost:8099/stream:0
[97712472ms] [ERROR] Failed to load resource: net::ERR_CONNECTION_REFUSED @ http://localhost:8099/stream:0
[97715476ms] [ERROR] Failed to load resource: net::ERR_CONNECTION_REFUSED @ http://localhost:8099/stream:0
[97718481ms] [ERROR] Failed to load resource: net::ERR_CONNECTION_REFUSED @ http://localhost:8099/stream:0
[97721487ms] [ERROR] Failed to load resource: net::ERR_CONNECTION_REFUSED @ http://localhost:8099/stream:0
[97724490ms] [ERROR] Failed to load resource: net::ERR_CONNECTION_REFUSED @ http://localhost:8099/stream:0
[97727495ms] [ERROR] Failed to load resource: net::ERR_CONNECTION_REFUSED @ http://localhost:8099/stream:0
[98198877ms] [ERROR] Failed to load resource: net::ERR_CONNECTION_REFUSED @ http://localhost:8099/stream:0
[98201882ms] [ERROR] Failed to load resource: net::ERR_CONNECTION_REFUSED @ http://localhost:8099/stream:0
[98204886ms] [ERROR] Failed to load resource: net::ERR_CONNECTION_REFUSED @ http://localhost:8099/stream:0
[98207889ms] [ERROR] Failed to load resource: net::ERR_CONNECTION_REFUSED @ http://localhost:8099/stream:0
[98210895ms] [ERROR] Failed to load resource: net::ERR_CONNECTION_REFUSED @ http://localhost:8099/stream:0
[98213900ms] [ERROR] Failed to load resource: net::ERR_CONNECTION_REFUSED @ http://localhost:8099/stream:0
[98216906ms] [ERROR] Failed to load resource: net::ERR_CONNECTION_REFUSED @ http://localhost:8099/stream:0
[98219912ms] [ERROR] Failed to load resource: net::ERR_CONNECTION_REFUSED @ http://localhost:8099/stream:0
[98222916ms] [ERROR] Failed to load resource: net::ERR_CONNECTION_REFUSED @ http://localhost:8099/stream:0
[98225922ms] [ERROR] Failed to load resource: net::ERR_CONNECTION_REFUSED @ http://localhost:8099/stream:0
[98228928ms] [ERROR] Failed to load resource: net::ERR_CONNECTION_REFUSED @ http://localhost:8099/stream:0
[98231933ms] [ERROR] Failed to load resource: net::ERR_CONNECTION_REFUSED @ http://localhost:8099/stream:0
[98234937ms] [ERROR] Failed to load resource: net::ERR_CONNECTION_REFUSED @ http://localhost:8099/stream:0
[98237942ms] [ERROR] Failed to load resource: net::ERR_CONNECTION_REFUSED @ http://localhost:8099/stream:0
[98240947ms] [ERROR] Failed to load resource: net::ERR_CONNECTION_REFUSED @ http://localhost:8099/stream:0
[98243953ms] [ERROR] Failed to load resource: net::ERR_CONNECTION_REFUSED @ http://localhost:8099/stream:0
[99200841ms] [ERROR] Failed to load resource: net::ERR_CONNECTION_REFUSED @ http://localhost:8099/stream:0
[100201449ms] [ERROR] Failed to load resource: net::ERR_CONNECTION_REFUSED @ http://localhost:8099/stream:0
[100204455ms] [ERROR] Failed to load resource: net::ERR_CONNECTION_REFUSED @ http://localhost:8099/stream:0
[100396128ms] [ERROR] Failed to load resource: net::ERR_CONNECTION_REFUSED @ http://localhost:8099/stream:0
[100399135ms] [ERROR] Failed to load resource: net::ERR_CONNECTION_REFUSED @ http://localhost:8099/stream:0
[100402140ms] [ERROR] Failed to load resource: net::ERR_CONNECTION_REFUSED @ http://localhost:8099/stream:0
[100405145ms] [ERROR] Failed to load resource: net::ERR_CONNECTION_REFUSED @ http://localhost:8099/stream:0
[100408150ms] [ERROR] Failed to load resource: net::ERR_CONNECTION_REFUSED @ http://localhost:8099/stream:0
[100411157ms] [ERROR] Failed to load resource: net::ERR_CONNECTION_REFUSED @ http://localhost:8099/stream:0
[100414161ms] [ERROR] Failed to load resource: net::ERR_CONNECTION_REFUSED @ http://localhost:8099/stream:0
[100417166ms] [ERROR] Failed to load resource: net::ERR_CONNECTION_REFUSED @ http://localhost:8099/stream:0
[100420171ms] [ERROR] Failed to load resource: net::ERR_CONNECTION_REFUSED @ http://localhost:8099/stream:0
[100423176ms] [ERROR] Failed to load resource: net::ERR_CONNECTION_REFUSED @ http://localhost:8099/stream:0
[100426180ms] [ERROR] Failed to load resource: net::ERR_CONNECTION_REFUSED @ http://localhost:8099/stream:0
[100429184ms] [ERROR] Failed to load resource: net::ERR_CONNECTION_REFUSED @ http://localhost:8099/stream:0
[100432190ms] [ERROR] Failed to load resource: net::ERR_CONNECTION_REFUSED @ http://localhost:8099/stream:0
[100435194ms] [ERROR] Failed to load resource: net::ERR_CONNECTION_REFUSED @ http://localhost:8099/stream:0
[100438200ms] [ERROR] Failed to load resource: net::ERR_CONNECTION_REFUSED @ http://localhost:8099/stream:0
[100441205ms] [ERROR] Failed to load resource: net::ERR_CONNECTION_REFUSED @ http://localhost:8099/stream:0
[100546193ms] [ERROR] Failed to load resource: net::ERR_CONNECTION_REFUSED @ http://localhost:8099/stream:0
[100549199ms] [ERROR] Failed to load resource: net::ERR_CONNECTION_REFUSED @ http://localhost:8099/stream:0
[100552203ms] [ERROR] Failed to load resource: net::ERR_CONNECTION_REFUSED @ http://localhost:8099/stream:0
[100555208ms] [ERROR] Failed to load resource: net::ERR_CONNECTION_REFUSED @ http://localhost:8099/stream:0
[100558213ms] [ERROR] Failed to load resource: net::ERR_CONNECTION_REFUSED @ http://localhost:8099/stream:0
[100561220ms] [ERROR] Failed to load resource: net::ERR_CONNECTION_REFUSED @ http://localhost:8099/stream:0
[100564224ms] [ERROR] Failed to load resource: net::ERR_CONNECTION_REFUSED @ http://localhost:8099/stream:0
[100567231ms] [ERROR] Failed to load resource: net::ERR_CONNECTION_REFUSED @ http://localhost:8099/stream:0
[100570236ms] [ERROR] Failed to load resource: net::ERR_CONNECTION_REFUSED @ http://localhost:8099/stream:0
[100573242ms] [ERROR] Failed to load resource: net::ERR_CONNECTION_REFUSED @ http://localhost:8099/stream:0
[100576246ms] [ERROR] Failed to load resource: net::ERR_CONNECTION_REFUSED @ http://localhost:8099/stream:0
[100579251ms] [ERROR] Failed to load resource: net::ERR_CONNECTION_REFUSED @ http://localhost:8099/stream:0
[100582257ms] [ERROR] Failed to load resource: net::ERR_CONNECTION_REFUSED @ http://localhost:8099/stream:0
[100585260ms] [ERROR] Failed to load resource: net::ERR_CONNECTION_REFUSED @ http://localhost:8099/stream:0
[100588266ms] [ERROR] Failed to load resource: net::ERR_CONNECTION_REFUSED @ http://localhost:8099/stream:0
[100591271ms] [ERROR] Failed to load resource: net::ERR_CONNECTION_REFUSED @ http://localhost:8099/stream:0
[101603873ms] [ERROR] Failed to load resource: net::ERR_CONNECTION_REFUSED @ http://localhost:8099/stream:0
[102650495ms] [ERROR] Failed to load resource: net::ERR_CONNECTION_REFUSED @ http://localhost:8099/stream:0
[102653500ms] [ERROR] Failed to load resource: net::ERR_CONNECTION_REFUSED @ http://localhost:8099/stream:0
[103625086ms] [ERROR] Failed to load resource: net::ERR_CONNECTION_REFUSED @ http://localhost:8099/stream:0
[103628091ms] [ERROR] Failed to load resource: net::ERR_CONNECTION_REFUSED @ http://localhost:8099/stream:0
[104642743ms] [ERROR] Failed to load resource: net::ERR_CONNECTION_REFUSED @ http://localhost:8099/stream:0
[104645749ms] [ERROR] Failed to load resource: net::ERR_CONNECTION_REFUSED @ http://localhost:8099/stream:0
[105599384ms] [ERROR] Failed to load resource: net::ERR_CONNECTION_REFUSED @ http://localhost:8099/stream:0
[105602392ms] [ERROR] Failed to load resource: net::ERR_CONNECTION_REFUSED @ http://localhost:8099/stream:0
[106462867ms] [ERROR] Failed to load resource: net::ERR_CONNECTION_REFUSED @ http://localhost:8099/stream:0
[106465876ms] [ERROR] Failed to load resource: net::ERR_CONNECTION_REFUSED @ http://localhost:8099/stream:0
[106468891ms] [ERROR] Failed to load resource: net::ERR_CONNECTION_REFUSED @ http://localhost:8099/stream:0
[106471897ms] [ERROR] Failed to load resource: net::ERR_CONNECTION_REFUSED @ http://localhost:8099/stream:0
[106474901ms] [ERROR] Failed to load resource: net::ERR_CONNECTION_REFUSED @ http://localhost:8099/stream:0
[106477910ms] [ERROR] Failed to load resource: net::ERR_CONNECTION_REFUSED @ http://localhost:8099/stream:0
[106480912ms] [ERROR] Failed to load resource: net::ERR_CONNECTION_REFUSED @ http://localhost:8099/stream:0
[106483917ms] [ERROR] Failed to load resource: net::ERR_CONNECTION_REFUSED @ http://localhost:8099/stream:0
[106486922ms] [ERROR] Failed to load resource: net::ERR_CONNECTION_REFUSED @ http://localhost:8099/stream:0
[106489927ms] [ERROR] Failed to load resource: net::ERR_CONNECTION_REFUSED @ http://localhost:8099/stream:0
[106492933ms] [ERROR] Failed to load resource: net::ERR_CONNECTION_REFUSED @ http://localhost:8099/stream:0
[106495937ms] [ERROR] Failed to load resource: net::ERR_CONNECTION_REFUSED @ http://localhost:8099/stream:0
[106498943ms] [ERROR] Failed to load resource: net::ERR_CONNECTION_REFUSED @ http://localhost:8099/stream:0
[106501948ms] [ERROR] Failed to load resource: net::ERR_CONNECTION_REFUSED @ http://localhost:8099/stream:0
[106504954ms] [ERROR] Failed to load resource: net::ERR_CONNECTION_REFUSED @ http://localhost:8099/stream:0
[107458882ms] [ERROR] Failed to load resource: net::ERR_CONNECTION_REFUSED @ http://localhost:8099/stream:0
[107461889ms] [ERROR] Failed to load resource: net::ERR_CONNECTION_REFUSED @ http://localhost:8099/stream:0
[108476524ms] [ERROR] Failed to load resource: net::ERR_CONNECTION_REFUSED @ http://localhost:8099/stream:0
[108479529ms] [ERROR] Failed to load resource: net::ERR_CONNECTION_REFUSED @ http://localhost:8099/stream:0
[108713611ms] [ERROR] Failed to load resource: net::ERR_CONNECTION_REFUSED @ http://localhost:8099/stream:0
[108716621ms] [ERROR] Failed to load resource: net::ERR_CONNECTION_REFUSED @ http://localhost:8099/stream:0
[108719624ms] [ERROR] Failed to load resource: net::ERR_CONNECTION_REFUSED @ http://localhost:8099/stream:0
[108722629ms] [ERROR] Failed to load resource: net::ERR_CONNECTION_REFUSED @ http://localhost:8099/stream:0
[108725634ms] [ERROR] Failed to load resource: net::ERR_CONNECTION_REFUSED @ http://localhost:8099/stream:0
[108728641ms] [ERROR] Failed to load resource: net::ERR_CONNECTION_REFUSED @ http://localhost:8099/stream:0
[108731646ms] [ERROR] Failed to load resource: net::ERR_CONNECTION_REFUSED @ http://localhost:8099/stream:0
[108734650ms] [ERROR] Failed to load resource: net::ERR_CONNECTION_REFUSED @ http://localhost:8099/stream:0
[108737654ms] [ERROR] Failed to load resource: net::ERR_CONNECTION_REFUSED @ http://localhost:8099/stream:0
[108740659ms] [ERROR] Failed to load resource: net::ERR_CONNECTION_REFUSED @ http://localhost:8099/stream:0
[108743663ms] [ERROR] Failed to load resource: net::ERR_CONNECTION_REFUSED @ http://localhost:8099/stream:0
[108746669ms] [ERROR] Failed to load resource: net::ERR_CONNECTION_REFUSED @ http://localhost:8099/stream:0
[108749675ms] [ERROR] Failed to load resource: net::ERR_CONNECTION_REFUSED @ http://localhost:8099/stream:0
[108752679ms] [ERROR] Failed to load resource: net::ERR_CONNECTION_REFUSED @ http://localhost:8099/stream:0
[108755685ms] [ERROR] Failed to load resource: net::ERR_CONNECTION_REFUSED @ http://localhost:8099/stream:0
[109828049ms] [ERROR] Failed to load resource: net::ERR_CONNECTION_REFUSED @ http://localhost:8099/stream:0
[109831055ms] [ERROR] Failed to load resource: net::ERR_CONNECTION_REFUSED @ http://localhost:8099/stream:0
[110861657ms] [ERROR] Failed to load resource: net::ERR_CONNECTION_REFUSED @ http://localhost:8099/stream:0
[110864662ms] [ERROR] Failed to load resource: net::ERR_CONNECTION_REFUSED @ http://localhost:8099/stream:0
[111796326ms] [ERROR] Failed to load resource: net::ERR_CONNECTION_REFUSED @ http://localhost:8099/stream:0
[111799329ms] [ERROR] Failed to load resource: net::ERR_CONNECTION_REFUSED @ http://localhost:8099/stream:0
[112716986ms] [ERROR] Failed to load resource: net::ERR_CONNECTION_REFUSED @ http://localhost:8099/stream:0
[112719991ms] [ERROR] Failed to load resource: net::ERR_CONNECTION_REFUSED @ http://localhost:8099/stream:0
[113757586ms] [ERROR] Failed to load resource: net::ERR_CONNECTION_REFUSED @ http://localhost:8099/stream:0
[113861741ms] [ERROR] Failed to load resource: net::ERR_CONNECTION_REFUSED @ http://localhost:8099/stream:0
[113864747ms] [ERROR] Failed to load resource: net::ERR_CONNECTION_REFUSED @ http://localhost:8099/stream:0
[113867754ms] [ERROR] Failed to load resource: net::ERR_CONNECTION_REFUSED @ http://localhost:8099/stream:0
[113870760ms] [ERROR] Failed to load resource: net::ERR_CONNECTION_REFUSED @ http://localhost:8099/stream:0
[113873765ms] [ERROR] Failed to load resource: net::ERR_CONNECTION_REFUSED @ http://localhost:8099/stream:0
[113876770ms] [ERROR] Failed to load resource: net::ERR_CONNECTION_REFUSED @ http://localhost:8099/stream:0
[113879776ms] [ERROR] Failed to load resource: net::ERR_CONNECTION_REFUSED @ http://localhost:8099/stream:0
[113882781ms] [ERROR] Failed to load resource: net::ERR_CONNECTION_REFUSED @ http://localhost:8099/stream:0
[113885786ms] [ERROR] Failed to load resource: net::ERR_CONNECTION_REFUSED @ http://localhost:8099/stream:0
[113888792ms] [ERROR] Failed to load resource: net::ERR_CONNECTION_REFUSED @ http://localhost:8099/stream:0
[113891797ms] [ERROR] Failed to load resource: net::ERR_CONNECTION_REFUSED @ http://localhost:8099/stream:0
[113894803ms] [ERROR] Failed to load resource: net::ERR_CONNECTION_REFUSED @ http://localhost:8099/stream:0
[113897808ms] [ERROR] Failed to load resource: net::ERR_CONNECTION_REFUSED @ http://localhost:8099/stream:0
[113900814ms] [ERROR] Failed to load resource: net::ERR_CONNECTION_REFUSED @ http://localhost:8099/stream:0
[113903820ms] [ERROR] Failed to load resource: net::ERR_CONNECTION_REFUSED @ http://localhost:8099/stream:0
[113906824ms] [ERROR] Failed to load resource: net::ERR_CONNECTION_REFUSED @ http://localhost:8099/stream:0
[114854095ms] [ERROR] Failed to load resource: net::ERR_CONNECTION_REFUSED @ http://localhost:8099/stream:0
[114857099ms] [ERROR] Failed to load resource: net::ERR_CONNECTION_REFUSED @ http://localhost:8099/stream:0
[115761075ms] [ERROR] Failed to load resource: net::ERR_CONNECTION_REFUSED @ http://localhost:8099/stream:0
[115764080ms] [ERROR] Failed to load resource: net::ERR_CONNECTION_REFUSED @ http://localhost:8099/stream:0
[115767084ms] [ERROR] Failed to load resource: net::ERR_CONNECTION_REFUSED @ http://localhost:8099/stream:0
[115770089ms] [ERROR] Failed to load resource: net::ERR_CONNECTION_REFUSED @ http://localhost:8099/stream:0
[115773096ms] [ERROR] Failed to load resource: net::ERR_CONNECTION_REFUSED @ http://localhost:8099/stream:0
[115776101ms] [ERROR] Failed to load resource: net::ERR_CONNECTION_REFUSED @ http://localhost:8099/stream:0
[115779107ms] [ERROR] Failed to load resource: net::ERR_CONNECTION_REFUSED @ http://localhost:8099/stream:0
[115782112ms] [ERROR] Failed to load resource: net::ERR_CONNECTION_REFUSED @ http://localhost:8099/stream:0
[115785118ms] [ERROR] Failed to load resource: net::ERR_CONNECTION_REFUSED @ http://localhost:8099/stream:0
[115788124ms] [ERROR] Failed to load resource: net::ERR_CONNECTION_REFUSED @ http://localhost:8099/stream:0
[115791128ms] [ERROR] Failed to load resource: net::ERR_CONNECTION_REFUSED @ http://localhost:8099/stream:0
[115794133ms] [ERROR] Failed to load resource: net::ERR_CONNECTION_REFUSED @ http://localhost:8099/stream:0
[115797137ms] [ERROR] Failed to load resource: net::ERR_CONNECTION_REFUSED @ http://localhost:8099/stream:0
[115800142ms] [ERROR] Failed to load resource: net::ERR_CONNECTION_REFUSED @ http://localhost:8099/stream:0
[115803148ms] [ERROR] Failed to load resource: net::ERR_CONNECTION_REFUSED @ http://localhost:8099/stream:0
[115806152ms] [ERROR] Failed to load resource: net::ERR_CONNECTION_REFUSED @ http://localhost:8099/stream:0
[115947999ms] [ERROR] Failed to load resource: net::ERR_CONNECTION_REFUSED @ http://localhost:8099/stream:0
[115951005ms] [ERROR] Failed to load resource: net::ERR_CONNECTION_REFUSED @ http://localhost:8099/stream:0
[115954012ms] [ERROR] Failed to load resource: net::ERR_CONNECTION_REFUSED @ http://localhost:8099/stream:0
[115957017ms] [ERROR] Failed to load resource: net::ERR_CONNECTION_REFUSED @ http://localhost:8099/stream:0
[115960022ms] [ERROR] Failed to load resource: net::ERR_CONNECTION_REFUSED @ http://localhost:8099/stream:0
[115963028ms] [ERROR] Failed to load resource: net::ERR_CONNECTION_REFUSED @ http://localhost:8099/stream:0
[115966034ms] [ERROR] Failed to load resource: net::ERR_CONNECTION_REFUSED @ http://localhost:8099/stream:0
[115969039ms] [ERROR] Failed to load resource: net::ERR_CONNECTION_REFUSED @ http://localhost:8099/stream:0
[115972044ms] [ERROR] Failed to load resource: net::ERR_CONNECTION_REFUSED @ http://localhost:8099/stream:0
[115975050ms] [ERROR] Failed to load resource: net::ERR_CONNECTION_REFUSED @ http://localhost:8099/stream:0
[115978055ms] [ERROR] Failed to load resource: net::ERR_CONNECTION_REFUSED @ http://localhost:8099/stream:0
[115981060ms] [ERROR] Failed to load resource: net::ERR_CONNECTION_REFUSED @ http://localhost:8099/stream:0
[115984068ms] [ERROR] Failed to load resource: net::ERR_CONNECTION_REFUSED @ http://localhost:8099/stream:0
[115987074ms] [ERROR] Failed to load resource: net::ERR_CONNECTION_REFUSED @ http://localhost:8099/stream:0
[115990080ms] [ERROR] Failed to load resource: net::ERR_CONNECTION_REFUSED @ http://localhost:8099/stream:0
[116941144ms] [ERROR] Failed to load resource: net::ERR_CONNECTION_REFUSED @ http://localhost:8099/stream:0
[116944149ms] [ERROR] Failed to load resource: net::ERR_CONNECTION_REFUSED @ http://localhost:8099/stream:0
[116947154ms] [ERROR] Failed to load resource: net::ERR_CONNECTION_REFUSED @ http://localhost:8099/stream:0
[116950159ms] [ERROR] Failed to load resource: net::ERR_CONNECTION_REFUSED @ http://localhost:8099/stream:0
[116953165ms] [ERROR] Failed to load resource: net::ERR_CONNECTION_REFUSED @ http://localhost:8099/stream:0
[116956169ms] [ERROR] Failed to load resource: net::ERR_CONNECTION_REFUSED @ http://localhost:8099/stream:0
[116959173ms] [ERROR] Failed to load resource: net::ERR_CONNECTION_REFUSED @ http://localhost:8099/stream:0
[116962178ms] [ERROR] Failed to load resource: net::ERR_CONNECTION_REFUSED @ http://localhost:8099/stream:0
[116965185ms] [ERROR] Failed to load resource: net::ERR_CONNECTION_REFUSED @ http://localhost:8099/stream:0
[116968190ms] [ERROR] Failed to load resource: net::ERR_CONNECTION_REFUSED @ http://localhost:8099/stream:0
[116971196ms] [ERROR] Failed to load resource: net::ERR_CONNECTION_REFUSED @ http://localhost:8099/stream:0
[116974200ms] [ERROR] Failed to load resource: net::ERR_CONNECTION_REFUSED @ http://localhost:8099/stream:0
[116977205ms] [ERROR] Failed to load resource: net::ERR_CONNECTION_REFUSED @ http://localhost:8099/stream:0
[116980209ms] [ERROR] Failed to load resource: net::ERR_CONNECTION_REFUSED @ http://localhost:8099/stream:0
[116983215ms] [ERROR] Failed to load resource: net::ERR_CONNECTION_REFUSED @ http://localhost:8099/stream:0
[116986220ms] [ERROR] Failed to load resource: net::ERR_CONNECTION_REFUSED @ http://localhost:8099/stream:0
[117126105ms] [ERROR] Failed to load resource: net::ERR_CONNECTION_REFUSED @ http://localhost:8099/stream:0
[117129109ms] [ERROR] Failed to load resource: net::ERR_CONNECTION_REFUSED @ http://localhost:8099/stream:0
[117132113ms] [ERROR] Failed to load resource: net::ERR_CONNECTION_REFUSED @ http://localhost:8099/stream:0
[117135118ms] [ERROR] Failed to load resource: net::ERR_CONNECTION_REFUSED @ http://localhost:8099/stream:0
[117138124ms] [ERROR] Failed to load resource: net::ERR_CONNECTION_REFUSED @ http://localhost:8099/stream:0
[117141129ms] [ERROR] Failed to load resource: net::ERR_CONNECTION_REFUSED @ http://localhost:8099/stream:0
[117144135ms] [ERROR] Failed to load resource: net::ERR_CONNECTION_REFUSED @ http://localhost:8099/stream:0
[117147140ms] [ERROR] Failed to load resource: net::ERR_CONNECTION_REFUSED @ http://localhost:8099/stream:0
[117150146ms] [ERROR] Failed to load resource: net::ERR_CONNECTION_REFUSED @ http://localhost:8099/stream:0
[117153152ms] [ERROR] Failed to load resource: net::ERR_CONNECTION_REFUSED @ http://localhost:8099/stream:0
[117156157ms] [ERROR] Failed to load resource: net::ERR_CONNECTION_REFUSED @ http://localhost:8099/stream:0
[117159162ms] [ERROR] Failed to load resource: net::ERR_CONNECTION_REFUSED @ http://localhost:8099/stream:0
[117162166ms] [ERROR] Failed to load resource: net::ERR_CONNECTION_REFUSED @ http://localhost:8099/stream:0
[117165172ms] [ERROR] Failed to load resource: net::ERR_CONNECTION_REFUSED @ http://localhost:8099/stream:0
[117168175ms] [ERROR] Failed to load resource: net::ERR_CONNECTION_REFUSED @ http://localhost:8099/stream:0
[117171181ms] [ERROR] Failed to load resource: net::ERR_CONNECTION_REFUSED @ http://localhost:8099/stream:0
[117368291ms] [ERROR] Failed to load resource: net::ERR_CONNECTION_REFUSED @ http://localhost:8099/stream:0
[117371295ms] [ERROR] Failed to load resource: net::ERR_CONNECTION_REFUSED @ http://localhost:8099/stream:0
[117374300ms] [ERROR] Failed to load resource: net::ERR_CONNECTION_REFUSED @ http://localhost:8099/stream:0
[117377307ms] [ERROR] Failed to load resource: net::ERR_CONNECTION_REFUSED @ http://localhost:8099/stream:0
[117380312ms] [ERROR] Failed to load resource: net::ERR_CONNECTION_REFUSED @ http://localhost:8099/stream:0
[117383316ms] [ERROR] Failed to load resource: net::ERR_CONNECTION_REFUSED @ http://localhost:8099/stream:0
[117386322ms] [ERROR] Failed to load resource: net::ERR_CONNECTION_REFUSED @ http://localhost:8099/stream:0
[117389328ms] [ERROR] Failed to load resource: net::ERR_CONNECTION_REFUSED @ http://localhost:8099/stream:0
[117392333ms] [ERROR] Failed to load resource: net::ERR_CONNECTION_REFUSED @ http://localhost:8099/stream:0
[117395338ms] [ERROR] Failed to load resource: net::ERR_CONNECTION_REFUSED @ http://localhost:8099/stream:0
[117398344ms] [ERROR] Failed to load resource: net::ERR_CONNECTION_REFUSED @ http://localhost:8099/stream:0
[117401349ms] [ERROR] Failed to load resource: net::ERR_CONNECTION_REFUSED @ http://localhost:8099/stream:0
[117404355ms] [ERROR] Failed to load resource: net::ERR_CONNECTION_REFUSED @ http://localhost:8099/stream:0
[117407360ms] [ERROR] Failed to load resource: net::ERR_CONNECTION_REFUSED @ http://localhost:8099/stream:0
[117410364ms] [ERROR] Failed to load resource: net::ERR_CONNECTION_REFUSED @ http://localhost:8099/stream:0
[118327989ms] [ERROR] Failed to load resource: net::ERR_CONNECTION_REFUSED @ http://localhost:8099/stream:0
[118330995ms] [ERROR] Failed to load resource: net::ERR_CONNECTION_REFUSED @ http://localhost:8099/stream:0
[118588121ms] [ERROR] Failed to load resource: net::ERR_CONNECTION_REFUSED @ http://localhost:8099/stream:0
[118591127ms] [ERROR] Failed to load resource: net::ERR_CONNECTION_REFUSED @ http://localhost:8099/stream:0
[118594132ms] [ERROR] Failed to load resource: net::ERR_CONNECTION_REFUSED @ http://localhost:8099/stream:0
[118597137ms] [ERROR] Failed to load resource: net::ERR_CONNECTION_REFUSED @ http://localhost:8099/stream:0
[118600142ms] [ERROR] Failed to load resource: net::ERR_CONNECTION_REFUSED @ http://localhost:8099/stream:0
[118603148ms] [ERROR] Failed to load resource: net::ERR_CONNECTION_REFUSED @ http://localhost:8099/stream:0
[118606154ms] [ERROR] Failed to load resource: net::ERR_CONNECTION_REFUSED @ http://localhost:8099/stream:0
[118609159ms] [ERROR] Failed to load resource: net::ERR_CONNECTION_REFUSED @ http://localhost:8099/stream:0
[118612164ms] [ERROR] Failed to load resource: net::ERR_CONNECTION_REFUSED @ http://localhost:8099/stream:0
[118615169ms] [ERROR] Failed to load resource: net::ERR_CONNECTION_REFUSED @ http://localhost:8099/stream:0
[118618174ms] [ERROR] Failed to load resource: net::ERR_CONNECTION_REFUSED @ http://localhost:8099/stream:0
[118621179ms] [ERROR] Failed to load resource: net::ERR_CONNECTION_REFUSED @ http://localhost:8099/stream:0
[118624186ms] [ERROR] Failed to load resource: net::ERR_CONNECTION_REFUSED @ http://localhost:8099/stream:0
[118627192ms] [ERROR] Failed to load resource: net::ERR_CONNECTION_REFUSED @ http://localhost:8099/stream:0
[118630197ms] [ERROR] Failed to load resource: net::ERR_CONNECTION_REFUSED @ http://localhost:8099/stream:0
[118633202ms] [ERROR] Failed to load resource: net::ERR_CONNECTION_REFUSED @ http://localhost:8099/stream:0
[119699569ms] [ERROR] Failed to load resource: net::ERR_CONNECTION_REFUSED @ http://localhost:8099/stream:0
[119702574ms] [ERROR] Failed to load resource: net::ERR_CONNECTION_REFUSED @ http://localhost:8099/stream:0
[120614156ms] [ERROR] Failed to load resource: net::ERR_CONNECTION_REFUSED @ http://localhost:8099/stream:0
[120681839ms] [ERROR] Failed to load resource: net::ERR_CONNECTION_REFUSED @ http://localhost:8099/stream:0
[120684844ms] [ERROR] Failed to load resource: net::ERR_CONNECTION_REFUSED @ http://localhost:8099/stream:0
[120687851ms] [ERROR] Failed to load resource: net::ERR_CONNECTION_REFUSED @ http://localhost:8099/stream:0
[120690855ms] [ERROR] Failed to load resource: net::ERR_CONNECTION_REFUSED @ http://localhost:8099/stream:0
[120693860ms] [ERROR] Failed to load resource: net::ERR_CONNECTION_REFUSED @ http://localhost:8099/stream:0
[120696866ms] [ERROR] Failed to load resource: net::ERR_CONNECTION_REFUSED @ http://localhost:8099/stream:0
[120699872ms] [ERROR] Failed to load resource: net::ERR_CONNECTION_REFUSED @ http://localhost:8099/stream:0
[120702876ms] [ERROR] Failed to load resource: net::ERR_CONNECTION_REFUSED @ http://localhost:8099/stream:0
[120705880ms] [ERROR] Failed to load resource: net::ERR_CONNECTION_REFUSED @ http://localhost:8099/stream:0
[120708884ms] [ERROR] Failed to load resource: net::ERR_CONNECTION_REFUSED @ http://localhost:8099/stream:0
[120711890ms] [ERROR] Failed to load resource: net::ERR_CONNECTION_REFUSED @ http://localhost:8099/stream:0
[120714894ms] [ERROR] Failed to load resource: net::ERR_CONNECTION_REFUSED @ http://localhost:8099/stream:0
[120717900ms] [ERROR] Failed to load resource: net::ERR_CONNECTION_REFUSED @ http://localhost:8099/stream:0
[120720904ms] [ERROR] Failed to load resource: net::ERR_CONNECTION_REFUSED @ http://localhost:8099/stream:0
[120723906ms] [ERROR] Failed to load resource: net::ERR_CONNECTION_REFUSED @ http://localhost:8099/stream:0
[120726911ms] [ERROR] Failed to load resource: net::ERR_CONNECTION_REFUSED @ http://localhost:8099/stream:0
[121446868ms] [ERROR] Failed to load resource: net::ERR_CONNECTION_REFUSED @ http://localhost:8099/stream:0
[121449870ms] [ERROR] Failed to load resource: net::ERR_CONNECTION_REFUSED @ http://localhost:8099/stream:0
[121452874ms] [ERROR] Failed to load resource: net::ERR_CONNECTION_REFUSED @ http://localhost:8099/stream:0
[121455881ms] [ERROR] Failed to load resource: net::ERR_CONNECTION_REFUSED @ http://localhost:8099/stream:0
[121458887ms] [ERROR] Failed to load resource: net::ERR_CONNECTION_REFUSED @ http://localhost:8099/stream:0
[121461892ms] [ERROR] Failed to load resource: net::ERR_CONNECTION_REFUSED @ http://localhost:8099/stream:0
[121464897ms] [ERROR] Failed to load resource: net::ERR_CONNECTION_REFUSED @ http://localhost:8099/stream:0
[121467900ms] [ERROR] Failed to load resource: net::ERR_CONNECTION_REFUSED @ http://localhost:8099/stream:0
[121470905ms] [ERROR] Failed to load resource: net::ERR_CONNECTION_REFUSED @ http://localhost:8099/stream:0
[121473910ms] [ERROR] Failed to load resource: net::ERR_CONNECTION_REFUSED @ http://localhost:8099/stream:0
[121476914ms] [ERROR] Failed to load resource: net::ERR_CONNECTION_REFUSED @ http://localhost:8099/stream:0
[121479919ms] [ERROR] Failed to load resource: net::ERR_CONNECTION_REFUSED @ http://localhost:8099/stream:0
[121482924ms] [ERROR] Failed to load resource: net::ERR_CONNECTION_REFUSED @ http://localhost:8099/stream:0
[121485927ms] [ERROR] Failed to load resource: net::ERR_CONNECTION_REFUSED @ http://localhost:8099/stream:0
[121488930ms] [ERROR] Failed to load resource: net::ERR_CONNECTION_REFUSED @ http://localhost:8099/stream:0
[121491936ms] [ERROR] Failed to load resource: net::ERR_CONNECTION_REFUSED @ http://localhost:8099/stream:0
[122226893ms] [ERROR] Failed to load resource: net::ERR_CONNECTION_REFUSED @ http://localhost:8099/stream:0
[122229899ms] [ERROR] Failed to load resource: net::ERR_CONNECTION_REFUSED @ http://localhost:8099/stream:0
[122232905ms] [ERROR] Failed to load resource: net::ERR_CONNECTION_REFUSED @ http://localhost:8099/stream:0
[122235910ms] [ERROR] Failed to load resource: net::ERR_CONNECTION_REFUSED @ http://localhost:8099/stream:0
[122238915ms] [ERROR] Failed to load resource: net::ERR_CONNECTION_REFUSED @ http://localhost:8099/stream:0
[122241922ms] [ERROR] Failed to load resource: net::ERR_CONNECTION_REFUSED @ http://localhost:8099/stream:0
[122244927ms] [ERROR] Failed to load resource: net::ERR_CONNECTION_REFUSED @ http://localhost:8099/stream:0
[122247933ms] [ERROR] Failed to load resource: net::ERR_CONNECTION_REFUSED @ http://localhost:8099/stream:0
[122250938ms] [ERROR] Failed to load resource: net::ERR_CONNECTION_REFUSED @ http://localhost:8099/stream:0
[122253946ms] [ERROR] Failed to load resource: net::ERR_CONNECTION_REFUSED @ http://localhost:8099/stream:0
[122256951ms] [ERROR] Failed to load resource: net::ERR_CONNECTION_REFUSED @ http://localhost:8099/stream:0
[122259957ms] [ERROR] Failed to load resource: net::ERR_CONNECTION_REFUSED @ http://localhost:8099/stream:0
[122262962ms] [ERROR] Failed to load resource: net::ERR_CONNECTION_REFUSED @ http://localhost:8099/stream:0
[122265968ms] [ERROR] Failed to load resource: net::ERR_CONNECTION_REFUSED @ http://localhost:8099/stream:0
[122268973ms] [ERROR] Failed to load resource: net::ERR_CONNECTION_REFUSED @ http://localhost:8099/stream:0
[123192753ms] [ERROR] Failed to load resource: net::ERR_CONNECTION_REFUSED @ http://localhost:8099/stream:0
[123195756ms] [ERROR] Failed to load resource: net::ERR_CONNECTION_REFUSED @ http://localhost:8099/stream:0
[124098593ms] [ERROR] Failed to load resource: net::ERR_CONNECTION_REFUSED @ http://localhost:8099/stream:0
[124101601ms] [ERROR] Failed to load resource: net::ERR_CONNECTION_REFUSED @ http://localhost:8099/stream:0
[124104605ms] [ERROR] Failed to load resource: net::ERR_CONNECTION_REFUSED @ http://localhost:8099/stream:0
[124107609ms] [ERROR] Failed to load resource: net::ERR_CONNECTION_REFUSED @ http://localhost:8099/stream:0
[124110614ms] [ERROR] Failed to load resource: net::ERR_CONNECTION_REFUSED @ http://localhost:8099/stream:0
[124113620ms] [ERROR] Failed to load resource: net::ERR_CONNECTION_REFUSED @ http://localhost:8099/stream:0
[124116626ms] [ERROR] Failed to load resource: net::ERR_CONNECTION_REFUSED @ http://localhost:8099/stream:0
[124119631ms] [ERROR] Failed to load resource: net::ERR_CONNECTION_REFUSED @ http://localhost:8099/stream:0
[124122637ms] [ERROR] Failed to load resource: net::ERR_CONNECTION_REFUSED @ http://localhost:8099/stream:0
[124125642ms] [ERROR] Failed to load resource: net::ERR_CONNECTION_REFUSED @ http://localhost:8099/stream:0
[124128647ms] [ERROR] Failed to load resource: net::ERR_CONNECTION_REFUSED @ http://localhost:8099/stream:0
[124131653ms] [ERROR] Failed to load resource: net::ERR_CONNECTION_REFUSED @ http://localhost:8099/stream:0
[124134657ms] [ERROR] Failed to load resource: net::ERR_CONNECTION_REFUSED @ http://localhost:8099/stream:0
[124137663ms] [ERROR] Failed to load resource: net::ERR_CONNECTION_REFUSED @ http://localhost:8099/stream:0
[124140668ms] [ERROR] Failed to load resource: net::ERR_CONNECTION_REFUSED @ http://localhost:8099/stream:0
[124143674ms] [ERROR] Failed to load resource: net::ERR_CONNECTION_REFUSED @ http://localhost:8099/stream:0
[125046567ms] [ERROR] Failed to load resource: net::ERR_CONNECTION_REFUSED @ http://localhost:8099/stream:0
[125049572ms] [ERROR] Failed to load resource: net::ERR_CONNECTION_REFUSED @ http://localhost:8099/stream:0
[125052577ms] [ERROR] Failed to load resource: net::ERR_CONNECTION_REFUSED @ http://localhost:8099/stream:0
[125055583ms] [ERROR] Failed to load resource: net::ERR_CONNECTION_REFUSED @ http://localhost:8099/stream:0
[125058589ms] [ERROR] Failed to load resource: net::ERR_CONNECTION_REFUSED @ http://localhost:8099/stream:0
[125061596ms] [ERROR] Failed to load resource: net::ERR_CONNECTION_REFUSED @ http://localhost:8099/stream:0
[125064602ms] [ERROR] Failed to load resource: net::ERR_CONNECTION_REFUSED @ http://localhost:8099/stream:0
[125067609ms] [ERROR] Failed to load resource: net::ERR_CONNECTION_REFUSED @ http://localhost:8099/stream:0
[125070614ms] [ERROR] Failed to load resource: net::ERR_CONNECTION_REFUSED @ http://localhost:8099/stream:0
[125073619ms] [ERROR] Failed to load resource: net::ERR_CONNECTION_REFUSED @ http://localhost:8099/stream:0
[125076624ms] [ERROR] Failed to load resource: net::ERR_CONNECTION_REFUSED @ http://localhost:8099/stream:0
[125079630ms] [ERROR] Failed to load resource: net::ERR_CONNECTION_REFUSED @ http://localhost:8099/stream:0
[125082636ms] [ERROR] Failed to load resource: net::ERR_CONNECTION_REFUSED @ http://localhost:8099/stream:0
[125085641ms] [ERROR] Failed to load resource: net::ERR_CONNECTION_REFUSED @ http://localhost:8099/stream:0
[125088644ms] [ERROR] Failed to load resource: net::ERR_CONNECTION_REFUSED @ http://localhost:8099/stream:0
[125091648ms] [ERROR] Failed to load resource: net::ERR_CONNECTION_REFUSED @ http://localhost:8099/stream:0
[125186718ms] [ERROR] Failed to load resource: net::ERR_CONNECTION_REFUSED @ http://localhost:8099/stream:0
[125189723ms] [ERROR] Failed to load resource: net::ERR_CONNECTION_REFUSED @ http://localhost:8099/stream:0
[125192730ms] [ERROR] Failed to load resource: net::ERR_CONNECTION_REFUSED @ http://localhost:8099/stream:0
[125195733ms] [ERROR] Failed to load resource: net::ERR_CONNECTION_REFUSED @ http://localhost:8099/stream:0
[125198739ms] [ERROR] Failed to load resource: net::ERR_CONNECTION_REFUSED @ http://localhost:8099/stream:0
[125201744ms] [ERROR] Failed to load resource: net::ERR_CONNECTION_REFUSED @ http://localhost:8099/stream:0
[125204749ms] [ERROR] Failed to load resource: net::ERR_CONNECTION_REFUSED @ http://localhost:8099/stream:0
[125207754ms] [ERROR] Failed to load resource: net::ERR_CONNECTION_REFUSED @ http://localhost:8099/stream:0
[125210759ms] [ERROR] Failed to load resource: net::ERR_CONNECTION_REFUSED @ http://localhost:8099/stream:0
[125213764ms] [ERROR] Failed to load resource: net::ERR_CONNECTION_REFUSED @ http://localhost:8099/stream:0
[125216768ms] [ERROR] Failed to load resource: net::ERR_CONNECTION_REFUSED @ http://localhost:8099/stream:0
[125219774ms] [ERROR] Failed to load resource: net::ERR_CONNECTION_REFUSED @ http://localhost:8099/stream:0
[125222781ms] [ERROR] Failed to load resource: net::ERR_CONNECTION_REFUSED @ http://localhost:8099/stream:0
[125225785ms] [ERROR] Failed to load resource: net::ERR_CONNECTION_REFUSED @ http://localhost:8099/stream:0
[125228790ms] [ERROR] Failed to load resource: net::ERR_CONNECTION_REFUSED @ http://localhost:8099/stream:0
[125324620ms] [ERROR] Failed to load resource: net::ERR_CONNECTION_REFUSED @ http://localhost:8099/stream:0
[125327626ms] [ERROR] Failed to load resource: net::ERR_CONNECTION_REFUSED @ http://localhost:8099/stream:0
[125330630ms] [ERROR] Failed to load resource: net::ERR_CONNECTION_REFUSED @ http://localhost:8099/stream:0
[125333634ms] [ERROR] Failed to load resource: net::ERR_CONNECTION_REFUSED @ http://localhost:8099/stream:0
[125336639ms] [ERROR] Failed to load resource: net::ERR_CONNECTION_REFUSED @ http://localhost:8099/stream:0
[125339645ms] [ERROR] Failed to load resource: net::ERR_CONNECTION_REFUSED @ http://localhost:8099/stream:0
[125342651ms] [ERROR] Failed to load resource: net::ERR_CONNECTION_REFUSED @ http://localhost:8099/stream:0
[125345657ms] [ERROR] Failed to load resource: net::ERR_CONNECTION_REFUSED @ http://localhost:8099/stream:0
[125348662ms] [ERROR] Failed to load resource: net::ERR_CONNECTION_REFUSED @ http://localhost:8099/stream:0
[125351668ms] [ERROR] Failed to load resource: net::ERR_CONNECTION_REFUSED @ http://localhost:8099/stream:0
[125354672ms] [ERROR] Failed to load resource: net::ERR_CONNECTION_REFUSED @ http://localhost:8099/stream:0
[125357676ms] [ERROR] Failed to load resource: net::ERR_CONNECTION_REFUSED @ http://localhost:8099/stream:0
[125360681ms] [ERROR] Failed to load resource: net::ERR_CONNECTION_REFUSED @ http://localhost:8099/stream:0
[125363687ms] [ERROR] Failed to load resource: net::ERR_CONNECTION_REFUSED @ http://localhost:8099/stream:0
[125366693ms] [ERROR] Failed to load resource: net::ERR_CONNECTION_REFUSED @ http://localhost:8099/stream:0
[125369699ms] [ERROR] Failed to load resource: net::ERR_CONNECTION_REFUSED @ http://localhost:8099/stream:0
[125591970ms] [ERROR] Failed to load resource: net::ERR_CONNECTION_REFUSED @ http://localhost:8099/stream:0
[125594975ms] [ERROR] Failed to load resource: net::ERR_CONNECTION_REFUSED @ http://localhost:8099/stream:0
[125597981ms] [ERROR] Failed to load resource: net::ERR_CONNECTION_REFUSED @ http://localhost:8099/stream:0
[125600985ms] [ERROR] Failed to load resource: net::ERR_CONNECTION_REFUSED @ http://localhost:8099/stream:0
[125603991ms] [ERROR] Failed to load resource: net::ERR_CONNECTION_REFUSED @ http://localhost:8099/stream:0
[125606996ms] [ERROR] Failed to load resource: net::ERR_CONNECTION_REFUSED @ http://localhost:8099/stream:0
[125610001ms] [ERROR] Failed to load resource: net::ERR_CONNECTION_REFUSED @ http://localhost:8099/stream:0
[125613006ms] [ERROR] Failed to load resource: net::ERR_CONNECTION_REFUSED @ http://localhost:8099/stream:0
[125616011ms] [ERROR] Failed to load resource: net::ERR_CONNECTION_REFUSED @ http://localhost:8099/stream:0
[125619016ms] [ERROR] Failed to load resource: net::ERR_CONNECTION_REFUSED @ http://localhost:8099/stream:0
[125622021ms] [ERROR] Failed to load resource: net::ERR_CONNECTION_REFUSED @ http://localhost:8099/stream:0
[125625027ms] [ERROR] Failed to load resource: net::ERR_CONNECTION_REFUSED @ http://localhost:8099/stream:0
[125628031ms] [ERROR] Failed to load resource: net::ERR_CONNECTION_REFUSED @ http://localhost:8099/stream:0
[125631037ms] [ERROR] Failed to load resource: net::ERR_CONNECTION_REFUSED @ http://localhost:8099/stream:0
[125634043ms] [ERROR] Failed to load resource: net::ERR_CONNECTION_REFUSED @ http://localhost:8099/stream:0
[125637048ms] [ERROR] Failed to load resource: net::ERR_CONNECTION_REFUSED @ http://localhost:8099/stream:0
[126574498ms] [ERROR] Failed to load resource: net::ERR_CONNECTION_REFUSED @ http://localhost:8099/stream:0
[126720274ms] [ERROR] Failed to load resource: net::ERR_CONNECTION_REFUSED @ http://localhost:8099/stream:0
[126723281ms] [ERROR] Failed to load resource: net::ERR_CONNECTION_REFUSED @ http://localhost:8099/stream:0
[126726285ms] [ERROR] Failed to load resource: net::ERR_CONNECTION_REFUSED @ http://localhost:8099/stream:0
[126729291ms] [ERROR] Failed to load resource: net::ERR_CONNECTION_REFUSED @ http://localhost:8099/stream:0
[126732296ms] [ERROR] Failed to load resource: net::ERR_CONNECTION_REFUSED @ http://localhost:8099/stream:0
[126735301ms] [ERROR] Failed to load resource: net::ERR_CONNECTION_REFUSED @ http://localhost:8099/stream:0
[126738307ms] [ERROR] Failed to load resource: net::ERR_CONNECTION_REFUSED @ http://localhost:8099/stream:0
[126741312ms] [ERROR] Failed to load resource: net::ERR_CONNECTION_REFUSED @ http://localhost:8099/stream:0
[126744318ms] [ERROR] Failed to load resource: net::ERR_CONNECTION_REFUSED @ http://localhost:8099/stream:0
[126747324ms] [ERROR] Failed to load resource: net::ERR_CONNECTION_REFUSED @ http://localhost:8099/stream:0
[126750329ms] [ERROR] Failed to load resource: net::ERR_CONNECTION_REFUSED @ http://localhost:8099/stream:0
[126753335ms] [ERROR] Failed to load resource: net::ERR_CONNECTION_REFUSED @ http://localhost:8099/stream:0
[126756340ms] [ERROR] Failed to load resource: net::ERR_CONNECTION_REFUSED @ http://localhost:8099/stream:0
[126759345ms] [ERROR] Failed to load resource: net::ERR_CONNECTION_REFUSED @ http://localhost:8099/stream:0
[126762351ms] [ERROR] Failed to load resource: net::ERR_CONNECTION_REFUSED @ http://localhost:8099/stream:0
[126765356ms] [ERROR] Failed to load resource: net::ERR_CONNECTION_REFUSED @ http://localhost:8099/stream:0
[127830164ms] [ERROR] Failed to load resource: net::ERR_CONNECTION_REFUSED @ http://localhost:8099/stream:0
[127833168ms] [ERROR] Failed to load resource: net::ERR_CONNECTION_REFUSED @ http://localhost:8099/stream:0
[128736033ms] [ERROR] Failed to load resource: net::ERR_CONNECTION_REFUSED @ http://localhost:8099/stream:0
[128739037ms] [ERROR] Failed to load resource: net::ERR_CONNECTION_REFUSED @ http://localhost:8099/stream:0
[128742041ms] [ERROR] Failed to load resource: net::ERR_CONNECTION_REFUSED @ http://localhost:8099/stream:0
[128745047ms] [ERROR] Failed to load resource: net::ERR_CONNECTION_REFUSED @ http://localhost:8099/stream:0
[128748050ms] [ERROR] Failed to load resource: net::ERR_CONNECTION_REFUSED @ http://localhost:8099/stream:0
[128751055ms] [ERROR] Failed to load resource: net::ERR_CONNECTION_REFUSED @ http://localhost:8099/stream:0
[128754059ms] [ERROR] Failed to load resource: net::ERR_CONNECTION_REFUSED @ http://localhost:8099/stream:0
[128757065ms] [ERROR] Failed to load resource: net::ERR_CONNECTION_REFUSED @ http://localhost:8099/stream:0
[128760069ms] [ERROR] Failed to load resource: net::ERR_CONNECTION_REFUSED @ http://localhost:8099/stream:0
[128763074ms] [ERROR] Failed to load resource: net::ERR_CONNECTION_REFUSED @ http://localhost:8099/stream:0
[128766079ms] [ERROR] Failed to load resource: net::ERR_CONNECTION_REFUSED @ http://localhost:8099/stream:0
[128769085ms] [ERROR] Failed to load resource: net::ERR_CONNECTION_REFUSED @ http://localhost:8099/stream:0
[128772091ms] [ERROR] Failed to load resource: net::ERR_CONNECTION_REFUSED @ http://localhost:8099/stream:0
[128775096ms] [ERROR] Failed to load resource: net::ERR_CONNECTION_REFUSED @ http://localhost:8099/stream:0
[128778102ms] [ERROR] Failed to load resource: net::ERR_CONNECTION_REFUSED @ http://localhost:8099/stream:0
[129680964ms] [ERROR] Failed to load resource: net::ERR_CONNECTION_REFUSED @ http://localhost:8099/stream:0
[129683971ms] [ERROR] Failed to load resource: net::ERR_CONNECTION_REFUSED @ http://localhost:8099/stream:0
[129686976ms] [ERROR] Failed to load resource: net::ERR_CONNECTION_REFUSED @ http://localhost:8099/stream:0
[129689981ms] [ERROR] Failed to load resource: net::ERR_CONNECTION_REFUSED @ http://localhost:8099/stream:0
[129692986ms] [ERROR] Failed to load resource: net::ERR_CONNECTION_REFUSED @ http://localhost:8099/stream:0
[129695993ms] [ERROR] Failed to load resource: net::ERR_CONNECTION_REFUSED @ http://localhost:8099/stream:0
[129698998ms] [ERROR] Failed to load resource: net::ERR_CONNECTION_REFUSED @ http://localhost:8099/stream:0
[129702004ms] [ERROR] Failed to load resource: net::ERR_CONNECTION_REFUSED @ http://localhost:8099/stream:0
[129705010ms] [ERROR] Failed to load resource: net::ERR_CONNECTION_REFUSED @ http://localhost:8099/stream:0
[129708014ms] [ERROR] Failed to load resource: net::ERR_CONNECTION_REFUSED @ http://localhost:8099/stream:0
[129711020ms] [ERROR] Failed to load resource: net::ERR_CONNECTION_REFUSED @ http://localhost:8099/stream:0
[129714024ms] [ERROR] Failed to load resource: net::ERR_CONNECTION_REFUSED @ http://localhost:8099/stream:0
[129717030ms] [ERROR] Failed to load resource: net::ERR_CONNECTION_REFUSED @ http://localhost:8099/stream:0
[129720035ms] [ERROR] Failed to load resource: net::ERR_CONNECTION_REFUSED @ http://localhost:8099/stream:0
[129723041ms] [ERROR] Failed to load resource: net::ERR_CONNECTION_REFUSED @ http://localhost:8099/stream:0
[129726046ms] [ERROR] Failed to load resource: net::ERR_CONNECTION_REFUSED @ http://localhost:8099/stream:0
[130629982ms] [ERROR] Failed to load resource: net::ERR_CONNECTION_REFUSED @ http://localhost:8099/stream:0
[130632987ms] [ERROR] Failed to load resource: net::ERR_CONNECTION_REFUSED @ http://localhost:8099/stream:0
[130635992ms] [ERROR] Failed to load resource: net::ERR_CONNECTION_REFUSED @ http://localhost:8099/stream:0
[130638996ms] [ERROR] Failed to load resource: net::ERR_CONNECTION_REFUSED @ http://localhost:8099/stream:0
[130642002ms] [ERROR] Failed to load resource: net::ERR_CONNECTION_REFUSED @ http://localhost:8099/stream:0
[130645008ms] [ERROR] Failed to load resource: net::ERR_CONNECTION_REFUSED @ http://localhost:8099/stream:0
[130648013ms] [ERROR] Failed to load resource: net::ERR_CONNECTION_REFUSED @ http://localhost:8099/stream:0
[130651019ms] [ERROR] Failed to load resource: net::ERR_CONNECTION_REFUSED @ http://localhost:8099/stream:0
[130654024ms] [ERROR] Failed to load resource: net::ERR_CONNECTION_REFUSED @ http://localhost:8099/stream:0
[130657030ms] [ERROR] Failed to load resource: net::ERR_CONNECTION_REFUSED @ http://localhost:8099/stream:0
[130660035ms] [ERROR] Failed to load resource: net::ERR_CONNECTION_REFUSED @ http://localhost:8099/stream:0
[130663041ms] [ERROR] Failed to load resource: net::ERR_CONNECTION_REFUSED @ http://localhost:8099/stream:0
[130666047ms] [ERROR] Failed to load resource: net::ERR_CONNECTION_REFUSED @ http://localhost:8099/stream:0
[130669053ms] [ERROR] Failed to load resource: net::ERR_CONNECTION_REFUSED @ http://localhost:8099/stream:0
[130672059ms] [ERROR] Failed to load resource: net::ERR_CONNECTION_REFUSED @ http://localhost:8099/stream:0
[130675063ms] [ERROR] Failed to load resource: net::ERR_CONNECTION_REFUSED @ http://localhost:8099/stream:0
[130956999ms] [ERROR] Failed to load resource: net::ERR_CONNECTION_REFUSED @ http://localhost:8099/stream:0
[130960003ms] [ERROR] Failed to load resource: net::ERR_CONNECTION_REFUSED @ http://localhost:8099/stream:0
[130963007ms] [ERROR] Failed to load resource: net::ERR_CONNECTION_REFUSED @ http://localhost:8099/stream:0
[130966013ms] [ERROR] Failed to load resource: net::ERR_CONNECTION_REFUSED @ http://localhost:8099/stream:0
[130969018ms] [ERROR] Failed to load resource: net::ERR_CONNECTION_REFUSED @ http://localhost:8099/stream:0
[130972024ms] [ERROR] Failed to load resource: net::ERR_CONNECTION_REFUSED @ http://localhost:8099/stream:0
[130975028ms] [ERROR] Failed to load resource: net::ERR_CONNECTION_REFUSED @ http://localhost:8099/stream:0
[130978033ms] [ERROR] Failed to load resource: net::ERR_CONNECTION_REFUSED @ http://localhost:8099/stream:0
[130981039ms] [ERROR] Failed to load resource: net::ERR_CONNECTION_REFUSED @ http://localhost:8099/stream:0
[130984044ms] [ERROR] Failed to load resource: net::ERR_CONNECTION_REFUSED @ http://localhost:8099/stream:0
[130987049ms] [ERROR] Failed to load resource: net::ERR_CONNECTION_REFUSED @ http://localhost:8099/stream:0
[130990056ms] [ERROR] Failed to load resource: net::ERR_CONNECTION_REFUSED @ http://localhost:8099/stream:0
[130993062ms] [ERROR] Failed to load resource: net::ERR_CONNECTION_REFUSED @ http://localhost:8099/stream:0
[130996066ms] [ERROR] Failed to load resource: net::ERR_CONNECTION_REFUSED @ http://localhost:8099/stream:0
[130999070ms] [ERROR] Failed to load resource: net::ERR_CONNECTION_REFUSED @ http://localhost:8099/stream:0
[131160256ms] [ERROR] Failed to load resource: net::ERR_CONNECTION_REFUSED @ http://localhost:8099/stream:0
[131163261ms] [ERROR] Failed to load resource: net::ERR_CONNECTION_REFUSED @ http://localhost:8099/stream:0
[131166266ms] [ERROR] Failed to load resource: net::ERR_CONNECTION_REFUSED @ http://localhost:8099/stream:0
[131169272ms] [ERROR] Failed to load resource: net::ERR_CONNECTION_REFUSED @ http://localhost:8099/stream:0
[131172278ms] [ERROR] Failed to load resource: net::ERR_CONNECTION_REFUSED @ http://localhost:8099/stream:0
[131175283ms] [ERROR] Failed to load resource: net::ERR_CONNECTION_REFUSED @ http://localhost:8099/stream:0
[131178289ms] [ERROR] Failed to load resource: net::ERR_CONNECTION_REFUSED @ http://localhost:8099/stream:0
[131181294ms] [ERROR] Failed to load resource: net::ERR_CONNECTION_REFUSED @ http://localhost:8099/stream:0
[131184299ms] [ERROR] Failed to load resource: net::ERR_CONNECTION_REFUSED @ http://localhost:8099/stream:0
[131187305ms] [ERROR] Failed to load resource: net::ERR_CONNECTION_REFUSED @ http://localhost:8099/stream:0
[131190309ms] [ERROR] Failed to load resource: net::ERR_CONNECTION_REFUSED @ http://localhost:8099/stream:0
[131193316ms] [ERROR] Failed to load resource: net::ERR_CONNECTION_REFUSED @ http://localhost:8099/stream:0
[131196321ms] [ERROR] Failed to load resource: net::ERR_CONNECTION_REFUSED @ http://localhost:8099/stream:0
[131199328ms] [ERROR] Failed to load resource: net::ERR_CONNECTION_REFUSED @ http://localhost:8099/stream:0
[131202334ms] [ERROR] Failed to load resource: net::ERR_CONNECTION_REFUSED @ http://localhost:8099/stream:0
[131205339ms] [ERROR] Failed to load resource: net::ERR_CONNECTION_REFUSED @ http://localhost:8099/stream:0
[131310534ms] [ERROR] Failed to load resource: net::ERR_CONNECTION_REFUSED @ http://localhost:8099/stream:0
[131313537ms] [ERROR] Failed to load resource: net::ERR_CONNECTION_REFUSED @ http://localhost:8099/stream:0
[131316544ms] [ERROR] Failed to load resource: net::ERR_CONNECTION_REFUSED @ http://localhost:8099/stream:0
[131319550ms] [ERROR] Failed to load resource: net::ERR_CONNECTION_REFUSED @ http://localhost:8099/stream:0
[131322555ms] [ERROR] Failed to load resource: net::ERR_CONNECTION_REFUSED @ http://localhost:8099/stream:0
[131325561ms] [ERROR] Failed to load resource: net::ERR_CONNECTION_REFUSED @ http://localhost:8099/stream:0
[131328566ms] [ERROR] Failed to load resource: net::ERR_CONNECTION_REFUSED @ http://localhost:8099/stream:0
[131331572ms] [ERROR] Failed to load resource: net::ERR_CONNECTION_REFUSED @ http://localhost:8099/stream:0
[131334577ms] [ERROR] Failed to load resource: net::ERR_CONNECTION_REFUSED @ http://localhost:8099/stream:0
[131337583ms] [ERROR] Failed to load resource: net::ERR_CONNECTION_REFUSED @ http://localhost:8099/stream:0
[131340588ms] [ERROR] Failed to load resource: net::ERR_CONNECTION_REFUSED @ http://localhost:8099/stream:0
[131343594ms] [ERROR] Failed to load resource: net::ERR_CONNECTION_REFUSED @ http://localhost:8099/stream:0
[131346599ms] [ERROR] Failed to load resource: net::ERR_CONNECTION_REFUSED @ http://localhost:8099/stream:0
[131349604ms] [ERROR] Failed to load resource: net::ERR_CONNECTION_REFUSED @ http://localhost:8099/stream:0
[131352610ms] [ERROR] Failed to load resource: net::ERR_CONNECTION_REFUSED @ http://localhost:8099/stream:0
[131355615ms] [ERROR] Failed to load resource: net::ERR_CONNECTION_REFUSED @ http://localhost:8099/stream:0
[131618183ms] [ERROR] Failed to load resource: net::ERR_CONNECTION_REFUSED @ http://localhost:8099/stream:0
[131621188ms] [ERROR] Failed to load resource: net::ERR_CONNECTION_REFUSED @ http://localhost:8099/stream:0
[131624194ms] [ERROR] Failed to load resource: net::ERR_CONNECTION_REFUSED @ http://localhost:8099/stream:0
[131627200ms] [ERROR] Failed to load resource: net::ERR_CONNECTION_REFUSED @ http://localhost:8099/stream:0
[131630206ms] [ERROR] Failed to load resource: net::ERR_CONNECTION_REFUSED @ http://localhost:8099/stream:0
[131633212ms] [ERROR] Failed to load resource: net::ERR_CONNECTION_REFUSED @ http://localhost:8099/stream:0
[131636215ms] [ERROR] Failed to load resource: net::ERR_CONNECTION_REFUSED @ http://localhost:8099/stream:0
[131639220ms] [ERROR] Failed to load resource: net::ERR_CONNECTION_REFUSED @ http://localhost:8099/stream:0
[131642225ms] [ERROR] Failed to load resource: net::ERR_CONNECTION_REFUSED @ http://localhost:8099/stream:0
[131645230ms] [ERROR] Failed to load resource: net::ERR_CONNECTION_REFUSED @ http://localhost:8099/stream:0
[131648236ms] [ERROR] Failed to load resource: net::ERR_CONNECTION_REFUSED @ http://localhost:8099/stream:0
[131651243ms] [ERROR] Failed to load resource: net::ERR_CONNECTION_REFUSED @ http://localhost:8099/stream:0
[131654248ms] [ERROR] Failed to load resource: net::ERR_CONNECTION_REFUSED @ http://localhost:8099/stream:0
[131657254ms] [ERROR] Failed to load resource: net::ERR_CONNECTION_REFUSED @ http://localhost:8099/stream:0
[131660257ms] [ERROR] Failed to load resource: net::ERR_CONNECTION_REFUSED @ http://localhost:8099/stream:0
[131663261ms] [ERROR] Failed to load resource: net::ERR_CONNECTION_REFUSED @ http://localhost:8099/stream:0
[131792205ms] [ERROR] Failed to load resource: net::ERR_CONNECTION_REFUSED @ http://localhost:8099/stream:0
[131795210ms] [ERROR] Failed to load resource: net::ERR_CONNECTION_REFUSED @ http://localhost:8099/stream:0
[131798217ms] [ERROR] Failed to load resource: net::ERR_CONNECTION_REFUSED @ http://localhost:8099/stream:0
[131801223ms] [ERROR] Failed to load resource: net::ERR_CONNECTION_REFUSED @ http://localhost:8099/stream:0
[131804229ms] [ERROR] Failed to load resource: net::ERR_CONNECTION_REFUSED @ http://localhost:8099/stream:0
[131807233ms] [ERROR] Failed to load resource: net::ERR_CONNECTION_REFUSED @ http://localhost:8099/stream:0
[131810238ms] [ERROR] Failed to load resource: net::ERR_CONNECTION_REFUSED @ http://localhost:8099/stream:0
[131813242ms] [ERROR] Failed to load resource: net::ERR_CONNECTION_REFUSED @ http://localhost:8099/stream:0
[131816246ms] [ERROR] Failed to load resource: net::ERR_CONNECTION_REFUSED @ http://localhost:8099/stream:0
[131819251ms] [ERROR] Failed to load resource: net::ERR_CONNECTION_REFUSED @ http://localhost:8099/stream:0
[131822257ms] [ERROR] Failed to load resource: net::ERR_CONNECTION_REFUSED @ http://localhost:8099/stream:0
[131825263ms] [ERROR] Failed to load resource: net::ERR_CONNECTION_REFUSED @ http://localhost:8099/stream:0
[131828270ms] [ERROR] Failed to load resource: net::ERR_CONNECTION_REFUSED @ http://localhost:8099/stream:0
[131831276ms] [ERROR] Failed to load resource: net::ERR_CONNECTION_REFUSED @ http://localhost:8099/stream:0
[131834279ms] [ERROR] Failed to load resource: net::ERR_CONNECTION_REFUSED @ http://localhost:8099/stream:0
[131956027ms] [ERROR] Failed to load resource: net::ERR_CONNECTION_REFUSED @ http://localhost:8099/stream:0
[131959033ms] [ERROR] Failed to load resource: net::ERR_CONNECTION_REFUSED @ http://localhost:8099/stream:0
[131962039ms] [ERROR] Failed to load resource: net::ERR_CONNECTION_REFUSED @ http://localhost:8099/stream:0
[131965045ms] [ERROR] Failed to load resource: net::ERR_CONNECTION_REFUSED @ http://localhost:8099/stream:0
[131968051ms] [ERROR] Failed to load resource: net::ERR_CONNECTION_REFUSED @ http://localhost:8099/stream:0
[131971055ms] [ERROR] Failed to load resource: net::ERR_CONNECTION_REFUSED @ http://localhost:8099/stream:0
[131974060ms] [ERROR] Failed to load resource: net::ERR_CONNECTION_REFUSED @ http://localhost:8099/stream:0
[131977066ms] [ERROR] Failed to load resource: net::ERR_CONNECTION_REFUSED @ http://localhost:8099/stream:0
[131980072ms] [ERROR] Failed to load resource: net::ERR_CONNECTION_REFUSED @ http://localhost:8099/stream:0
[131983077ms] [ERROR] Failed to load resource: net::ERR_CONNECTION_REFUSED @ http://localhost:8099/stream:0
[131986083ms] [ERROR] Failed to load resource: net::ERR_CONNECTION_REFUSED @ http://localhost:8099/stream:0
[131989088ms] [ERROR] Failed to load resource: net::ERR_CONNECTION_REFUSED @ http://localhost:8099/stream:0
[131992093ms] [ERROR] Failed to load resource: net::ERR_CONNECTION_REFUSED @ http://localhost:8099/stream:0
[131995097ms] [ERROR] Failed to load resource: net::ERR_CONNECTION_REFUSED @ http://localhost:8099/stream:0
[131998103ms] [ERROR] Failed to load resource: net::ERR_CONNECTION_REFUSED @ http://localhost:8099/stream:0
[132001108ms] [ERROR] Failed to load resource: net::ERR_CONNECTION_REFUSED @ http://localhost:8099/stream:0
[132905084ms] [ERROR] Failed to load resource: net::ERR_CONNECTION_REFUSED @ http://localhost:8099/stream:0
[132908089ms] [ERROR] Failed to load resource: net::ERR_CONNECTION_REFUSED @ http://localhost:8099/stream:0
[132911094ms] [ERROR] Failed to load resource: net::ERR_CONNECTION_REFUSED @ http://localhost:8099/stream:0
[132914097ms] [ERROR] Failed to load resource: net::ERR_CONNECTION_REFUSED @ http://localhost:8099/stream:0
[132917104ms] [ERROR] Failed to load resource: net::ERR_CONNECTION_REFUSED @ http://localhost:8099/stream:0
[132920109ms] [ERROR] Failed to load resource: net::ERR_CONNECTION_REFUSED @ http://localhost:8099/stream:0
[132923115ms] [ERROR] Failed to load resource: net::ERR_CONNECTION_REFUSED @ http://localhost:8099/stream:0
[132926121ms] [ERROR] Failed to load resource: net::ERR_CONNECTION_REFUSED @ http://localhost:8099/stream:0
[132929126ms] [ERROR] Failed to load resource: net::ERR_CONNECTION_REFUSED @ http://localhost:8099/stream:0
[132932131ms] [ERROR] Failed to load resource: net::ERR_CONNECTION_REFUSED @ http://localhost:8099/stream:0
[132935137ms] [ERROR] Failed to load resource: net::ERR_CONNECTION_REFUSED @ http://localhost:8099/stream:0
[132938143ms] [ERROR] Failed to load resource: net::ERR_CONNECTION_REFUSED @ http://localhost:8099/stream:0
[132941148ms] [ERROR] Failed to load resource: net::ERR_CONNECTION_REFUSED @ http://localhost:8099/stream:0
[132944154ms] [ERROR] Failed to load resource: net::ERR_CONNECTION_REFUSED @ http://localhost:8099/stream:0
[132947157ms] [ERROR] Failed to load resource: net::ERR_CONNECTION_REFUSED @ http://localhost:8099/stream:0
[132950163ms] [ERROR] Failed to load resource: net::ERR_CONNECTION_REFUSED @ http://localhost:8099/stream:0
[133051641ms] [ERROR] Failed to load resource: net::ERR_CONNECTION_REFUSED @ http://localhost:8099/stream:0
[133054646ms] [ERROR] Failed to load resource: net::ERR_CONNECTION_REFUSED @ http://localhost:8099/stream:0
[133057653ms] [ERROR] Failed to load resource: net::ERR_CONNECTION_REFUSED @ http://localhost:8099/stream:0
[133060657ms] [ERROR] Failed to load resource: net::ERR_CONNECTION_REFUSED @ http://localhost:8099/stream:0
[133063663ms] [ERROR] Failed to load resource: net::ERR_CONNECTION_REFUSED @ http://localhost:8099/stream:0
[133066666ms] [ERROR] Failed to load resource: net::ERR_CONNECTION_REFUSED @ http://localhost:8099/stream:0
[133069672ms] [ERROR] Failed to load resource: net::ERR_CONNECTION_REFUSED @ http://localhost:8099/stream:0
[133072677ms] [ERROR] Failed to load resource: net::ERR_CONNECTION_REFUSED @ http://localhost:8099/stream:0
[133075682ms] [ERROR] Failed to load resource: net::ERR_CONNECTION_REFUSED @ http://localhost:8099/stream:0
[133078688ms] [ERROR] Failed to load resource: net::ERR_CONNECTION_REFUSED @ http://localhost:8099/stream:0
[133081694ms] [ERROR] Failed to load resource: net::ERR_CONNECTION_REFUSED @ http://localhost:8099/stream:0
[133084700ms] [ERROR] Failed to load resource: net::ERR_CONNECTION_REFUSED @ http://localhost:8099/stream:0
[133087705ms] [ERROR] Failed to load resource: net::ERR_CONNECTION_REFUSED @ http://localhost:8099/stream:0
[133090709ms] [ERROR] Failed to load resource: net::ERR_CONNECTION_REFUSED @ http://localhost:8099/stream:0
[133093713ms] [ERROR] Failed to load resource: net::ERR_CONNECTION_REFUSED @ http://localhost:8099/stream:0
[133160017ms] [ERROR] Failed to load resource: net::ERR_CONNECTION_REFUSED @ http://localhost:8099/stream:0
[133163023ms] [ERROR] Failed to load resource: net::ERR_CONNECTION_REFUSED @ http://localhost:8099/stream:0
[133166028ms] [ERROR] Failed to load resource: net::ERR_CONNECTION_REFUSED @ http://localhost:8099/stream:0
[133169034ms] [ERROR] Failed to load resource: net::ERR_CONNECTION_REFUSED @ http://localhost:8099/stream:0
[133172038ms] [ERROR] Failed to load resource: net::ERR_CONNECTION_REFUSED @ http://localhost:8099/stream:0
[133175043ms] [ERROR] Failed to load resource: net::ERR_CONNECTION_REFUSED @ http://localhost:8099/stream:0
[133178048ms] [ERROR] Failed to load resource: net::ERR_CONNECTION_REFUSED @ http://localhost:8099/stream:0
[133181054ms] [ERROR] Failed to load resource: net::ERR_CONNECTION_REFUSED @ http://localhost:8099/stream:0
[133184059ms] [ERROR] Failed to load resource: net::ERR_CONNECTION_REFUSED @ http://localhost:8099/stream:0
[133187063ms] [ERROR] Failed to load resource: net::ERR_CONNECTION_REFUSED @ http://localhost:8099/stream:0
[133190068ms] [ERROR] Failed to load resource: net::ERR_CONNECTION_REFUSED @ http://localhost:8099/stream:0
[133193073ms] [ERROR] Failed to load resource: net::ERR_CONNECTION_REFUSED @ http://localhost:8099/stream:0
[133196077ms] [ERROR] Failed to load resource: net::ERR_CONNECTION_REFUSED @ http://localhost:8099/stream:0
[133199088ms] [ERROR] Failed to load resource: net::ERR_CONNECTION_REFUSED @ http://localhost:8099/stream:0
[133202087ms] [ERROR] Failed to load resource: net::ERR_CONNECTION_REFUSED @ http://localhost:8099/stream:0
[133205093ms] [ERROR] Failed to load resource: net::ERR_CONNECTION_REFUSED @ http://localhost:8099/stream:0
[134109272ms] [ERROR] Failed to load resource: net::ERR_CONNECTION_REFUSED @ http://localhost:8099/stream:0
[134112278ms] [ERROR] Failed to load resource: net::ERR_CONNECTION_REFUSED @ http://localhost:8099/stream:0
[134115284ms] [ERROR] Failed to load resource: net::ERR_CONNECTION_REFUSED @ http://localhost:8099/stream:0
[134118290ms] [ERROR] Failed to load resource: net::ERR_CONNECTION_REFUSED @ http://localhost:8099/stream:0
[134121297ms] [ERROR] Failed to load resource: net::ERR_CONNECTION_REFUSED @ http://localhost:8099/stream:0
[134124302ms] [ERROR] Failed to load resource: net::ERR_CONNECTION_REFUSED @ http://localhost:8099/stream:0
[134127308ms] [ERROR] Failed to load resource: net::ERR_CONNECTION_REFUSED @ http://localhost:8099/stream:0
[134130313ms] [ERROR] Failed to load resource: net::ERR_CONNECTION_REFUSED @ http://localhost:8099/stream:0
[134133318ms] [ERROR] Failed to load resource: net::ERR_CONNECTION_REFUSED @ http://localhost:8099/stream:0
[134136323ms] [ERROR] Failed to load resource: net::ERR_CONNECTION_REFUSED @ http://localhost:8099/stream:0
[134139328ms] [ERROR] Failed to load resource: net::ERR_CONNECTION_REFUSED @ http://localhost:8099/stream:0
[134142332ms] [ERROR] Failed to load resource: net::ERR_CONNECTION_REFUSED @ http://localhost:8099/stream:0
[134145336ms] [ERROR] Failed to load resource: net::ERR_CONNECTION_REFUSED @ http://localhost:8099/stream:0
[134148341ms] [ERROR] Failed to load resource: net::ERR_CONNECTION_REFUSED @ http://localhost:8099/stream:0
[134151345ms] [ERROR] Failed to load resource: net::ERR_CONNECTION_REFUSED @ http://localhost:8099/stream:0
[134154351ms] [ERROR] Failed to load resource: net::ERR_CONNECTION_REFUSED @ http://localhost:8099/stream:0
[134246458ms] [ERROR] Failed to load resource: net::ERR_CONNECTION_REFUSED @ http://localhost:8099/stream:0
[134249463ms] [ERROR] Failed to load resource: net::ERR_CONNECTION_REFUSED @ http://localhost:8099/stream:0
[134252470ms] [ERROR] Failed to load resource: net::ERR_CONNECTION_REFUSED @ http://localhost:8099/stream:0
[134255476ms] [ERROR] Failed to load resource: net::ERR_CONNECTION_REFUSED @ http://localhost:8099/stream:0
[134258481ms] [ERROR] Failed to load resource: net::ERR_CONNECTION_REFUSED @ http://localhost:8099/stream:0
[134261487ms] [ERROR] Failed to load resource: net::ERR_CONNECTION_REFUSED @ http://localhost:8099/stream:0
[134264492ms] [ERROR] Failed to load resource: net::ERR_CONNECTION_REFUSED @ http://localhost:8099/stream:0
[134267498ms] [ERROR] Failed to load resource: net::ERR_CONNECTION_REFUSED @ http://localhost:8099/stream:0
[134270504ms] [ERROR] Failed to load resource: net::ERR_CONNECTION_REFUSED @ http://localhost:8099/stream:0
[134273509ms] [ERROR] Failed to load resource: net::ERR_CONNECTION_REFUSED @ http://localhost:8099/stream:0
[134276513ms] [ERROR] Failed to load resource: net::ERR_CONNECTION_REFUSED @ http://localhost:8099/stream:0
[134279517ms] [ERROR] Failed to load resource: net::ERR_CONNECTION_REFUSED @ http://localhost:8099/stream:0
[134282523ms] [ERROR] Failed to load resource: net::ERR_CONNECTION_REFUSED @ http://localhost:8099/stream:0
[134285529ms] [ERROR] Failed to load resource: net::ERR_CONNECTION_REFUSED @ http://localhost:8099/stream:0
[134288534ms] [ERROR] Failed to load resource: net::ERR_CONNECTION_REFUSED @ http://localhost:8099/stream:0
[134360540ms] [ERROR] Failed to load resource: net::ERR_CONNECTION_REFUSED @ http://localhost:8099/stream:0
[134363545ms] [ERROR] Failed to load resource: net::ERR_CONNECTION_REFUSED @ http://localhost:8099/stream:0
[134366551ms] [ERROR] Failed to load resource: net::ERR_CONNECTION_REFUSED @ http://localhost:8099/stream:0
[134369557ms] [ERROR] Failed to load resource: net::ERR_CONNECTION_REFUSED @ http://localhost:8099/stream:0
[134372562ms] [ERROR] Failed to load resource: net::ERR_CONNECTION_REFUSED @ http://localhost:8099/stream:0
[134375568ms] [ERROR] Failed to load resource: net::ERR_CONNECTION_REFUSED @ http://localhost:8099/stream:0
[134378573ms] [ERROR] Failed to load resource: net::ERR_CONNECTION_REFUSED @ http://localhost:8099/stream:0
[134381578ms] [ERROR] Failed to load resource: net::ERR_CONNECTION_REFUSED @ http://localhost:8099/stream:0
[134384583ms] [ERROR] Failed to load resource: net::ERR_CONNECTION_REFUSED @ http://localhost:8099/stream:0
[134387587ms] [ERROR] Failed to load resource: net::ERR_CONNECTION_REFUSED @ http://localhost:8099/stream:0
[134390592ms] [ERROR] Failed to load resource: net::ERR_CONNECTION_REFUSED @ http://localhost:8099/stream:0
[134393615ms] [ERROR] Failed to load resource: net::ERR_CONNECTION_REFUSED @ http://localhost:8099/stream:0
[134396621ms] [ERROR] Failed to load resource: net::ERR_CONNECTION_REFUSED @ http://localhost:8099/stream:0
[134399626ms] [ERROR] Failed to load resource: net::ERR_CONNECTION_REFUSED @ http://localhost:8099/stream:0
[134402630ms] [ERROR] Failed to load resource: net::ERR_CONNECTION_REFUSED @ http://localhost:8099/stream:0
[134405635ms] [ERROR] Failed to load resource: net::ERR_CONNECTION_REFUSED @ http://localhost:8099/stream:0
[135093341ms] [ERROR] Failed to load resource: net::ERR_CONNECTION_REFUSED @ http://localhost:8099/stream:0
[135096346ms] [ERROR] Failed to load resource: net::ERR_CONNECTION_REFUSED @ http://localhost:8099/stream:0
[135099352ms] [ERROR] Failed to load resource: net::ERR_CONNECTION_REFUSED @ http://localhost:8099/stream:0
[135102355ms] [ERROR] Failed to load resource: net::ERR_CONNECTION_REFUSED @ http://localhost:8099/stream:0
[135105361ms] [ERROR] Failed to load resource: net::ERR_CONNECTION_REFUSED @ http://localhost:8099/stream:0
[135108368ms] [ERROR] Failed to load resource: net::ERR_CONNECTION_REFUSED @ http://localhost:8099/stream:0
[135111372ms] [ERROR] Failed to load resource: net::ERR_CONNECTION_REFUSED @ http://localhost:8099/stream:0
[135114375ms] [ERROR] Failed to load resource: net::ERR_CONNECTION_REFUSED @ http://localhost:8099/stream:0
[135117380ms] [ERROR] Failed to load resource: net::ERR_CONNECTION_REFUSED @ http://localhost:8099/stream:0
[135120386ms] [ERROR] Failed to load resource: net::ERR_CONNECTION_REFUSED @ http://localhost:8099/stream:0
[135123390ms] [ERROR] Failed to load resource: net::ERR_CONNECTION_REFUSED @ http://localhost:8099/stream:0
[135126396ms] [ERROR] Failed to load resource: net::ERR_CONNECTION_REFUSED @ http://localhost:8099/stream:0
[135129402ms] [ERROR] Failed to load resource: net::ERR_CONNECTION_REFUSED @ http://localhost:8099/stream:0
[135132407ms] [ERROR] Failed to load resource: net::ERR_CONNECTION_REFUSED @ http://localhost:8099/stream:0
[135135411ms] [ERROR] Failed to load resource: net::ERR_CONNECTION_REFUSED @ http://localhost:8099/stream:0
[135138418ms] [ERROR] Failed to load resource: net::ERR_CONNECTION_REFUSED @ http://localhost:8099/stream:0
[135299557ms] [ERROR] Failed to load resource: net::ERR_CONNECTION_REFUSED @ http://localhost:8099/stream:0
[135302561ms] [ERROR] Failed to load resource: net::ERR_CONNECTION_REFUSED @ http://localhost:8099/stream:0
[135305566ms] [ERROR] Failed to load resource: net::ERR_CONNECTION_REFUSED @ http://localhost:8099/stream:0
[135308571ms] [ERROR] Failed to load resource: net::ERR_CONNECTION_REFUSED @ http://localhost:8099/stream:0
[135311576ms] [ERROR] Failed to load resource: net::ERR_CONNECTION_REFUSED @ http://localhost:8099/stream:0
[135314582ms] [ERROR] Failed to load resource: net::ERR_CONNECTION_REFUSED @ http://localhost:8099/stream:0
[135317588ms] [ERROR] Failed to load resource: net::ERR_CONNECTION_REFUSED @ http://localhost:8099/stream:0
[135320593ms] [ERROR] Failed to load resource: net::ERR_CONNECTION_REFUSED @ http://localhost:8099/stream:0
[135323599ms] [ERROR] Failed to load resource: net::ERR_CONNECTION_REFUSED @ http://localhost:8099/stream:0
[135326603ms] [ERROR] Failed to load resource: net::ERR_CONNECTION_REFUSED @ http://localhost:8099/stream:0
[135329608ms] [ERROR] Failed to load resource: net::ERR_CONNECTION_REFUSED @ http://localhost:8099/stream:0
[135332614ms] [ERROR] Failed to load resource: net::ERR_CONNECTION_REFUSED @ http://localhost:8099/stream:0
[135335619ms] [ERROR] Failed to load resource: net::ERR_CONNECTION_REFUSED @ http://localhost:8099/stream:0
[135338625ms] [ERROR] Failed to load resource: net::ERR_CONNECTION_REFUSED @ http://localhost:8099/stream:0
[135341629ms] [ERROR] Failed to load resource: net::ERR_CONNECTION_REFUSED @ http://localhost:8099/stream:0
[135350050ms] [ERROR] Failed to load resource: net::ERR_CONNECTION_REFUSED @ http://localhost:8099/stream:0
[135353054ms] [ERROR] Failed to load resource: net::ERR_CONNECTION_REFUSED @ http://localhost:8099/stream:0
[135356060ms] [ERROR] Failed to load resource: net::ERR_CONNECTION_REFUSED @ http://localhost:8099/stream:0
[135359065ms] [ERROR] Failed to load resource: net::ERR_CONNECTION_REFUSED @ http://localhost:8099/stream:0
[135362070ms] [ERROR] Failed to load resource: net::ERR_CONNECTION_REFUSED @ http://localhost:8099/stream:0
[135365076ms] [ERROR] Failed to load resource: net::ERR_CONNECTION_REFUSED @ http://localhost:8099/stream:0
[135368081ms] [ERROR] Failed to load resource: net::ERR_CONNECTION_REFUSED @ http://localhost:8099/stream:0
[135371085ms] [ERROR] Failed to load resource: net::ERR_CONNECTION_REFUSED @ http://localhost:8099/stream:0
[135374090ms] [ERROR] Failed to load resource: net::ERR_CONNECTION_REFUSED @ http://localhost:8099/stream:0
[135377095ms] [ERROR] Failed to load resource: net::ERR_CONNECTION_REFUSED @ http://localhost:8099/stream:0
[135380100ms] [ERROR] Failed to load resource: net::ERR_CONNECTION_REFUSED @ http://localhost:8099/stream:0
[135383106ms] [ERROR] Failed to load resource: net::ERR_CONNECTION_REFUSED @ http://localhost:8099/stream:0
[135386111ms] [ERROR] Failed to load resource: net::ERR_CONNECTION_REFUSED @ http://localhost:8099/stream:0
[135389116ms] [ERROR] Failed to load resource: net::ERR_CONNECTION_REFUSED @ http://localhost:8099/stream:0
[135392122ms] [ERROR] Failed to load resource: net::ERR_CONNECTION_REFUSED @ http://localhost:8099/stream:0
[135395127ms] [ERROR] Failed to load resource: net::ERR_CONNECTION_REFUSED @ http://localhost:8099/stream:0
[135497402ms] [ERROR] Failed to load resource: net::ERR_CONNECTION_REFUSED @ http://localhost:8099/stream:0
[135500408ms] [ERROR] Failed to load resource: net::ERR_CONNECTION_REFUSED @ http://localhost:8099/stream:0
[135503414ms] [ERROR] Failed to load resource: net::ERR_CONNECTION_REFUSED @ http://localhost:8099/stream:0
[135506419ms] [ERROR] Failed to load resource: net::ERR_CONNECTION_REFUSED @ http://localhost:8099/stream:0
[135509425ms] [ERROR] Failed to load resource: net::ERR_CONNECTION_REFUSED @ http://localhost:8099/stream:0
[135512431ms] [ERROR] Failed to load resource: net::ERR_CONNECTION_REFUSED @ http://localhost:8099/stream:0
[135515438ms] [ERROR] Failed to load resource: net::ERR_CONNECTION_REFUSED @ http://localhost:8099/stream:0
[135518443ms] [ERROR] Failed to load resource: net::ERR_CONNECTION_REFUSED @ http://localhost:8099/stream:0
[135521448ms] [ERROR] Failed to load resource: net::ERR_CONNECTION_REFUSED @ http://localhost:8099/stream:0
[135524452ms] [ERROR] Failed to load resource: net::ERR_CONNECTION_REFUSED @ http://localhost:8099/stream:0
[135527459ms] [ERROR] Failed to load resource: net::ERR_CONNECTION_REFUSED @ http://localhost:8099/stream:0
[135530465ms] [ERROR] Failed to load resource: net::ERR_CONNECTION_REFUSED @ http://localhost:8099/stream:0
[135533469ms] [ERROR] Failed to load resource: net::ERR_CONNECTION_REFUSED @ http://localhost:8099/stream:0
[135536472ms] [ERROR] Failed to load resource: net::ERR_CONNECTION_REFUSED @ http://localhost:8099/stream:0
[135539476ms] [ERROR] Failed to load resource: net::ERR_CONNECTION_REFUSED @ http://localhost:8099/stream:0
[135542481ms] [ERROR] Failed to load resource: net::ERR_CONNECTION_REFUSED @ http://localhost:8099/stream:0
[136445362ms] [ERROR] Failed to load resource: net::ERR_CONNECTION_REFUSED @ http://localhost:8099/stream:0
[136448369ms] [ERROR] Failed to load resource: net::ERR_CONNECTION_REFUSED @ http://localhost:8099/stream:0
[136451375ms] [ERROR] Failed to load resource: net::ERR_CONNECTION_REFUSED @ http://localhost:8099/stream:0
[136454380ms] [ERROR] Failed to load resource: net::ERR_CONNECTION_REFUSED @ http://localhost:8099/stream:0
[136457385ms] [ERROR] Failed to load resource: net::ERR_CONNECTION_REFUSED @ http://localhost:8099/stream:0
[136460390ms] [ERROR] Failed to load resource: net::ERR_CONNECTION_REFUSED @ http://localhost:8099/stream:0
[136463395ms] [ERROR] Failed to load resource: net::ERR_CONNECTION_REFUSED @ http://localhost:8099/stream:0
[136466400ms] [ERROR] Failed to load resource: net::ERR_CONNECTION_REFUSED @ http://localhost:8099/stream:0
[136469405ms] [ERROR] Failed to load resource: net::ERR_CONNECTION_REFUSED @ http://localhost:8099/stream:0
[136472408ms] [ERROR] Failed to load resource: net::ERR_CONNECTION_REFUSED @ http://localhost:8099/stream:0
[136475413ms] [ERROR] Failed to load resource: net::ERR_CONNECTION_REFUSED @ http://localhost:8099/stream:0
[136478419ms] [ERROR] Failed to load resource: net::ERR_CONNECTION_REFUSED @ http://localhost:8099/stream:0
[136481423ms] [ERROR] Failed to load resource: net::ERR_CONNECTION_REFUSED @ http://localhost:8099/stream:0
[136484429ms] [ERROR] Failed to load resource: net::ERR_CONNECTION_REFUSED @ http://localhost:8099/stream:0
[136487435ms] [ERROR] Failed to load resource: net::ERR_CONNECTION_REFUSED @ http://localhost:8099/stream:0
[137531084ms] [ERROR] Failed to load resource: net::ERR_CONNECTION_REFUSED @ http://localhost:8099/stream:0
[137534090ms] [ERROR] Failed to load resource: net::ERR_CONNECTION_REFUSED @ http://localhost:8099/stream:0
[138551743ms] [ERROR] Failed to load resource: net::ERR_CONNECTION_REFUSED @ http://localhost:8099/stream:0
[138554752ms] [ERROR] Failed to load resource: net::ERR_CONNECTION_REFUSED @ http://localhost:8099/stream:0
[138754368ms] [ERROR] Failed to load resource: net::ERR_CONNECTION_REFUSED @ http://localhost:8099/stream:0
[138757374ms] [ERROR] Failed to load resource: net::ERR_CONNECTION_REFUSED @ http://localhost:8099/stream:0
[138760380ms] [ERROR] Failed to load resource: net::ERR_CONNECTION_REFUSED @ http://localhost:8099/stream:0
[138763386ms] [ERROR] Failed to load resource: net::ERR_CONNECTION_REFUSED @ http://localhost:8099/stream:0
[138766391ms] [ERROR] Failed to load resource: net::ERR_CONNECTION_REFUSED @ http://localhost:8099/stream:0
[138769395ms] [ERROR] Failed to load resource: net::ERR_CONNECTION_REFUSED @ http://localhost:8099/stream:0
[138772400ms] [ERROR] Failed to load resource: net::ERR_CONNECTION_REFUSED @ http://localhost:8099/stream:0
[138775405ms] [ERROR] Failed to load resource: net::ERR_CONNECTION_REFUSED @ http://localhost:8099/stream:0
[138778410ms] [ERROR] Failed to load resource: net::ERR_CONNECTION_REFUSED @ http://localhost:8099/stream:0
[138781415ms] [ERROR] Failed to load resource: net::ERR_CONNECTION_REFUSED @ http://localhost:8099/stream:0
[138784421ms] [ERROR] Failed to load resource: net::ERR_CONNECTION_REFUSED @ http://localhost:8099/stream:0
[138787426ms] [ERROR] Failed to load resource: net::ERR_CONNECTION_REFUSED @ http://localhost:8099/stream:0
[138790433ms] [ERROR] Failed to load resource: net::ERR_CONNECTION_REFUSED @ http://localhost:8099/stream:0
[138793438ms] [ERROR] Failed to load resource: net::ERR_CONNECTION_REFUSED @ http://localhost:8099/stream:0
[138796444ms] [ERROR] Failed to load resource: net::ERR_CONNECTION_REFUSED @ http://localhost:8099/stream:0
[139723392ms] [ERROR] Failed to load resource: net::ERR_CONNECTION_REFUSED @ http://localhost:8099/stream:0
[139726399ms] [ERROR] Failed to load resource: net::ERR_CONNECTION_REFUSED @ http://localhost:8099/stream:0
[140769063ms] [ERROR] Failed to load resource: net::ERR_CONNECTION_REFUSED @ http://localhost:8099/stream:0
[140772072ms] [ERROR] Failed to load resource: net::ERR_CONNECTION_REFUSED @ http://localhost:8099/stream:0
[141676020ms] [ERROR] Failed to load resource: net::ERR_CONNECTION_REFUSED @ http://localhost:8099/stream:0
[141679027ms] [ERROR] Failed to load resource: net::ERR_CONNECTION_REFUSED @ http://localhost:8099/stream:0
[141682032ms] [ERROR] Failed to load resource: net::ERR_CONNECTION_REFUSED @ http://localhost:8099/stream:0
[141685038ms] [ERROR] Failed to load resource: net::ERR_CONNECTION_REFUSED @ http://localhost:8099/stream:0
[141688043ms] [ERROR] Failed to load resource: net::ERR_CONNECTION_REFUSED @ http://localhost:8099/stream:0
[141691049ms] [ERROR] Failed to load resource: net::ERR_CONNECTION_REFUSED @ http://localhost:8099/stream:0
[141694054ms] [ERROR] Failed to load resource: net::ERR_CONNECTION_REFUSED @ http://localhost:8099/stream:0
[141697060ms] [ERROR] Failed to load resource: net::ERR_CONNECTION_REFUSED @ http://localhost:8099/stream:0
[141700065ms] [ERROR] Failed to load resource: net::ERR_CONNECTION_REFUSED @ http://localhost:8099/stream:0
[141703070ms] [ERROR] Failed to load resource: net::ERR_CONNECTION_REFUSED @ http://localhost:8099/stream:0
[141706076ms] [ERROR] Failed to load resource: net::ERR_CONNECTION_REFUSED @ http://localhost:8099/stream:0
[141709082ms] [ERROR] Failed to load resource: net::ERR_CONNECTION_REFUSED @ http://localhost:8099/stream:0
[141712087ms] [ERROR] Failed to load resource: net::ERR_CONNECTION_REFUSED @ http://localhost:8099/stream:0
[141715093ms] [ERROR] Failed to load resource: net::ERR_CONNECTION_REFUSED @ http://localhost:8099/stream:0
[141718098ms] [ERROR] Failed to load resource: net::ERR_CONNECTION_REFUSED @ http://localhost:8099/stream:0
[141721102ms] [ERROR] Failed to load resource: net::ERR_CONNECTION_REFUSED @ http://localhost:8099/stream:0
[141844428ms] [ERROR] Failed to load resource: net::ERR_CONNECTION_REFUSED @ http://localhost:8099/stream:0
[141847434ms] [ERROR] Failed to load resource: net::ERR_CONNECTION_REFUSED @ http://localhost:8099/stream:0
[141850441ms] [ERROR] Failed to load resource: net::ERR_CONNECTION_REFUSED @ http://localhost:8099/stream:0
[141853445ms] [ERROR] Failed to load resource: net::ERR_CONNECTION_REFUSED @ http://localhost:8099/stream:0
[141856450ms] [ERROR] Failed to load resource: net::ERR_CONNECTION_REFUSED @ http://localhost:8099/stream:0
[141859457ms] [ERROR] Failed to load resource: net::ERR_CONNECTION_REFUSED @ http://localhost:8099/stream:0
[141862461ms] [ERROR] Failed to load resource: net::ERR_CONNECTION_REFUSED @ http://localhost:8099/stream:0
[141865467ms] [ERROR] Failed to load resource: net::ERR_CONNECTION_REFUSED @ http://localhost:8099/stream:0
[141868473ms] [ERROR] Failed to load resource: net::ERR_CONNECTION_REFUSED @ http://localhost:8099/stream:0
[141871475ms] [ERROR] Failed to load resource: net::ERR_CONNECTION_REFUSED @ http://localhost:8099/stream:0
[141874481ms] [ERROR] Failed to load resource: net::ERR_CONNECTION_REFUSED @ http://localhost:8099/stream:0
[141877487ms] [ERROR] Failed to load resource: net::ERR_CONNECTION_REFUSED @ http://localhost:8099/stream:0
[141880493ms] [ERROR] Failed to load resource: net::ERR_CONNECTION_REFUSED @ http://localhost:8099/stream:0
[141883497ms] [ERROR] Failed to load resource: net::ERR_CONNECTION_REFUSED @ http://localhost:8099/stream:0
[141886503ms] [ERROR] Failed to load resource: net::ERR_CONNECTION_REFUSED @ http://localhost:8099/stream:0
[141955507ms] [ERROR] Failed to load resource: net::ERR_CONNECTION_REFUSED @ http://localhost:8099/stream:0
[141958515ms] [ERROR] Failed to load resource: net::ERR_CONNECTION_REFUSED @ http://localhost:8099/stream:0
[141961520ms] [ERROR] Failed to load resource: net::ERR_CONNECTION_REFUSED @ http://localhost:8099/stream:0
[141964523ms] [ERROR] Failed to load resource: net::ERR_CONNECTION_REFUSED @ http://localhost:8099/stream:0
[141967527ms] [ERROR] Failed to load resource: net::ERR_CONNECTION_REFUSED @ http://localhost:8099/stream:0
[141970531ms] [ERROR] Failed to load resource: net::ERR_CONNECTION_REFUSED @ http://localhost:8099/stream:0
[141973537ms] [ERROR] Failed to load resource: net::ERR_CONNECTION_REFUSED @ http://localhost:8099/stream:0
[141976542ms] [ERROR] Failed to load resource: net::ERR_CONNECTION_REFUSED @ http://localhost:8099/stream:0
[141979548ms] [ERROR] Failed to load resource: net::ERR_CONNECTION_REFUSED @ http://localhost:8099/stream:0
[141982554ms] [ERROR] Failed to load resource: net::ERR_CONNECTION_REFUSED @ http://localhost:8099/stream:0
[141985559ms] [ERROR] Failed to load resource: net::ERR_CONNECTION_REFUSED @ http://localhost:8099/stream:0
[141988566ms] [ERROR] Failed to load resource: net::ERR_CONNECTION_REFUSED @ http://localhost:8099/stream:0
[141991571ms] [ERROR] Failed to load resource: net::ERR_CONNECTION_REFUSED @ http://localhost:8099/stream:0
[141994578ms] [ERROR] Failed to load resource: net::ERR_CONNECTION_REFUSED @ http://localhost:8099/stream:0
[141997583ms] [ERROR] Failed to load resource: net::ERR_CONNECTION_REFUSED @ http://localhost:8099/stream:0
[142000589ms] [ERROR] Failed to load resource: net::ERR_CONNECTION_REFUSED @ http://localhost:8099/stream:0
[142413588ms] [ERROR] Failed to load resource: net::ERR_CONNECTION_REFUSED @ http://localhost:8099/stream:0
[142416593ms] [ERROR] Failed to load resource: net::ERR_CONNECTION_REFUSED @ http://localhost:8099/stream:0
[142419599ms] [ERROR] Failed to load resource: net::ERR_CONNECTION_REFUSED @ http://localhost:8099/stream:0
[142422605ms] [ERROR] Failed to load resource: net::ERR_CONNECTION_REFUSED @ http://localhost:8099/stream:0
[142425610ms] [ERROR] Failed to load resource: net::ERR_CONNECTION_REFUSED @ http://localhost:8099/stream:0
[142428616ms] [ERROR] Failed to load resource: net::ERR_CONNECTION_REFUSED @ http://localhost:8099/stream:0
[142431622ms] [ERROR] Failed to load resource: net::ERR_CONNECTION_REFUSED @ http://localhost:8099/stream:0
[142434628ms] [ERROR] Failed to load resource: net::ERR_CONNECTION_REFUSED @ http://localhost:8099/stream:0
[142437633ms] [ERROR] Failed to load resource: net::ERR_CONNECTION_REFUSED @ http://localhost:8099/stream:0
[142440640ms] [ERROR] Failed to load resource: net::ERR_CONNECTION_REFUSED @ http://localhost:8099/stream:0
[142443645ms] [ERROR] Failed to load resource: net::ERR_CONNECTION_REFUSED @ http://localhost:8099/stream:0
[142446651ms] [ERROR] Failed to load resource: net::ERR_CONNECTION_REFUSED @ http://localhost:8099/stream:0
[142449657ms] [ERROR] Failed to load resource: net::ERR_CONNECTION_REFUSED @ http://localhost:8099/stream:0
[142452660ms] [ERROR] Failed to load resource: net::ERR_CONNECTION_REFUSED @ http://localhost:8099/stream:0
[142455664ms] [ERROR] Failed to load resource: net::ERR_CONNECTION_REFUSED @ http://localhost:8099/stream:0
[142458671ms] [ERROR] Failed to load resource: net::ERR_CONNECTION_REFUSED @ http://localhost:8099/stream:0
[142742651ms] [ERROR] Failed to load resource: net::ERR_CONNECTION_REFUSED @ http://localhost:8099/stream:0
[142745656ms] [ERROR] Failed to load resource: net::ERR_CONNECTION_REFUSED @ http://localhost:8099/stream:0
[142748661ms] [ERROR] Failed to load resource: net::ERR_CONNECTION_REFUSED @ http://localhost:8099/stream:0
[142751667ms] [ERROR] Failed to load resource: net::ERR_CONNECTION_REFUSED @ http://localhost:8099/stream:0
[142754672ms] [ERROR] Failed to load resource: net::ERR_CONNECTION_REFUSED @ http://localhost:8099/stream:0
[142757678ms] [ERROR] Failed to load resource: net::ERR_CONNECTION_REFUSED @ http://localhost:8099/stream:0
[142760683ms] [ERROR] Failed to load resource: net::ERR_CONNECTION_REFUSED @ http://localhost:8099/stream:0
[142763688ms] [ERROR] Failed to load resource: net::ERR_CONNECTION_REFUSED @ http://localhost:8099/stream:0
[142766694ms] [ERROR] Failed to load resource: net::ERR_CONNECTION_REFUSED @ http://localhost:8099/stream:0
[142769699ms] [ERROR] Failed to load resource: net::ERR_CONNECTION_REFUSED @ http://localhost:8099/stream:0
[142772706ms] [ERROR] Failed to load resource: net::ERR_CONNECTION_REFUSED @ http://localhost:8099/stream:0
[142775712ms] [ERROR] Failed to load resource: net::ERR_CONNECTION_REFUSED @ http://localhost:8099/stream:0
[142778717ms] [ERROR] Failed to load resource: net::ERR_CONNECTION_REFUSED @ http://localhost:8099/stream:0
[142781723ms] [ERROR] Failed to load resource: net::ERR_CONNECTION_REFUSED @ http://localhost:8099/stream:0
[142784728ms] [ERROR] Failed to load resource: net::ERR_CONNECTION_REFUSED @ http://localhost:8099/stream:0
[143687601ms] [ERROR] Failed to load resource: net::ERR_CONNECTION_REFUSED @ http://localhost:8099/stream:0
[143690618ms] [ERROR] Failed to load resource: net::ERR_CONNECTION_REFUSED @ http://localhost:8099/stream:0
[143693624ms] [ERROR] Failed to load resource: net::ERR_CONNECTION_REFUSED @ http://localhost:8099/stream:0
[143696630ms] [ERROR] Failed to load resource: net::ERR_CONNECTION_REFUSED @ http://localhost:8099/stream:0
[143699636ms] [ERROR] Failed to load resource: net::ERR_CONNECTION_REFUSED @ http://localhost:8099/stream:0
[143702642ms] [ERROR] Failed to load resource: net::ERR_CONNECTION_REFUSED @ http://localhost:8099/stream:0
[143705647ms] [ERROR] Failed to load resource: net::ERR_CONNECTION_REFUSED @ http://localhost:8099/stream:0
[143708653ms] [ERROR] Failed to load resource: net::ERR_CONNECTION_REFUSED @ http://localhost:8099/stream:0
[143711658ms] [ERROR] Failed to load resource: net::ERR_CONNECTION_REFUSED @ http://localhost:8099/stream:0
[143714663ms] [ERROR] Failed to load resource: net::ERR_CONNECTION_REFUSED @ http://localhost:8099/stream:0
[143717669ms] [ERROR] Failed to load resource: net::ERR_CONNECTION_REFUSED @ http://localhost:8099/stream:0
[143720675ms] [ERROR] Failed to load resource: net::ERR_CONNECTION_REFUSED @ http://localhost:8099/stream:0
[143723681ms] [ERROR] Failed to load resource: net::ERR_CONNECTION_REFUSED @ http://localhost:8099/stream:0
[143726685ms] [ERROR] Failed to load resource: net::ERR_CONNECTION_REFUSED @ http://localhost:8099/stream:0
[143729692ms] [ERROR] Failed to load resource: net::ERR_CONNECTION_REFUSED @ http://localhost:8099/stream:0
[143732697ms] [ERROR] Failed to load resource: net::ERR_CONNECTION_REFUSED @ http://localhost:8099/stream:0
[144636555ms] [ERROR] Failed to load resource: net::ERR_CONNECTION_REFUSED @ http://localhost:8099/stream:0
[144639561ms] [ERROR] Failed to load resource: net::ERR_CONNECTION_REFUSED @ http://localhost:8099/stream:0
[144642567ms] [ERROR] Failed to load resource: net::ERR_CONNECTION_REFUSED @ http://localhost:8099/stream:0
[144645572ms] [ERROR] Failed to load resource: net::ERR_CONNECTION_REFUSED @ http://localhost:8099/stream:0
[144648576ms] [ERROR] Failed to load resource: net::ERR_CONNECTION_REFUSED @ http://localhost:8099/stream:0
[144651584ms] [ERROR] Failed to load resource: net::ERR_CONNECTION_REFUSED @ http://localhost:8099/stream:0
[144654588ms] [ERROR] Failed to load resource: net::ERR_CONNECTION_REFUSED @ http://localhost:8099/stream:0
[144657593ms] [ERROR] Failed to load resource: net::ERR_CONNECTION_REFUSED @ http://localhost:8099/stream:0
[144660600ms] [ERROR] Failed to load resource: net::ERR_CONNECTION_REFUSED @ http://localhost:8099/stream:0
[144663605ms] [ERROR] Failed to load resource: net::ERR_CONNECTION_REFUSED @ http://localhost:8099/stream:0
[144666611ms] [ERROR] Failed to load resource: net::ERR_CONNECTION_REFUSED @ http://localhost:8099/stream:0
[144669615ms] [ERROR] Failed to load resource: net::ERR_CONNECTION_REFUSED @ http://localhost:8099/stream:0
[144672622ms] [ERROR] Failed to load resource: net::ERR_CONNECTION_REFUSED @ http://localhost:8099/stream:0
[144675626ms] [ERROR] Failed to load resource: net::ERR_CONNECTION_REFUSED @ http://localhost:8099/stream:0
[144678631ms] [ERROR] Failed to load resource: net::ERR_CONNECTION_REFUSED @ http://localhost:8099/stream:0
[144681636ms] [ERROR] Failed to load resource: net::ERR_CONNECTION_REFUSED @ http://localhost:8099/stream:0
[144744207ms] [ERROR] Failed to load resource: net::ERR_CONNECTION_REFUSED @ http://localhost:8099/stream:0
[144747212ms] [ERROR] Failed to load resource: net::ERR_CONNECTION_REFUSED @ http://localhost:8099/stream:0
[144750217ms] [ERROR] Failed to load resource: net::ERR_CONNECTION_REFUSED @ http://localhost:8099/stream:0
[144753223ms] [ERROR] Failed to load resource: net::ERR_CONNECTION_REFUSED @ http://localhost:8099/stream:0
[144756231ms] [ERROR] Failed to load resource: net::ERR_CONNECTION_REFUSED @ http://localhost:8099/stream:0
[144759237ms] [ERROR] Failed to load resource: net::ERR_CONNECTION_REFUSED @ http://localhost:8099/stream:0
[144762243ms] [ERROR] Failed to load resource: net::ERR_CONNECTION_REFUSED @ http://localhost:8099/stream:0
[144765245ms] [ERROR] Failed to load resource: net::ERR_CONNECTION_REFUSED @ http://localhost:8099/stream:0
[144768250ms] [ERROR] Failed to load resource: net::ERR_CONNECTION_REFUSED @ http://localhost:8099/stream:0
[144771255ms] [ERROR] Failed to load resource: net::ERR_CONNECTION_REFUSED @ http://localhost:8099/stream:0
[144774261ms] [ERROR] Failed to load resource: net::ERR_CONNECTION_REFUSED @ http://localhost:8099/stream:0
[144777266ms] [ERROR] Failed to load resource: net::ERR_CONNECTION_REFUSED @ http://localhost:8099/stream:0
[144780272ms] [ERROR] Failed to load resource: net::ERR_CONNECTION_REFUSED @ http://localhost:8099/stream:0
[144783277ms] [ERROR] Failed to load resource: net::ERR_CONNECTION_REFUSED @ http://localhost:8099/stream:0
[144786284ms] [ERROR] Failed to load resource: net::ERR_CONNECTION_REFUSED @ http://localhost:8099/stream:0
[144853476ms] [ERROR] Failed to load resource: net::ERR_CONNECTION_REFUSED @ http://localhost:8099/stream:0
[144856482ms] [ERROR] Failed to load resource: net::ERR_CONNECTION_REFUSED @ http://localhost:8099/stream:0
[144859488ms] [ERROR] Failed to load resource: net::ERR_CONNECTION_REFUSED @ http://localhost:8099/stream:0
[144862494ms] [ERROR] Failed to load resource: net::ERR_CONNECTION_REFUSED @ http://localhost:8099/stream:0
[144865498ms] [ERROR] Failed to load resource: net::ERR_CONNECTION_REFUSED @ http://localhost:8099/stream:0
[144868503ms] [ERROR] Failed to load resource: net::ERR_CONNECTION_REFUSED @ http://localhost:8099/stream:0
[144871510ms] [ERROR] Failed to load resource: net::ERR_CONNECTION_REFUSED @ http://localhost:8099/stream:0
[144874516ms] [ERROR] Failed to load resource: net::ERR_CONNECTION_REFUSED @ http://localhost:8099/stream:0
[144877522ms] [ERROR] Failed to load resource: net::ERR_CONNECTION_REFUSED @ http://localhost:8099/stream:0
[144880526ms] [ERROR] Failed to load resource: net::ERR_CONNECTION_REFUSED @ http://localhost:8099/stream:0
[144883530ms] [ERROR] Failed to load resource: net::ERR_CONNECTION_REFUSED @ http://localhost:8099/stream:0
[144886535ms] [ERROR] Failed to load resource: net::ERR_CONNECTION_REFUSED @ http://localhost:8099/stream:0
[144889538ms] [ERROR] Failed to load resource: net::ERR_CONNECTION_REFUSED @ http://localhost:8099/stream:0
[144892543ms] [ERROR] Failed to load resource: net::ERR_CONNECTION_REFUSED @ http://localhost:8099/stream:0
[144895547ms] [ERROR] Failed to load resource: net::ERR_CONNECTION_REFUSED @ http://localhost:8099/stream:0
[144898553ms] [ERROR] Failed to load resource: net::ERR_CONNECTION_REFUSED @ http://localhost:8099/stream:0
[145057916ms] [ERROR] Failed to load resource: net::ERR_CONNECTION_REFUSED @ http://localhost:8099/stream:0
[145060921ms] [ERROR] Failed to load resource: net::ERR_CONNECTION_REFUSED @ http://localhost:8099/stream:0
[145063927ms] [ERROR] Failed to load resource: net::ERR_CONNECTION_REFUSED @ http://localhost:8099/stream:0
[145066933ms] [ERROR] Failed to load resource: net::ERR_CONNECTION_REFUSED @ http://localhost:8099/stream:0
[145069937ms] [ERROR] Failed to load resource: net::ERR_CONNECTION_REFUSED @ http://localhost:8099/stream:0
[145072941ms] [ERROR] Failed to load resource: net::ERR_CONNECTION_REFUSED @ http://localhost:8099/stream:0
[145075946ms] [ERROR] Failed to load resource: net::ERR_CONNECTION_REFUSED @ http://localhost:8099/stream:0
[145078952ms] [ERROR] Failed to load resource: net::ERR_CONNECTION_REFUSED @ http://localhost:8099/stream:0
[145081958ms] [ERROR] Failed to load resource: net::ERR_CONNECTION_REFUSED @ http://localhost:8099/stream:0
[145084965ms] [ERROR] Failed to load resource: net::ERR_CONNECTION_REFUSED @ http://localhost:8099/stream:0
[145087970ms] [ERROR] Failed to load resource: net::ERR_CONNECTION_REFUSED @ http://localhost:8099/stream:0
[145090976ms] [ERROR] Failed to load resource: net::ERR_CONNECTION_REFUSED @ http://localhost:8099/stream:0
[145093982ms] [ERROR] Failed to load resource: net::ERR_CONNECTION_REFUSED @ http://localhost:8099/stream:0
[145096987ms] [ERROR] Failed to load resource: net::ERR_CONNECTION_REFUSED @ http://localhost:8099/stream:0
[145099992ms] [ERROR] Failed to load resource: net::ERR_CONNECTION_REFUSED @ http://localhost:8099/stream:0
[145102997ms] [ERROR] Failed to load resource: net::ERR_CONNECTION_REFUSED @ http://localhost:8099/stream:0
[145273322ms] [ERROR] Failed to load resource: net::ERR_CONNECTION_REFUSED @ http://localhost:8099/stream:0
[145276326ms] [ERROR] Failed to load resource: net::ERR_CONNECTION_REFUSED @ http://localhost:8099/stream:0
[145279331ms] [ERROR] Failed to load resource: net::ERR_CONNECTION_REFUSED @ http://localhost:8099/stream:0
[145282335ms] [ERROR] Failed to load resource: net::ERR_CONNECTION_REFUSED @ http://localhost:8099/stream:0
[145285339ms] [ERROR] Failed to load resource: net::ERR_CONNECTION_REFUSED @ http://localhost:8099/stream:0
[145288345ms] [ERROR] Failed to load resource: net::ERR_CONNECTION_REFUSED @ http://localhost:8099/stream:0
[145291349ms] [ERROR] Failed to load resource: net::ERR_CONNECTION_REFUSED @ http://localhost:8099/stream:0
[145294353ms] [ERROR] Failed to load resource: net::ERR_CONNECTION_REFUSED @ http://localhost:8099/stream:0
[145297358ms] [ERROR] Failed to load resource: net::ERR_CONNECTION_REFUSED @ http://localhost:8099/stream:0
[145300363ms] [ERROR] Failed to load resource: net::ERR_CONNECTION_REFUSED @ http://localhost:8099/stream:0
[145303368ms] [ERROR] Failed to load resource: net::ERR_CONNECTION_REFUSED @ http://localhost:8099/stream:0
[145306371ms] [ERROR] Failed to load resource: net::ERR_CONNECTION_REFUSED @ http://localhost:8099/stream:0
[145309377ms] [ERROR] Failed to load resource: net::ERR_CONNECTION_REFUSED @ http://localhost:8099/stream:0
[145312382ms] [ERROR] Failed to load resource: net::ERR_CONNECTION_REFUSED @ http://localhost:8099/stream:0
[145315387ms] [ERROR] Failed to load resource: net::ERR_CONNECTION_REFUSED @ http://localhost:8099/stream:0
[145423217ms] [ERROR] Failed to load resource: net::ERR_CONNECTION_REFUSED @ http://localhost:8099/stream:0
[145426223ms] [ERROR] Failed to load resource: net::ERR_CONNECTION_REFUSED @ http://localhost:8099/stream:0
[145429228ms] [ERROR] Failed to load resource: net::ERR_CONNECTION_REFUSED @ http://localhost:8099/stream:0
[145432234ms] [ERROR] Failed to load resource: net::ERR_CONNECTION_REFUSED @ http://localhost:8099/stream:0
[145435239ms] [ERROR] Failed to load resource: net::ERR_CONNECTION_REFUSED @ http://localhost:8099/stream:0
[145438244ms] [ERROR] Failed to load resource: net::ERR_CONNECTION_REFUSED @ http://localhost:8099/stream:0
[145441251ms] [ERROR] Failed to load resource: net::ERR_CONNECTION_REFUSED @ http://localhost:8099/stream:0
[145444256ms] [ERROR] Failed to load resource: net::ERR_CONNECTION_REFUSED @ http://localhost:8099/stream:0
[145447262ms] [ERROR] Failed to load resource: net::ERR_CONNECTION_REFUSED @ http://localhost:8099/stream:0
[145450268ms] [ERROR] Failed to load resource: net::ERR_CONNECTION_REFUSED @ http://localhost:8099/stream:0
[145453273ms] [ERROR] Failed to load resource: net::ERR_CONNECTION_REFUSED @ http://localhost:8099/stream:0
[145456276ms] [ERROR] Failed to load resource: net::ERR_CONNECTION_REFUSED @ http://localhost:8099/stream:0
[145459282ms] [ERROR] Failed to load resource: net::ERR_CONNECTION_REFUSED @ http://localhost:8099/stream:0
[145462287ms] [ERROR] Failed to load resource: net::ERR_CONNECTION_REFUSED @ http://localhost:8099/stream:0
[145465292ms] [ERROR] Failed to load resource: net::ERR_CONNECTION_REFUSED @ http://localhost:8099/stream:0
[145468297ms] [ERROR] Failed to load resource: net::ERR_CONNECTION_REFUSED @ http://localhost:8099/stream:0
[145535666ms] [ERROR] Failed to load resource: net::ERR_CONNECTION_REFUSED @ http://localhost:8099/stream:0
[145538671ms] [ERROR] Failed to load resource: net::ERR_CONNECTION_REFUSED @ http://localhost:8099/stream:0
[145541677ms] [ERROR] Failed to load resource: net::ERR_CONNECTION_REFUSED @ http://localhost:8099/stream:0
[145544682ms] [ERROR] Failed to load resource: net::ERR_CONNECTION_REFUSED @ http://localhost:8099/stream:0
[145547687ms] [ERROR] Failed to load resource: net::ERR_CONNECTION_REFUSED @ http://localhost:8099/stream:0
[145550691ms] [ERROR] Failed to load resource: net::ERR_CONNECTION_REFUSED @ http://localhost:8099/stream:0
[145553694ms] [ERROR] Failed to load resource: net::ERR_CONNECTION_REFUSED @ http://localhost:8099/stream:0
[145556700ms] [ERROR] Failed to load resource: net::ERR_CONNECTION_REFUSED @ http://localhost:8099/stream:0
[145559706ms] [ERROR] Failed to load resource: net::ERR_CONNECTION_REFUSED @ http://localhost:8099/stream:0
[145562710ms] [ERROR] Failed to load resource: net::ERR_CONNECTION_REFUSED @ http://localhost:8099/stream:0
[145565717ms] [ERROR] Failed to load resource: net::ERR_CONNECTION_REFUSED @ http://localhost:8099/stream:0
[145568727ms] [ERROR] Failed to load resource: net::ERR_CONNECTION_REFUSED @ http://localhost:8099/stream:0
[145571734ms] [ERROR] Failed to load resource: net::ERR_CONNECTION_REFUSED @ http://localhost:8099/stream:0
[145574738ms] [ERROR] Failed to load resource: net::ERR_CONNECTION_REFUSED @ http://localhost:8099/stream:0
[145577743ms] [ERROR] Failed to load resource: net::ERR_CONNECTION_REFUSED @ http://localhost:8099/stream:0
[145580748ms] [ERROR] Failed to load resource: net::ERR_CONNECTION_REFUSED @ http://localhost:8099/stream:0
[145777966ms] [ERROR] Failed to load resource: net::ERR_CONNECTION_REFUSED @ http://localhost:8099/stream:0
[145780970ms] [ERROR] Failed to load resource: net::ERR_CONNECTION_REFUSED @ http://localhost:8099/stream:0
[145783975ms] [ERROR] Failed to load resource: net::ERR_CONNECTION_REFUSED @ http://localhost:8099/stream:0
[145786981ms] [ERROR] Failed to load resource: net::ERR_CONNECTION_REFUSED @ http://localhost:8099/stream:0
[145789986ms] [ERROR] Failed to load resource: net::ERR_CONNECTION_REFUSED @ http://localhost:8099/stream:0
[145792988ms] [ERROR] Failed to load resource: net::ERR_CONNECTION_REFUSED @ http://localhost:8099/stream:0
[145795993ms] [ERROR] Failed to load resource: net::ERR_CONNECTION_REFUSED @ http://localhost:8099/stream:0
[145798996ms] [ERROR] Failed to load resource: net::ERR_CONNECTION_REFUSED @ http://localhost:8099/stream:0
[145802000ms] [ERROR] Failed to load resource: net::ERR_CONNECTION_REFUSED @ http://localhost:8099/stream:0
[145805005ms] [ERROR] Failed to load resource: net::ERR_CONNECTION_REFUSED @ http://localhost:8099/stream:0
[145808010ms] [ERROR] Failed to load resource: net::ERR_CONNECTION_REFUSED @ http://localhost:8099/stream:0
[145811014ms] [ERROR] Failed to load resource: net::ERR_CONNECTION_REFUSED @ http://localhost:8099/stream:0
[145814019ms] [ERROR] Failed to load resource: net::ERR_CONNECTION_REFUSED @ http://localhost:8099/stream:0
[145817023ms] [ERROR] Failed to load resource: net::ERR_CONNECTION_REFUSED @ http://localhost:8099/stream:0
[145820028ms] [ERROR] Failed to load resource: net::ERR_CONNECTION_REFUSED @ http://localhost:8099/stream:0
[145823033ms] [ERROR] Failed to load resource: net::ERR_CONNECTION_REFUSED @ http://localhost:8099/stream:0
[146075113ms] [ERROR] Failed to load resource: net::ERR_CONNECTION_REFUSED @ http://localhost:8099/stream:0
[146078118ms] [ERROR] Failed to load resource: net::ERR_CONNECTION_REFUSED @ http://localhost:8099/stream:0
[146081122ms] [ERROR] Failed to load resource: net::ERR_CONNECTION_REFUSED @ http://localhost:8099/stream:0
[146084128ms] [ERROR] Failed to load resource: net::ERR_CONNECTION_REFUSED @ http://localhost:8099/stream:0
[146087130ms] [ERROR] Failed to load resource: net::ERR_CONNECTION_REFUSED @ http://localhost:8099/stream:0
[146090137ms] [ERROR] Failed to load resource: net::ERR_CONNECTION_REFUSED @ http://localhost:8099/stream:0
[146093142ms] [ERROR] Failed to load resource: net::ERR_CONNECTION_REFUSED @ http://localhost:8099/stream:0
[146096148ms] [ERROR] Failed to load resource: net::ERR_CONNECTION_REFUSED @ http://localhost:8099/stream:0
[146099154ms] [ERROR] Failed to load resource: net::ERR_CONNECTION_REFUSED @ http://localhost:8099/stream:0
[146102159ms] [ERROR] Failed to load resource: net::ERR_CONNECTION_REFUSED @ http://localhost:8099/stream:0
[146105165ms] [ERROR] Failed to load resource: net::ERR_CONNECTION_REFUSED @ http://localhost:8099/stream:0
[146108170ms] [ERROR] Failed to load resource: net::ERR_CONNECTION_REFUSED @ http://localhost:8099/stream:0
[146111176ms] [ERROR] Failed to load resource: net::ERR_CONNECTION_REFUSED @ http://localhost:8099/stream:0
[146114181ms] [ERROR] Failed to load resource: net::ERR_CONNECTION_REFUSED @ http://localhost:8099/stream:0
[146117186ms] [ERROR] Failed to load resource: net::ERR_CONNECTION_REFUSED @ http://localhost:8099/stream:0
[146208353ms] [ERROR] Failed to load resource: net::ERR_CONNECTION_REFUSED @ http://localhost:8099/stream:0
[146211359ms] [ERROR] Failed to load resource: net::ERR_CONNECTION_REFUSED @ http://localhost:8099/stream:0
[146214366ms] [ERROR] Failed to load resource: net::ERR_CONNECTION_REFUSED @ http://localhost:8099/stream:0
[146217370ms] [ERROR] Failed to load resource: net::ERR_CONNECTION_REFUSED @ http://localhost:8099/stream:0
[146220374ms] [ERROR] Failed to load resource: net::ERR_CONNECTION_REFUSED @ http://localhost:8099/stream:0
[146223381ms] [ERROR] Failed to load resource: net::ERR_CONNECTION_REFUSED @ http://localhost:8099/stream:0
[146226386ms] [ERROR] Failed to load resource: net::ERR_CONNECTION_REFUSED @ http://localhost:8099/stream:0
[146229392ms] [ERROR] Failed to load resource: net::ERR_CONNECTION_REFUSED @ http://localhost:8099/stream:0
[146232397ms] [ERROR] Failed to load resource: net::ERR_CONNECTION_REFUSED @ http://localhost:8099/stream:0
[146235403ms] [ERROR] Failed to load resource: net::ERR_CONNECTION_REFUSED @ http://localhost:8099/stream:0
[146238409ms] [ERROR] Failed to load resource: net::ERR_CONNECTION_REFUSED @ http://localhost:8099/stream:0
[146241415ms] [ERROR] Failed to load resource: net::ERR_CONNECTION_REFUSED @ http://localhost:8099/stream:0
[146244421ms] [ERROR] Failed to load resource: net::ERR_CONNECTION_REFUSED @ http://localhost:8099/stream:0
[146247427ms] [ERROR] Failed to load resource: net::ERR_CONNECTION_REFUSED @ http://localhost:8099/stream:0
[146250432ms] [ERROR] Failed to load resource: net::ERR_CONNECTION_REFUSED @ http://localhost:8099/stream:0
[146253437ms] [ERROR] Failed to load resource: net::ERR_CONNECTION_REFUSED @ http://localhost:8099/stream:0
[146341800ms] [ERROR] Failed to load resource: net::ERR_CONNECTION_REFUSED @ http://localhost:8099/stream:0
[146344807ms] [ERROR] Failed to load resource: net::ERR_CONNECTION_REFUSED @ http://localhost:8099/stream:0
[146347812ms] [ERROR] Failed to load resource: net::ERR_CONNECTION_REFUSED @ http://localhost:8099/stream:0
[146350816ms] [ERROR] Failed to load resource: net::ERR_CONNECTION_REFUSED @ http://localhost:8099/stream:0
[146353822ms] [ERROR] Failed to load resource: net::ERR_CONNECTION_REFUSED @ http://localhost:8099/stream:0
[146356827ms] [ERROR] Failed to load resource: net::ERR_CONNECTION_REFUSED @ http://localhost:8099/stream:0
[146359831ms] [ERROR] Failed to load resource: net::ERR_CONNECTION_REFUSED @ http://localhost:8099/stream:0
[146362837ms] [ERROR] Failed to load resource: net::ERR_CONNECTION_REFUSED @ http://localhost:8099/stream:0
[146365842ms] [ERROR] Failed to load resource: net::ERR_CONNECTION_REFUSED @ http://localhost:8099/stream:0
[146368848ms] [ERROR] Failed to load resource: net::ERR_CONNECTION_REFUSED @ http://localhost:8099/stream:0
[146371853ms] [ERROR] Failed to load resource: net::ERR_CONNECTION_REFUSED @ http://localhost:8099/stream:0
[146374859ms] [ERROR] Failed to load resource: net::ERR_CONNECTION_REFUSED @ http://localhost:8099/stream:0
[146377863ms] [ERROR] Failed to load resource: net::ERR_CONNECTION_REFUSED @ http://localhost:8099/stream:0
[146380868ms] [ERROR] Failed to load resource: net::ERR_CONNECTION_REFUSED @ http://localhost:8099/stream:0
[146383874ms] [ERROR] Failed to load resource: net::ERR_CONNECTION_REFUSED @ http://localhost:8099/stream:0
[146386881ms] [ERROR] Failed to load resource: net::ERR_CONNECTION_REFUSED @ http://localhost:8099/stream:0
[146469738ms] [ERROR] Failed to load resource: net::ERR_CONNECTION_REFUSED @ http://localhost:8099/stream:0
[146472743ms] [ERROR] Failed to load resource: net::ERR_CONNECTION_REFUSED @ http://localhost:8099/stream:0
[146475748ms] [ERROR] Failed to load resource: net::ERR_CONNECTION_REFUSED @ http://localhost:8099/stream:0
[146478754ms] [ERROR] Failed to load resource: net::ERR_CONNECTION_REFUSED @ http://localhost:8099/stream:0
[146481760ms] [ERROR] Failed to load resource: net::ERR_CONNECTION_REFUSED @ http://localhost:8099/stream:0
[146484763ms] [ERROR] Failed to load resource: net::ERR_CONNECTION_REFUSED @ http://localhost:8099/stream:0
[146487769ms] [ERROR] Failed to load resource: net::ERR_CONNECTION_REFUSED @ http://localhost:8099/stream:0
[146490775ms] [ERROR] Failed to load resource: net::ERR_CONNECTION_REFUSED @ http://localhost:8099/stream:0
[146493781ms] [ERROR] Failed to load resource: net::ERR_CONNECTION_REFUSED @ http://localhost:8099/stream:0
[146496786ms] [ERROR] Failed to load resource: net::ERR_CONNECTION_REFUSED @ http://localhost:8099/stream:0
[146499790ms] [ERROR] Failed to load resource: net::ERR_CONNECTION_REFUSED @ http://localhost:8099/stream:0
[146502795ms] [ERROR] Failed to load resource: net::ERR_CONNECTION_REFUSED @ http://localhost:8099/stream:0
[146505801ms] [ERROR] Failed to load resource: net::ERR_CONNECTION_REFUSED @ http://localhost:8099/stream:0
[146508806ms] [ERROR] Failed to load resource: net::ERR_CONNECTION_REFUSED @ http://localhost:8099/stream:0
[146511812ms] [ERROR] Failed to load resource: net::ERR_CONNECTION_REFUSED @ http://localhost:8099/stream:0
[146587501ms] [ERROR] Failed to load resource: net::ERR_CONNECTION_REFUSED @ http://localhost:8099/stream:0
[146590506ms] [ERROR] Failed to load resource: net::ERR_CONNECTION_REFUSED @ http://localhost:8099/stream:0
[146593512ms] [ERROR] Failed to load resource: net::ERR_CONNECTION_REFUSED @ http://localhost:8099/stream:0
[146596518ms] [ERROR] Failed to load resource: net::ERR_CONNECTION_REFUSED @ http://localhost:8099/stream:0
[146599524ms] [ERROR] Failed to load resource: net::ERR_CONNECTION_REFUSED @ http://localhost:8099/stream:0
[146602530ms] [ERROR] Failed to load resource: net::ERR_CONNECTION_REFUSED @ http://localhost:8099/stream:0
[146605536ms] [ERROR] Failed to load resource: net::ERR_CONNECTION_REFUSED @ http://localhost:8099/stream:0
[146608541ms] [ERROR] Failed to load resource: net::ERR_CONNECTION_REFUSED @ http://localhost:8099/stream:0
[146611547ms] [ERROR] Failed to load resource: net::ERR_CONNECTION_REFUSED @ http://localhost:8099/stream:0
[146614551ms] [ERROR] Failed to load resource: net::ERR_CONNECTION_REFUSED @ http://localhost:8099/stream:0
[146617556ms] [ERROR] Failed to load resource: net::ERR_CONNECTION_REFUSED @ http://localhost:8099/stream:0
[146620562ms] [ERROR] Failed to load resource: net::ERR_CONNECTION_REFUSED @ http://localhost:8099/stream:0
[146623567ms] [ERROR] Failed to load resource: net::ERR_CONNECTION_REFUSED @ http://localhost:8099/stream:0
[146626572ms] [ERROR] Failed to load resource: net::ERR_CONNECTION_REFUSED @ http://localhost:8099/stream:0
[146629577ms] [ERROR] Failed to load resource: net::ERR_CONNECTION_REFUSED @ http://localhost:8099/stream:0
[146632582ms] [ERROR] Failed to load resource: net::ERR_CONNECTION_REFUSED @ http://localhost:8099/stream:0
[146866801ms] [ERROR] Failed to load resource: net::ERR_CONNECTION_REFUSED @ http://localhost:8099/stream:0
[146869807ms] [ERROR] Failed to load resource: net::ERR_CONNECTION_REFUSED @ http://localhost:8099/stream:0
[146872811ms] [ERROR] Failed to load resource: net::ERR_CONNECTION_REFUSED @ http://localhost:8099/stream:0
[146875817ms] [ERROR] Failed to load resource: net::ERR_CONNECTION_REFUSED @ http://localhost:8099/stream:0
[146878823ms] [ERROR] Failed to load resource: net::ERR_CONNECTION_REFUSED @ http://localhost:8099/stream:0
[146881827ms] [ERROR] Failed to load resource: net::ERR_CONNECTION_REFUSED @ http://localhost:8099/stream:0
[146884837ms] [ERROR] Failed to load resource: net::ERR_CONNECTION_REFUSED @ http://localhost:8099/stream:0
[146887841ms] [ERROR] Failed to load resource: net::ERR_CONNECTION_REFUSED @ http://localhost:8099/stream:0
[146890846ms] [ERROR] Failed to load resource: net::ERR_CONNECTION_REFUSED @ http://localhost:8099/stream:0
[146893850ms] [ERROR] Failed to load resource: net::ERR_CONNECTION_REFUSED @ http://localhost:8099/stream:0
[146896856ms] [ERROR] Failed to load resource: net::ERR_CONNECTION_REFUSED @ http://localhost:8099/stream:0
[146899861ms] [ERROR] Failed to load resource: net::ERR_CONNECTION_REFUSED @ http://localhost:8099/stream:0
[146902866ms] [ERROR] Failed to load resource: net::ERR_CONNECTION_REFUSED @ http://localhost:8099/stream:0
[146905871ms] [ERROR] Failed to load resource: net::ERR_CONNECTION_REFUSED @ http://localhost:8099/stream:0
[146908876ms] [ERROR] Failed to load resource: net::ERR_CONNECTION_REFUSED @ http://localhost:8099/stream:0
[146911879ms] [ERROR] Failed to load resource: net::ERR_CONNECTION_REFUSED @ http://localhost:8099/stream:0
[147017098ms] [ERROR] Failed to load resource: net::ERR_CONNECTION_REFUSED @ http://localhost:8099/stream:0
[147020103ms] [ERROR] Failed to load resource: net::ERR_CONNECTION_REFUSED @ http://localhost:8099/stream:0
[147023109ms] [ERROR] Failed to load resource: net::ERR_CONNECTION_REFUSED @ http://localhost:8099/stream:0
[147026114ms] [ERROR] Failed to load resource: net::ERR_CONNECTION_REFUSED @ http://localhost:8099/stream:0
[147029119ms] [ERROR] Failed to load resource: net::ERR_CONNECTION_REFUSED @ http://localhost:8099/stream:0
[147032125ms] [ERROR] Failed to load resource: net::ERR_CONNECTION_REFUSED @ http://localhost:8099/stream:0
[147035131ms] [ERROR] Failed to load resource: net::ERR_CONNECTION_REFUSED @ http://localhost:8099/stream:0
[147038136ms] [ERROR] Failed to load resource: net::ERR_CONNECTION_REFUSED @ http://localhost:8099/stream:0
[147041141ms] [ERROR] Failed to load resource: net::ERR_CONNECTION_REFUSED @ http://localhost:8099/stream:0
[147044145ms] [ERROR] Failed to load resource: net::ERR_CONNECTION_REFUSED @ http://localhost:8099/stream:0
[147047149ms] [ERROR] Failed to load resource: net::ERR_CONNECTION_REFUSED @ http://localhost:8099/stream:0
[147050154ms] [ERROR] Failed to load resource: net::ERR_CONNECTION_REFUSED @ http://localhost:8099/stream:0
[147053158ms] [ERROR] Failed to load resource: net::ERR_CONNECTION_REFUSED @ http://localhost:8099/stream:0
[147056163ms] [ERROR] Failed to load resource: net::ERR_CONNECTION_REFUSED @ http://localhost:8099/stream:0
[147059167ms] [ERROR] Failed to load resource: net::ERR_CONNECTION_REFUSED @ http://localhost:8099/stream:0
[147380916ms] [ERROR] Failed to load resource: net::ERR_CONNECTION_REFUSED @ http://localhost:8099/stream:0
[147383922ms] [ERROR] Failed to load resource: net::ERR_CONNECTION_REFUSED @ http://localhost:8099/stream:0
[147386927ms] [ERROR] Failed to load resource: net::ERR_CONNECTION_REFUSED @ http://localhost:8099/stream:0
[147389932ms] [ERROR] Failed to load resource: net::ERR_CONNECTION_REFUSED @ http://localhost:8099/stream:0
[147392936ms] [ERROR] Failed to load resource: net::ERR_CONNECTION_REFUSED @ http://localhost:8099/stream:0
[147395941ms] [ERROR] Failed to load resource: net::ERR_CONNECTION_REFUSED @ http://localhost:8099/stream:0
[147398947ms] [ERROR] Failed to load resource: net::ERR_CONNECTION_REFUSED @ http://localhost:8099/stream:0
[147401952ms] [ERROR] Failed to load resource: net::ERR_CONNECTION_REFUSED @ http://localhost:8099/stream:0
[147404958ms] [ERROR] Failed to load resource: net::ERR_CONNECTION_REFUSED @ http://localhost:8099/stream:0
[147407964ms] [ERROR] Failed to load resource: net::ERR_CONNECTION_REFUSED @ http://localhost:8099/stream:0
[147410969ms] [ERROR] Failed to load resource: net::ERR_CONNECTION_REFUSED @ http://localhost:8099/stream:0
[147413974ms] [ERROR] Failed to load resource: net::ERR_CONNECTION_REFUSED @ http://localhost:8099/stream:0
[147416979ms] [ERROR] Failed to load resource: net::ERR_CONNECTION_REFUSED @ http://localhost:8099/stream:0
[147419984ms] [ERROR] Failed to load resource: net::ERR_CONNECTION_REFUSED @ http://localhost:8099/stream:0
[147422989ms] [ERROR] Failed to load resource: net::ERR_CONNECTION_REFUSED @ http://localhost:8099/stream:0
[147425995ms] [ERROR] Failed to load resource: net::ERR_CONNECTION_REFUSED @ http://localhost:8099/stream:0
[147526567ms] [ERROR] Failed to load resource: net::ERR_CONNECTION_REFUSED @ http://localhost:8099/stream:0
[147529573ms] [ERROR] Failed to load resource: net::ERR_CONNECTION_REFUSED @ http://localhost:8099/stream:0
[147532579ms] [ERROR] Failed to load resource: net::ERR_CONNECTION_REFUSED @ http://localhost:8099/stream:0
[147535587ms] [ERROR] Failed to load resource: net::ERR_CONNECTION_REFUSED @ http://localhost:8099/stream:0
[147538592ms] [ERROR] Failed to load resource: net::ERR_CONNECTION_REFUSED @ http://localhost:8099/stream:0
[147541598ms] [ERROR] Failed to load resource: net::ERR_CONNECTION_REFUSED @ http://localhost:8099/stream:0
[147544602ms] [ERROR] Failed to load resource: net::ERR_CONNECTION_REFUSED @ http://localhost:8099/stream:0
[147547608ms] [ERROR] Failed to load resource: net::ERR_CONNECTION_REFUSED @ http://localhost:8099/stream:0
[147550614ms] [ERROR] Failed to load resource: net::ERR_CONNECTION_REFUSED @ http://localhost:8099/stream:0
[147553619ms] [ERROR] Failed to load resource: net::ERR_CONNECTION_REFUSED @ http://localhost:8099/stream:0
[147556625ms] [ERROR] Failed to load resource: net::ERR_CONNECTION_REFUSED @ http://localhost:8099/stream:0
[147559630ms] [ERROR] Failed to load resource: net::ERR_CONNECTION_REFUSED @ http://localhost:8099/stream:0
[147562635ms] [ERROR] Failed to load resource: net::ERR_CONNECTION_REFUSED @ http://localhost:8099/stream:0
[147565639ms] [ERROR] Failed to load resource: net::ERR_CONNECTION_REFUSED @ http://localhost:8099/stream:0
[147568644ms] [ERROR] Failed to load resource: net::ERR_CONNECTION_REFUSED @ http://localhost:8099/stream:0
[147639847ms] [ERROR] Failed to load resource: net::ERR_CONNECTION_REFUSED @ http://localhost:8099/stream:0
[147642853ms] [ERROR] Failed to load resource: net::ERR_CONNECTION_REFUSED @ http://localhost:8099/stream:0
[147645858ms] [ERROR] Failed to load resource: net::ERR_CONNECTION_REFUSED @ http://localhost:8099/stream:0
[147648864ms] [ERROR] Failed to load resource: net::ERR_CONNECTION_REFUSED @ http://localhost:8099/stream:0
[147651870ms] [ERROR] Failed to load resource: net::ERR_CONNECTION_REFUSED @ http://localhost:8099/stream:0
[147654876ms] [ERROR] Failed to load resource: net::ERR_CONNECTION_REFUSED @ http://localhost:8099/stream:0
[147657882ms] [ERROR] Failed to load resource: net::ERR_CONNECTION_REFUSED @ http://localhost:8099/stream:0
[147660888ms] [ERROR] Failed to load resource: net::ERR_CONNECTION_REFUSED @ http://localhost:8099/stream:0
[147663894ms] [ERROR] Failed to load resource: net::ERR_CONNECTION_REFUSED @ http://localhost:8099/stream:0
[147666899ms] [ERROR] Failed to load resource: net::ERR_CONNECTION_REFUSED @ http://localhost:8099/stream:0
[147669904ms] [ERROR] Failed to load resource: net::ERR_CONNECTION_REFUSED @ http://localhost:8099/stream:0
[147672909ms] [ERROR] Failed to load resource: net::ERR_CONNECTION_REFUSED @ http://localhost:8099/stream:0
[147675916ms] [ERROR] Failed to load resource: net::ERR_CONNECTION_REFUSED @ http://localhost:8099/stream:0
[147678921ms] [ERROR] Failed to load resource: net::ERR_CONNECTION_REFUSED @ http://localhost:8099/stream:0
[147681926ms] [ERROR] Failed to load resource: net::ERR_CONNECTION_REFUSED @ http://localhost:8099/stream:0
[147684928ms] [ERROR] Failed to load resource: net::ERR_CONNECTION_REFUSED @ http://localhost:8099/stream:0
[147826968ms] [ERROR] Failed to load resource: net::ERR_CONNECTION_REFUSED @ http://localhost:8099/stream:0
[147829974ms] [ERROR] Failed to load resource: net::ERR_CONNECTION_REFUSED @ http://localhost:8099/stream:0
[147832978ms] [ERROR] Failed to load resource: net::ERR_CONNECTION_REFUSED @ http://localhost:8099/stream:0
[147835984ms] [ERROR] Failed to load resource: net::ERR_CONNECTION_REFUSED @ http://localhost:8099/stream:0
[147838987ms] [ERROR] Failed to load resource: net::ERR_CONNECTION_REFUSED @ http://localhost:8099/stream:0
[147841993ms] [ERROR] Failed to load resource: net::ERR_CONNECTION_REFUSED @ http://localhost:8099/stream:0
[147844999ms] [ERROR] Failed to load resource: net::ERR_CONNECTION_REFUSED @ http://localhost:8099/stream:0
[147848004ms] [ERROR] Failed to load resource: net::ERR_CONNECTION_REFUSED @ http://localhost:8099/stream:0
[147851009ms] [ERROR] Failed to load resource: net::ERR_CONNECTION_REFUSED @ http://localhost:8099/stream:0
[147854015ms] [ERROR] Failed to load resource: net::ERR_CONNECTION_REFUSED @ http://localhost:8099/stream:0
[147857021ms] [ERROR] Failed to load resource: net::ERR_CONNECTION_REFUSED @ http://localhost:8099/stream:0
[147860025ms] [ERROR] Failed to load resource: net::ERR_CONNECTION_REFUSED @ http://localhost:8099/stream:0
[147863031ms] [ERROR] Failed to load resource: net::ERR_CONNECTION_REFUSED @ http://localhost:8099/stream:0
[147866037ms] [ERROR] Failed to load resource: net::ERR_CONNECTION_REFUSED @ http://localhost:8099/stream:0
[147869042ms] [ERROR] Failed to load resource: net::ERR_CONNECTION_REFUSED @ http://localhost:8099/stream:0
[147872048ms] [ERROR] Failed to load resource: net::ERR_CONNECTION_REFUSED @ http://localhost:8099/stream:0
[148003018ms] [ERROR] Failed to load resource: net::ERR_CONNECTION_REFUSED @ http://localhost:8099/stream:0
[148006024ms] [ERROR] Failed to load resource: net::ERR_CONNECTION_REFUSED @ http://localhost:8099/stream:0
[148009029ms] [ERROR] Failed to load resource: net::ERR_CONNECTION_REFUSED @ http://localhost:8099/stream:0
[148012034ms] [ERROR] Failed to load resource: net::ERR_CONNECTION_REFUSED @ http://localhost:8099/stream:0
[148015039ms] [ERROR] Failed to load resource: net::ERR_CONNECTION_REFUSED @ http://localhost:8099/stream:0
[148018045ms] [ERROR] Failed to load resource: net::ERR_CONNECTION_REFUSED @ http://localhost:8099/stream:0
[148021048ms] [ERROR] Failed to load resource: net::ERR_CONNECTION_REFUSED @ http://localhost:8099/stream:0
[148024053ms] [ERROR] Failed to load resource: net::ERR_CONNECTION_REFUSED @ http://localhost:8099/stream:0
[148027058ms] [ERROR] Failed to load resource: net::ERR_CONNECTION_REFUSED @ http://localhost:8099/stream:0
[148030062ms] [ERROR] Failed to load resource: net::ERR_CONNECTION_REFUSED @ http://localhost:8099/stream:0
[148033068ms] [ERROR] Failed to load resource: net::ERR_CONNECTION_REFUSED @ http://localhost:8099/stream:0
[148036072ms] [ERROR] Failed to load resource: net::ERR_CONNECTION_REFUSED @ http://localhost:8099/stream:0
[148039078ms] [ERROR] Failed to load resource: net::ERR_CONNECTION_REFUSED @ http://localhost:8099/stream:0
[148042083ms] [ERROR] Failed to load resource: net::ERR_CONNECTION_REFUSED @ http://localhost:8099/stream:0
[148045088ms] [ERROR] Failed to load resource: net::ERR_CONNECTION_REFUSED @ http://localhost:8099/stream:0
[148949105ms] [ERROR] Failed to load resource: net::ERR_CONNECTION_REFUSED @ http://localhost:8099/stream:0
[148952109ms] [ERROR] Failed to load resource: net::ERR_CONNECTION_REFUSED @ http://localhost:8099/stream:0
[148955112ms] [ERROR] Failed to load resource: net::ERR_CONNECTION_REFUSED @ http://localhost:8099/stream:0
[148958117ms] [ERROR] Failed to load resource: net::ERR_CONNECTION_REFUSED @ http://localhost:8099/stream:0
[148961122ms] [ERROR] Failed to load resource: net::ERR_CONNECTION_REFUSED @ http://localhost:8099/stream:0
[148964127ms] [ERROR] Failed to load resource: net::ERR_CONNECTION_REFUSED @ http://localhost:8099/stream:0
[148967132ms] [ERROR] Failed to load resource: net::ERR_CONNECTION_REFUSED @ http://localhost:8099/stream:0
[148970138ms] [ERROR] Failed to load resource: net::ERR_CONNECTION_REFUSED @ http://localhost:8099/stream:0
[148973143ms] [ERROR] Failed to load resource: net::ERR_CONNECTION_REFUSED @ http://localhost:8099/stream:0
[148976146ms] [ERROR] Failed to load resource: net::ERR_CONNECTION_REFUSED @ http://localhost:8099/stream:0
[148979151ms] [ERROR] Failed to load resource: net::ERR_CONNECTION_REFUSED @ http://localhost:8099/stream:0
[148982156ms] [ERROR] Failed to load resource: net::ERR_CONNECTION_REFUSED @ http://localhost:8099/stream:0
[148985162ms] [ERROR] Failed to load resource: net::ERR_CONNECTION_REFUSED @ http://localhost:8099/stream:0
[148988168ms] [ERROR] Failed to load resource: net::ERR_CONNECTION_REFUSED @ http://localhost:8099/stream:0
[148991173ms] [ERROR] Failed to load resource: net::ERR_CONNECTION_REFUSED @ http://localhost:8099/stream:0
[148994176ms] [ERROR] Failed to load resource: net::ERR_CONNECTION_REFUSED @ http://localhost:8099/stream:0
[149056031ms] [ERROR] Failed to load resource: net::ERR_CONNECTION_REFUSED @ http://localhost:8099/stream:0
[149059037ms] [ERROR] Failed to load resource: net::ERR_CONNECTION_REFUSED @ http://localhost:8099/stream:0
[149062043ms] [ERROR] Failed to load resource: net::ERR_CONNECTION_REFUSED @ http://localhost:8099/stream:0
[149065047ms] [ERROR] Failed to load resource: net::ERR_CONNECTION_REFUSED @ http://localhost:8099/stream:0
[149068053ms] [ERROR] Failed to load resource: net::ERR_CONNECTION_REFUSED @ http://localhost:8099/stream:0
[149071057ms] [ERROR] Failed to load resource: net::ERR_CONNECTION_REFUSED @ http://localhost:8099/stream:0
[149074061ms] [ERROR] Failed to load resource: net::ERR_CONNECTION_REFUSED @ http://localhost:8099/stream:0
[149077066ms] [ERROR] Failed to load resource: net::ERR_CONNECTION_REFUSED @ http://localhost:8099/stream:0
[149080072ms] [ERROR] Failed to load resource: net::ERR_CONNECTION_REFUSED @ http://localhost:8099/stream:0
[149083077ms] [ERROR] Failed to load resource: net::ERR_CONNECTION_REFUSED @ http://localhost:8099/stream:0
[149086081ms] [ERROR] Failed to load resource: net::ERR_CONNECTION_REFUSED @ http://localhost:8099/stream:0
[149089086ms] [ERROR] Failed to load resource: net::ERR_CONNECTION_REFUSED @ http://localhost:8099/stream:0
[149092091ms] [ERROR] Failed to load resource: net::ERR_CONNECTION_REFUSED @ http://localhost:8099/stream:0
[149095096ms] [ERROR] Failed to load resource: net::ERR_CONNECTION_REFUSED @ http://localhost:8099/stream:0
[149098101ms] [ERROR] Failed to load resource: net::ERR_CONNECTION_REFUSED @ http://localhost:8099/stream:0
[149101107ms] [ERROR] Failed to load resource: net::ERR_CONNECTION_REFUSED @ http://localhost:8099/stream:0
[149734436ms] [ERROR] Failed to load resource: net::ERR_CONNECTION_REFUSED @ http://localhost:8099/stream:0
[149737442ms] [ERROR] Failed to load resource: net::ERR_CONNECTION_REFUSED @ http://localhost:8099/stream:0
[149740447ms] [ERROR] Failed to load resource: net::ERR_CONNECTION_REFUSED @ http://localhost:8099/stream:0
[149743452ms] [ERROR] Failed to load resource: net::ERR_CONNECTION_REFUSED @ http://localhost:8099/stream:0
[149746458ms] [ERROR] Failed to load resource: net::ERR_CONNECTION_REFUSED @ http://localhost:8099/stream:0
[149749462ms] [ERROR] Failed to load resource: net::ERR_CONNECTION_REFUSED @ http://localhost:8099/stream:0
[149752466ms] [ERROR] Failed to load resource: net::ERR_CONNECTION_REFUSED @ http://localhost:8099/stream:0
[149755470ms] [ERROR] Failed to load resource: net::ERR_CONNECTION_REFUSED @ http://localhost:8099/stream:0
[149758476ms] [ERROR] Failed to load resource: net::ERR_CONNECTION_REFUSED @ http://localhost:8099/stream:0
[149761482ms] [ERROR] Failed to load resource: net::ERR_CONNECTION_REFUSED @ http://localhost:8099/stream:0
[149764487ms] [ERROR] Failed to load resource: net::ERR_CONNECTION_REFUSED @ http://localhost:8099/stream:0
[149767492ms] [ERROR] Failed to load resource: net::ERR_CONNECTION_REFUSED @ http://localhost:8099/stream:0
[149770498ms] [ERROR] Failed to load resource: net::ERR_CONNECTION_REFUSED @ http://localhost:8099/stream:0
[149773504ms] [ERROR] Failed to load resource: net::ERR_CONNECTION_REFUSED @ http://localhost:8099/stream:0
[149776508ms] [ERROR] Failed to load resource: net::ERR_CONNECTION_REFUSED @ http://localhost:8099/stream:0
[150679398ms] [ERROR] Failed to load resource: net::ERR_CONNECTION_REFUSED @ http://localhost:8099/stream:0
[150682407ms] [ERROR] Failed to load resource: net::ERR_CONNECTION_REFUSED @ http://localhost:8099/stream:0
[150685411ms] [ERROR] Failed to load resource: net::ERR_CONNECTION_REFUSED @ http://localhost:8099/stream:0
[150688417ms] [ERROR] Failed to load resource: net::ERR_CONNECTION_REFUSED @ http://localhost:8099/stream:0
[150691422ms] [ERROR] Failed to load resource: net::ERR_CONNECTION_REFUSED @ http://localhost:8099/stream:0
[150694431ms] [ERROR] Failed to load resource: net::ERR_CONNECTION_REFUSED @ http://localhost:8099/stream:0
[150697436ms] [ERROR] Failed to load resource: net::ERR_CONNECTION_REFUSED @ http://localhost:8099/stream:0
[150700441ms] [ERROR] Failed to load resource: net::ERR_CONNECTION_REFUSED @ http://localhost:8099/stream:0
[150703446ms] [ERROR] Failed to load resource: net::ERR_CONNECTION_REFUSED @ http://localhost:8099/stream:0
[150706452ms] [ERROR] Failed to load resource: net::ERR_CONNECTION_REFUSED @ http://localhost:8099/stream:0
[150709457ms] [ERROR] Failed to load resource: net::ERR_CONNECTION_REFUSED @ http://localhost:8099/stream:0
[150712465ms] [ERROR] Failed to load resource: net::ERR_CONNECTION_REFUSED @ http://localhost:8099/stream:0
[150715471ms] [ERROR] Failed to load resource: net::ERR_CONNECTION_REFUSED @ http://localhost:8099/stream:0
[150718477ms] [ERROR] Failed to load resource: net::ERR_CONNECTION_REFUSED @ http://localhost:8099/stream:0
[150721482ms] [ERROR] Failed to load resource: net::ERR_CONNECTION_REFUSED @ http://localhost:8099/stream:0
[150724487ms] [ERROR] Failed to load resource: net::ERR_CONNECTION_REFUSED @ http://localhost:8099/stream:0
[150865474ms] [ERROR] Failed to load resource: net::ERR_CONNECTION_REFUSED @ http://localhost:8099/stream:0
[150868480ms] [ERROR] Failed to load resource: net::ERR_CONNECTION_REFUSED @ http://localhost:8099/stream:0
[150871486ms] [ERROR] Failed to load resource: net::ERR_CONNECTION_REFUSED @ http://localhost:8099/stream:0
[150874491ms] [ERROR] Failed to load resource: net::ERR_CONNECTION_REFUSED @ http://localhost:8099/stream:0
[150877497ms] [ERROR] Failed to load resource: net::ERR_CONNECTION_REFUSED @ http://localhost:8099/stream:0
[150880502ms] [ERROR] Failed to load resource: net::ERR_CONNECTION_REFUSED @ http://localhost:8099/stream:0
[150883507ms] [ERROR] Failed to load resource: net::ERR_CONNECTION_REFUSED @ http://localhost:8099/stream:0
[150886513ms] [ERROR] Failed to load resource: net::ERR_CONNECTION_REFUSED @ http://localhost:8099/stream:0
[150889519ms] [ERROR] Failed to load resource: net::ERR_CONNECTION_REFUSED @ http://localhost:8099/stream:0
[150892525ms] [ERROR] Failed to load resource: net::ERR_CONNECTION_REFUSED @ http://localhost:8099/stream:0
[150895528ms] [ERROR] Failed to load resource: net::ERR_CONNECTION_REFUSED @ http://localhost:8099/stream:0
[150898533ms] [ERROR] Failed to load resource: net::ERR_CONNECTION_REFUSED @ http://localhost:8099/stream:0
[150901539ms] [ERROR] Failed to load resource: net::ERR_CONNECTION_REFUSED @ http://localhost:8099/stream:0
[150904543ms] [ERROR] Failed to load resource: net::ERR_CONNECTION_REFUSED @ http://localhost:8099/stream:0
[150907549ms] [ERROR] Failed to load resource: net::ERR_CONNECTION_REFUSED @ http://localhost:8099/stream:0
[150910556ms] [ERROR] Failed to load resource: net::ERR_CONNECTION_REFUSED @ http://localhost:8099/stream:0
[151813398ms] [ERROR] Failed to load resource: net::ERR_CONNECTION_REFUSED @ http://localhost:8099/stream:0
[151816403ms] [ERROR] Failed to load resource: net::ERR_CONNECTION_REFUSED @ http://localhost:8099/stream:0
[151819406ms] [ERROR] Failed to load resource: net::ERR_CONNECTION_REFUSED @ http://localhost:8099/stream:0
[151822411ms] [ERROR] Failed to load resource: net::ERR_CONNECTION_REFUSED @ http://localhost:8099/stream:0
[151825418ms] [ERROR] Failed to load resource: net::ERR_CONNECTION_REFUSED @ http://localhost:8099/stream:0
[151828423ms] [ERROR] Failed to load resource: net::ERR_CONNECTION_REFUSED @ http://localhost:8099/stream:0
[151831427ms] [ERROR] Failed to load resource: net::ERR_CONNECTION_REFUSED @ http://localhost:8099/stream:0
[151834431ms] [ERROR] Failed to load resource: net::ERR_CONNECTION_REFUSED @ http://localhost:8099/stream:0
[151837436ms] [ERROR] Failed to load resource: net::ERR_CONNECTION_REFUSED @ http://localhost:8099/stream:0
[151840442ms] [ERROR] Failed to load resource: net::ERR_CONNECTION_REFUSED @ http://localhost:8099/stream:0
[151843446ms] [ERROR] Failed to load resource: net::ERR_CONNECTION_REFUSED @ http://localhost:8099/stream:0
[151846450ms] [ERROR] Failed to load resource: net::ERR_CONNECTION_REFUSED @ http://localhost:8099/stream:0
[151849456ms] [ERROR] Failed to load resource: net::ERR_CONNECTION_REFUSED @ http://localhost:8099/stream:0
[151852459ms] [ERROR] Failed to load resource: net::ERR_CONNECTION_REFUSED @ http://localhost:8099/stream:0
[151855465ms] [ERROR] Failed to load resource: net::ERR_CONNECTION_REFUSED @ http://localhost:8099/stream:0
[151915816ms] [ERROR] Failed to load resource: net::ERR_CONNECTION_REFUSED @ http://localhost:8099/stream:0
[151919348ms] [ERROR] Failed to load resource: net::ERR_CONNECTION_REFUSED @ http://localhost:8099/stream:0
[151922546ms] [ERROR] Failed to load resource: net::ERR_CONNECTION_REFUSED @ http://localhost:8099/stream:0
[151925585ms] [ERROR] Failed to load resource: net::ERR_CONNECTION_REFUSED @ http://localhost:8099/stream:0
[151928590ms] [ERROR] Failed to load resource: net::ERR_CONNECTION_REFUSED @ http://localhost:8099/stream:0
[151931600ms] [ERROR] Failed to load resource: net::ERR_CONNECTION_REFUSED @ http://localhost:8099/stream:0
[151934610ms] [ERROR] Failed to load resource: net::ERR_CONNECTION_REFUSED @ http://localhost:8099/stream:0
[151937622ms] [ERROR] Failed to load resource: net::ERR_CONNECTION_REFUSED @ http://localhost:8099/stream:0
[151940629ms] [ERROR] Failed to load resource: net::ERR_CONNECTION_REFUSED @ http://localhost:8099/stream:0
[151943632ms] [ERROR] Failed to load resource: net::ERR_CONNECTION_REFUSED @ http://localhost:8099/stream:0
[151946636ms] [ERROR] Failed to load resource: net::ERR_CONNECTION_REFUSED @ http://localhost:8099/stream:0
[151949641ms] [ERROR] Failed to load resource: net::ERR_CONNECTION_REFUSED @ http://localhost:8099/stream:0
[151952646ms] [ERROR] Failed to load resource: net::ERR_CONNECTION_REFUSED @ http://localhost:8099/stream:0
[151955652ms] [ERROR] Failed to load resource: net::ERR_CONNECTION_REFUSED @ http://localhost:8099/stream:0
[151958656ms] [ERROR] Failed to load resource: net::ERR_CONNECTION_REFUSED @ http://localhost:8099/stream:0
[151961658ms] [ERROR] Failed to load resource: net::ERR_CONNECTION_REFUSED @ http://localhost:8099/stream:0
[151964662ms] [ERROR] Failed to load resource: net::ERR_CONNECTION_REFUSED @ http://localhost:8099/stream:0
[151967672ms] [ERROR] Failed to load resource: net::ERR_CONNECTION_REFUSED @ http://localhost:8099/stream:0
[151970682ms] [ERROR] Failed to load resource: net::ERR_CONNECTION_REFUSED @ http://localhost:8099/stream:0
[151973684ms] [ERROR] Failed to load resource: net::ERR_CONNECTION_REFUSED @ http://localhost:8099/stream:0
[151976688ms] [ERROR] Failed to load resource: net::ERR_CONNECTION_REFUSED @ http://localhost:8099/stream:0
[151979694ms] [ERROR] Failed to load resource: net::ERR_CONNECTION_REFUSED @ http://localhost:8099/stream:0
[151982699ms] [ERROR] Failed to load resource: net::ERR_CONNECTION_REFUSED @ http://localhost:8099/stream:0
[151985705ms] [ERROR] Failed to load resource: net::ERR_CONNECTION_REFUSED @ http://localhost:8099/stream:0
[151988708ms] [ERROR] Failed to load resource: net::ERR_CONNECTION_REFUSED @ http://localhost:8099/stream:0
[151991712ms] [ERROR] Failed to load resource: net::ERR_CONNECTION_REFUSED @ http://localhost:8099/stream:0
[151994716ms] [ERROR] Failed to load resource: net::ERR_CONNECTION_REFUSED @ http://localhost:8099/stream:0
[151997720ms] [ERROR] Failed to load resource: net::ERR_CONNECTION_REFUSED @ http://localhost:8099/stream:0
[152000723ms] [ERROR] Failed to load resource: net::ERR_CONNECTION_REFUSED @ http://localhost:8099/stream:0
[152003727ms] [ERROR] Failed to load resource: net::ERR_CONNECTION_REFUSED @ http://localhost:8099/stream:0
[152006731ms] [ERROR] Failed to load resource: net::ERR_CONNECTION_REFUSED @ http://localhost:8099/stream:0
[152009734ms] [ERROR] Failed to load resource: net::ERR_CONNECTION_REFUSED @ http://localhost:8099/stream:0
[152012738ms] [ERROR] Failed to load resource: net::ERR_CONNECTION_REFUSED @ http://localhost:8099/stream:0
[152015743ms] [ERROR] Failed to load resource: net::ERR_CONNECTION_REFUSED @ http://localhost:8099/stream:0
[152018745ms] [ERROR] Failed to load resource: net::ERR_CONNECTION_REFUSED @ http://localhost:8099/stream:0
[152021749ms] [ERROR] Failed to load resource: net::ERR_CONNECTION_REFUSED @ http://localhost:8099/stream:0
[152024753ms] [ERROR] Failed to load resource: net::ERR_CONNECTION_REFUSED @ http://localhost:8099/stream:0
[152027756ms] [ERROR] Failed to load resource: net::ERR_CONNECTION_REFUSED @ http://localhost:8099/stream:0
[152030760ms] [ERROR] Failed to load resource: net::ERR_CONNECTION_REFUSED @ http://localhost:8099/stream:0
[152033764ms] [ERROR] Failed to load resource: net::ERR_CONNECTION_REFUSED @ http://localhost:8099/stream:0
[152036768ms] [ERROR] Failed to load resource: net::ERR_CONNECTION_REFUSED @ http://localhost:8099/stream:0
[152039773ms] [ERROR] Failed to load resource: net::ERR_CONNECTION_REFUSED @ http://localhost:8099/stream:0
[152042777ms] [ERROR] Failed to load resource: net::ERR_CONNECTION_REFUSED @ http://localhost:8099/stream:0
[152045781ms] [ERROR] Failed to load resource: net::ERR_CONNECTION_REFUSED @ http://localhost:8099/stream:0
[152048785ms] [ERROR] Failed to load resource: net::ERR_CONNECTION_REFUSED @ http://localhost:8099/stream:0
[152051790ms] [ERROR] Failed to load resource: net::ERR_CONNECTION_REFUSED @ http://localhost:8099/stream:0
[152054795ms] [ERROR] Failed to load resource: net::ERR_CONNECTION_REFUSED @ http://localhost:8099/stream:0
[152057798ms] [ERROR] Failed to load resource: net::ERR_CONNECTION_REFUSED @ http://localhost:8099/stream:0
[152060802ms] [ERROR] Failed to load resource: net::ERR_CONNECTION_REFUSED @ http://localhost:8099/stream:0
[152063809ms] [ERROR] Failed to load resource: net::ERR_CONNECTION_REFUSED @ http://localhost:8099/stream:0
[152066812ms] [ERROR] Failed to load resource: net::ERR_CONNECTION_REFUSED @ http://localhost:8099/stream:0
[152069819ms] [ERROR] Failed to load resource: net::ERR_CONNECTION_REFUSED @ http://localhost:8099/stream:0
[152072822ms] [ERROR] Failed to load resource: net::ERR_CONNECTION_REFUSED @ http://localhost:8099/stream:0
[152075826ms] [ERROR] Failed to load resource: net::ERR_CONNECTION_REFUSED @ http://localhost:8099/stream:0
[152078830ms] [ERROR] Failed to load resource: net::ERR_CONNECTION_REFUSED @ http://localhost:8099/stream:0
[152081839ms] [ERROR] Failed to load resource: net::ERR_CONNECTION_REFUSED @ http://localhost:8099/stream:0
[152084847ms] [ERROR] Failed to load resource: net::ERR_CONNECTION_REFUSED @ http://localhost:8099/stream:0
[152087941ms] [ERROR] Failed to load resource: net::ERR_CONNECTION_REFUSED @ http://localhost:8099/stream:0
[152090943ms] [ERROR] Failed to load resource: net::ERR_CONNECTION_REFUSED @ http://localhost:8099/stream:0
[152402315ms] [ERROR] Failed to load resource: net::ERR_CONNECTION_REFUSED @ http://localhost:8099/stream:0
[152405322ms] [ERROR] Failed to load resource: net::ERR_CONNECTION_REFUSED @ http://localhost:8099/stream:0
[152408329ms] [ERROR] Failed to load resource: net::ERR_CONNECTION_REFUSED @ http://localhost:8099/stream:0
[152411333ms] [ERROR] Failed to load resource: net::ERR_CONNECTION_REFUSED @ http://localhost:8099/stream:0
[152414341ms] [ERROR] Failed to load resource: net::ERR_CONNECTION_REFUSED @ http://localhost:8099/stream:0
[152417346ms] [ERROR] Failed to load resource: net::ERR_CONNECTION_REFUSED @ http://localhost:8099/stream:0
[152420350ms] [ERROR] Failed to load resource: net::ERR_CONNECTION_REFUSED @ http://localhost:8099/stream:0
[152423355ms] [ERROR] Failed to load resource: net::ERR_CONNECTION_REFUSED @ http://localhost:8099/stream:0
[152426359ms] [ERROR] Failed to load resource: net::ERR_CONNECTION_REFUSED @ http://localhost:8099/stream:0
[152429365ms] [ERROR] Failed to load resource: net::ERR_CONNECTION_REFUSED @ http://localhost:8099/stream:0
[152432371ms] [ERROR] Failed to load resource: net::ERR_CONNECTION_REFUSED @ http://localhost:8099/stream:0
[152435379ms] [ERROR] Failed to load resource: net::ERR_CONNECTION_REFUSED @ http://localhost:8099/stream:0
[152438383ms] [ERROR] Failed to load resource: net::ERR_CONNECTION_REFUSED @ http://localhost:8099/stream:0
[152441389ms] [ERROR] Failed to load resource: net::ERR_CONNECTION_REFUSED @ http://localhost:8099/stream:0
[152444394ms] [ERROR] Failed to load resource: net::ERR_CONNECTION_REFUSED @ http://localhost:8099/stream:0
[153348501ms] [ERROR] Failed to load resource: net::ERR_CONNECTION_REFUSED @ http://localhost:8099/stream:0
[153351510ms] [ERROR] Failed to load resource: net::ERR_CONNECTION_REFUSED @ http://localhost:8099/stream:0
[153354514ms] [ERROR] Failed to load resource: net::ERR_CONNECTION_REFUSED @ http://localhost:8099/stream:0
[153357519ms] [ERROR] Failed to load resource: net::ERR_CONNECTION_REFUSED @ http://localhost:8099/stream:0
[153360524ms] [ERROR] Failed to load resource: net::ERR_CONNECTION_REFUSED @ http://localhost:8099/stream:0
[153363529ms] [ERROR] Failed to load resource: net::ERR_CONNECTION_REFUSED @ http://localhost:8099/stream:0
[153366534ms] [ERROR] Failed to load resource: net::ERR_CONNECTION_REFUSED @ http://localhost:8099/stream:0
[153369538ms] [ERROR] Failed to load resource: net::ERR_CONNECTION_REFUSED @ http://localhost:8099/stream:0
[153372544ms] [ERROR] Failed to load resource: net::ERR_CONNECTION_REFUSED @ http://localhost:8099/stream:0
[153375549ms] [ERROR] Failed to load resource: net::ERR_CONNECTION_REFUSED @ http://localhost:8099/stream:0
[153378555ms] [ERROR] Failed to load resource: net::ERR_CONNECTION_REFUSED @ http://localhost:8099/stream:0
[153381559ms] [ERROR] Failed to load resource: net::ERR_CONNECTION_REFUSED @ http://localhost:8099/stream:0
[153384564ms] [ERROR] Failed to load resource: net::ERR_CONNECTION_REFUSED @ http://localhost:8099/stream:0
[153387568ms] [ERROR] Failed to load resource: net::ERR_CONNECTION_REFUSED @ http://localhost:8099/stream:0
[153390573ms] [ERROR] Failed to load resource: net::ERR_CONNECTION_REFUSED @ http://localhost:8099/stream:0
[153393579ms] [ERROR] Failed to load resource: net::ERR_CONNECTION_REFUSED @ http://localhost:8099/stream:0
[153563038ms] [ERROR] Failed to load resource: net::ERR_CONNECTION_REFUSED @ http://localhost:8099/stream:0
[153566042ms] [ERROR] Failed to load resource: net::ERR_CONNECTION_REFUSED @ http://localhost:8099/stream:0
[153569047ms] [ERROR] Failed to load resource: net::ERR_CONNECTION_REFUSED @ http://localhost:8099/stream:0
[153572050ms] [ERROR] Failed to load resource: net::ERR_CONNECTION_REFUSED @ http://localhost:8099/stream:0
[153575056ms] [ERROR] Failed to load resource: net::ERR_CONNECTION_REFUSED @ http://localhost:8099/stream:0
[153578061ms] [ERROR] Failed to load resource: net::ERR_CONNECTION_REFUSED @ http://localhost:8099/stream:0
[153581064ms] [ERROR] Failed to load resource: net::ERR_CONNECTION_REFUSED @ http://localhost:8099/stream:0
[153584069ms] [ERROR] Failed to load resource: net::ERR_CONNECTION_REFUSED @ http://localhost:8099/stream:0
[153587074ms] [ERROR] Failed to load resource: net::ERR_CONNECTION_REFUSED @ http://localhost:8099/stream:0
[153590079ms] [ERROR] Failed to load resource: net::ERR_CONNECTION_REFUSED @ http://localhost:8099/stream:0
[153593083ms] [ERROR] Failed to load resource: net::ERR_CONNECTION_REFUSED @ http://localhost:8099/stream:0
[153596087ms] [ERROR] Failed to load resource: net::ERR_CONNECTION_REFUSED @ http://localhost:8099/stream:0
[153599093ms] [ERROR] Failed to load resource: net::ERR_CONNECTION_REFUSED @ http://localhost:8099/stream:0
[153602098ms] [ERROR] Failed to load resource: net::ERR_CONNECTION_REFUSED @ http://localhost:8099/stream:0
[153605104ms] [ERROR] Failed to load resource: net::ERR_CONNECTION_REFUSED @ http://localhost:8099/stream:0
[153608108ms] [ERROR] Failed to load resource: net::ERR_CONNECTION_REFUSED @ http://localhost:8099/stream:0
[153714040ms] [ERROR] Failed to load resource: net::ERR_CONNECTION_REFUSED @ http://localhost:8099/stream:0
[153717044ms] [ERROR] Failed to load resource: net::ERR_CONNECTION_REFUSED @ http://localhost:8099/stream:0
[153720049ms] [ERROR] Failed to load resource: net::ERR_CONNECTION_REFUSED @ http://localhost:8099/stream:0
[153723052ms] [ERROR] Failed to load resource: net::ERR_CONNECTION_REFUSED @ http://localhost:8099/stream:0
[153726057ms] [ERROR] Failed to load resource: net::ERR_CONNECTION_REFUSED @ http://localhost:8099/stream:0
[153729063ms] [ERROR] Failed to load resource: net::ERR_CONNECTION_REFUSED @ http://localhost:8099/stream:0
[153732069ms] [ERROR] Failed to load resource: net::ERR_CONNECTION_REFUSED @ http://localhost:8099/stream:0
[153735074ms] [ERROR] Failed to load resource: net::ERR_CONNECTION_REFUSED @ http://localhost:8099/stream:0
[153738079ms] [ERROR] Failed to load resource: net::ERR_CONNECTION_REFUSED @ http://localhost:8099/stream:0
[153741085ms] [ERROR] Failed to load resource: net::ERR_CONNECTION_REFUSED @ http://localhost:8099/stream:0
[153744091ms] [ERROR] Failed to load resource: net::ERR_CONNECTION_REFUSED @ http://localhost:8099/stream:0
[153747095ms] [ERROR] Failed to load resource: net::ERR_CONNECTION_REFUSED @ http://localhost:8099/stream:0
[153750099ms] [ERROR] Failed to load resource: net::ERR_CONNECTION_REFUSED @ http://localhost:8099/stream:0
[153753105ms] [ERROR] Failed to load resource: net::ERR_CONNECTION_REFUSED @ http://localhost:8099/stream:0
[153756110ms] [ERROR] Failed to load resource: net::ERR_CONNECTION_REFUSED @ http://localhost:8099/stream:0
[153861221ms] [ERROR] Failed to load resource: net::ERR_CONNECTION_REFUSED @ http://localhost:8099/stream:0
[153864225ms] [ERROR] Failed to load resource: net::ERR_CONNECTION_REFUSED @ http://localhost:8099/stream:0
[153867231ms] [ERROR] Failed to load resource: net::ERR_CONNECTION_REFUSED @ http://localhost:8099/stream:0
[153870236ms] [ERROR] Failed to load resource: net::ERR_CONNECTION_REFUSED @ http://localhost:8099/stream:0
[153873242ms] [ERROR] Failed to load resource: net::ERR_CONNECTION_REFUSED @ http://localhost:8099/stream:0
[153876247ms] [ERROR] Failed to load resource: net::ERR_CONNECTION_REFUSED @ http://localhost:8099/stream:0
[153879252ms] [ERROR] Failed to load resource: net::ERR_CONNECTION_REFUSED @ http://localhost:8099/stream:0
[153882257ms] [ERROR] Failed to load resource: net::ERR_CONNECTION_REFUSED @ http://localhost:8099/stream:0
[153885261ms] [ERROR] Failed to load resource: net::ERR_CONNECTION_REFUSED @ http://localhost:8099/stream:0
[153888265ms] [ERROR] Failed to load resource: net::ERR_CONNECTION_REFUSED @ http://localhost:8099/stream:0
[153891269ms] [ERROR] Failed to load resource: net::ERR_CONNECTION_REFUSED @ http://localhost:8099/stream:0
[153894275ms] [ERROR] Failed to load resource: net::ERR_CONNECTION_REFUSED @ http://localhost:8099/stream:0
[153897280ms] [ERROR] Failed to load resource: net::ERR_CONNECTION_REFUSED @ http://localhost:8099/stream:0
[153900286ms] [ERROR] Failed to load resource: net::ERR_CONNECTION_REFUSED @ http://localhost:8099/stream:0
[153903291ms] [ERROR] Failed to load resource: net::ERR_CONNECTION_REFUSED @ http://localhost:8099/stream:0
[153906299ms] [ERROR] Failed to load resource: net::ERR_CONNECTION_REFUSED @ http://localhost:8099/stream:0
[154007705ms] [ERROR] Failed to load resource: net::ERR_CONNECTION_REFUSED @ http://localhost:8099/stream:0
[154010711ms] [ERROR] Failed to load resource: net::ERR_CONNECTION_REFUSED @ http://localhost:8099/stream:0
[154013715ms] [ERROR] Failed to load resource: net::ERR_CONNECTION_REFUSED @ http://localhost:8099/stream:0
[154016721ms] [ERROR] Failed to load resource: net::ERR_CONNECTION_REFUSED @ http://localhost:8099/stream:0
[154019726ms] [ERROR] Failed to load resource: net::ERR_CONNECTION_REFUSED @ http://localhost:8099/stream:0
[154022732ms] [ERROR] Failed to load resource: net::ERR_CONNECTION_REFUSED @ http://localhost:8099/stream:0
[154025737ms] [ERROR] Failed to load resource: net::ERR_CONNECTION_REFUSED @ http://localhost:8099/stream:0
[154028743ms] [ERROR] Failed to load resource: net::ERR_CONNECTION_REFUSED @ http://localhost:8099/stream:0
[154031748ms] [ERROR] Failed to load resource: net::ERR_CONNECTION_REFUSED @ http://localhost:8099/stream:0
[154034751ms] [ERROR] Failed to load resource: net::ERR_CONNECTION_REFUSED @ http://localhost:8099/stream:0
[154037757ms] [ERROR] Failed to load resource: net::ERR_CONNECTION_REFUSED @ http://localhost:8099/stream:0
[154040761ms] [ERROR] Failed to load resource: net::ERR_CONNECTION_REFUSED @ http://localhost:8099/stream:0
[154043765ms] [ERROR] Failed to load resource: net::ERR_CONNECTION_REFUSED @ http://localhost:8099/stream:0
[154046769ms] [ERROR] Failed to load resource: net::ERR_CONNECTION_REFUSED @ http://localhost:8099/stream:0
[154049775ms] [ERROR] Failed to load resource: net::ERR_CONNECTION_REFUSED @ http://localhost:8099/stream:0
[154052781ms] [ERROR] Failed to load resource: net::ERR_CONNECTION_REFUSED @ http://localhost:8099/stream:0
[154153320ms] [ERROR] Failed to load resource: net::ERR_CONNECTION_REFUSED @ http://localhost:8099/stream:0
[154156325ms] [ERROR] Failed to load resource: net::ERR_CONNECTION_REFUSED @ http://localhost:8099/stream:0
[154159330ms] [ERROR] Failed to load resource: net::ERR_CONNECTION_REFUSED @ http://localhost:8099/stream:0
[154162335ms] [ERROR] Failed to load resource: net::ERR_CONNECTION_REFUSED @ http://localhost:8099/stream:0
[154165340ms] [ERROR] Failed to load resource: net::ERR_CONNECTION_REFUSED @ http://localhost:8099/stream:0
[154168345ms] [ERROR] Failed to load resource: net::ERR_CONNECTION_REFUSED @ http://localhost:8099/stream:0
[154171351ms] [ERROR] Failed to load resource: net::ERR_CONNECTION_REFUSED @ http://localhost:8099/stream:0
[154174357ms] [ERROR] Failed to load resource: net::ERR_CONNECTION_REFUSED @ http://localhost:8099/stream:0
[154177361ms] [ERROR] Failed to load resource: net::ERR_CONNECTION_REFUSED @ http://localhost:8099/stream:0
[154180367ms] [ERROR] Failed to load resource: net::ERR_CONNECTION_REFUSED @ http://localhost:8099/stream:0
[154183372ms] [ERROR] Failed to load resource: net::ERR_CONNECTION_REFUSED @ http://localhost:8099/stream:0
[154186377ms] [ERROR] Failed to load resource: net::ERR_CONNECTION_REFUSED @ http://localhost:8099/stream:0
[154189383ms] [ERROR] Failed to load resource: net::ERR_CONNECTION_REFUSED @ http://localhost:8099/stream:0
[154192388ms] [ERROR] Failed to load resource: net::ERR_CONNECTION_REFUSED @ http://localhost:8099/stream:0
[154195394ms] [ERROR] Failed to load resource: net::ERR_CONNECTION_REFUSED @ http://localhost:8099/stream:0
[154306106ms] [ERROR] Failed to load resource: net::ERR_CONNECTION_REFUSED @ http://localhost:8099/stream:0
[154309113ms] [ERROR] Failed to load resource: net::ERR_CONNECTION_REFUSED @ http://localhost:8099/stream:0
[154312117ms] [ERROR] Failed to load resource: net::ERR_CONNECTION_REFUSED @ http://localhost:8099/stream:0
[154315120ms] [ERROR] Failed to load resource: net::ERR_CONNECTION_REFUSED @ http://localhost:8099/stream:0
[154318124ms] [ERROR] Failed to load resource: net::ERR_CONNECTION_REFUSED @ http://localhost:8099/stream:0
[154321129ms] [ERROR] Failed to load resource: net::ERR_CONNECTION_REFUSED @ http://localhost:8099/stream:0
[154324135ms] [ERROR] Failed to load resource: net::ERR_CONNECTION_REFUSED @ http://localhost:8099/stream:0
[154327140ms] [ERROR] Failed to load resource: net::ERR_CONNECTION_REFUSED @ http://localhost:8099/stream:0
[154330144ms] [ERROR] Failed to load resource: net::ERR_CONNECTION_REFUSED @ http://localhost:8099/stream:0
[154333150ms] [ERROR] Failed to load resource: net::ERR_CONNECTION_REFUSED @ http://localhost:8099/stream:0
[154336157ms] [ERROR] Failed to load resource: net::ERR_CONNECTION_REFUSED @ http://localhost:8099/stream:0
[154339161ms] [ERROR] Failed to load resource: net::ERR_CONNECTION_REFUSED @ http://localhost:8099/stream:0
[154342166ms] [ERROR] Failed to load resource: net::ERR_CONNECTION_REFUSED @ http://localhost:8099/stream:0
[154345170ms] [ERROR] Failed to load resource: net::ERR_CONNECTION_REFUSED @ http://localhost:8099/stream:0
[154348175ms] [ERROR] Failed to load resource: net::ERR_CONNECTION_REFUSED @ http://localhost:8099/stream:0
[154351180ms] [ERROR] Failed to load resource: net::ERR_CONNECTION_REFUSED @ http://localhost:8099/stream:0
[154424838ms] [ERROR] Failed to load resource: net::ERR_CONNECTION_REFUSED @ http://localhost:8099/stream:0
[154427842ms] [ERROR] Failed to load resource: net::ERR_CONNECTION_REFUSED @ http://localhost:8099/stream:0
[154430848ms] [ERROR] Failed to load resource: net::ERR_CONNECTION_REFUSED @ http://localhost:8099/stream:0
[154433853ms] [ERROR] Failed to load resource: net::ERR_CONNECTION_REFUSED @ http://localhost:8099/stream:0
[154436858ms] [ERROR] Failed to load resource: net::ERR_CONNECTION_REFUSED @ http://localhost:8099/stream:0
[154439862ms] [ERROR] Failed to load resource: net::ERR_CONNECTION_REFUSED @ http://localhost:8099/stream:0
[154442866ms] [ERROR] Failed to load resource: net::ERR_CONNECTION_REFUSED @ http://localhost:8099/stream:0
[154445872ms] [ERROR] Failed to load resource: net::ERR_CONNECTION_REFUSED @ http://localhost:8099/stream:0
[154448877ms] [ERROR] Failed to load resource: net::ERR_CONNECTION_REFUSED @ http://localhost:8099/stream:0
[154451880ms] [ERROR] Failed to load resource: net::ERR_CONNECTION_REFUSED @ http://localhost:8099/stream:0
[154454884ms] [ERROR] Failed to load resource: net::ERR_CONNECTION_REFUSED @ http://localhost:8099/stream:0
[154457887ms] [ERROR] Failed to load resource: net::ERR_CONNECTION_REFUSED @ http://localhost:8099/stream:0
[154460891ms] [ERROR] Failed to load resource: net::ERR_CONNECTION_REFUSED @ http://localhost:8099/stream:0
[154463895ms] [ERROR] Failed to load resource: net::ERR_CONNECTION_REFUSED @ http://localhost:8099/stream:0
[154466900ms] [ERROR] Failed to load resource: net::ERR_CONNECTION_REFUSED @ http://localhost:8099/stream:0
[154469903ms] [ERROR] Failed to load resource: net::ERR_CONNECTION_REFUSED @ http://localhost:8099/stream:0
[154638632ms] [ERROR] Failed to load resource: net::ERR_CONNECTION_REFUSED @ http://localhost:8099/stream:0
[154641636ms] [ERROR] Failed to load resource: net::ERR_CONNECTION_REFUSED @ http://localhost:8099/stream:0
[154644641ms] [ERROR] Failed to load resource: net::ERR_CONNECTION_REFUSED @ http://localhost:8099/stream:0
[154647645ms] [ERROR] Failed to load resource: net::ERR_CONNECTION_REFUSED @ http://localhost:8099/stream:0
[154650651ms] [ERROR] Failed to load resource: net::ERR_CONNECTION_REFUSED @ http://localhost:8099/stream:0
[154653655ms] [ERROR] Failed to load resource: net::ERR_CONNECTION_REFUSED @ http://localhost:8099/stream:0
[154656658ms] [ERROR] Failed to load resource: net::ERR_CONNECTION_REFUSED @ http://localhost:8099/stream:0
[154659661ms] [ERROR] Failed to load resource: net::ERR_CONNECTION_REFUSED @ http://localhost:8099/stream:0
[154662666ms] [ERROR] Failed to load resource: net::ERR_CONNECTION_REFUSED @ http://localhost:8099/stream:0
[154665670ms] [ERROR] Failed to load resource: net::ERR_CONNECTION_REFUSED @ http://localhost:8099/stream:0
[154668674ms] [ERROR] Failed to load resource: net::ERR_CONNECTION_REFUSED @ http://localhost:8099/stream:0
[154671680ms] [ERROR] Failed to load resource: net::ERR_CONNECTION_REFUSED @ http://localhost:8099/stream:0
[154674685ms] [ERROR] Failed to load resource: net::ERR_CONNECTION_REFUSED @ http://localhost:8099/stream:0
[154677690ms] [ERROR] Failed to load resource: net::ERR_CONNECTION_REFUSED @ http://localhost:8099/stream:0
[154680692ms] [ERROR] Failed to load resource: net::ERR_CONNECTION_REFUSED @ http://localhost:8099/stream:0
[155584635ms] [ERROR] Failed to load resource: net::ERR_CONNECTION_REFUSED @ http://localhost:8099/stream:0
[155587643ms] [ERROR] Failed to load resource: net::ERR_CONNECTION_REFUSED @ http://localhost:8099/stream:0
[155590647ms] [ERROR] Failed to load resource: net::ERR_CONNECTION_REFUSED @ http://localhost:8099/stream:0
[155593651ms] [ERROR] Failed to load resource: net::ERR_CONNECTION_REFUSED @ http://localhost:8099/stream:0
[155596656ms] [ERROR] Failed to load resource: net::ERR_CONNECTION_REFUSED @ http://localhost:8099/stream:0
[155599661ms] [ERROR] Failed to load resource: net::ERR_CONNECTION_REFUSED @ http://localhost:8099/stream:0
[155602666ms] [ERROR] Failed to load resource: net::ERR_CONNECTION_REFUSED @ http://localhost:8099/stream:0
[155605671ms] [ERROR] Failed to load resource: net::ERR_CONNECTION_REFUSED @ http://localhost:8099/stream:0
[155608677ms] [ERROR] Failed to load resource: net::ERR_CONNECTION_REFUSED @ http://localhost:8099/stream:0
[155611681ms] [ERROR] Failed to load resource: net::ERR_CONNECTION_REFUSED @ http://localhost:8099/stream:0
[155614684ms] [ERROR] Failed to load resource: net::ERR_CONNECTION_REFUSED @ http://localhost:8099/stream:0
[155617688ms] [ERROR] Failed to load resource: net::ERR_CONNECTION_REFUSED @ http://localhost:8099/stream:0
[155620694ms] [ERROR] Failed to load resource: net::ERR_CONNECTION_REFUSED @ http://localhost:8099/stream:0
[155623698ms] [ERROR] Failed to load resource: net::ERR_CONNECTION_REFUSED @ http://localhost:8099/stream:0
[155626703ms] [ERROR] Failed to load resource: net::ERR_CONNECTION_REFUSED @ http://localhost:8099/stream:0
[155629708ms] [ERROR] Failed to load resource: net::ERR_CONNECTION_REFUSED @ http://localhost:8099/stream:0
[155692538ms] [ERROR] Failed to load resource: net::ERR_CONNECTION_REFUSED @ http://localhost:8099/stream:0
[155695543ms] [ERROR] Failed to load resource: net::ERR_CONNECTION_REFUSED @ http://localhost:8099/stream:0
[155698548ms] [ERROR] Failed to load resource: net::ERR_CONNECTION_REFUSED @ http://localhost:8099/stream:0
[155701553ms] [ERROR] Failed to load resource: net::ERR_CONNECTION_REFUSED @ http://localhost:8099/stream:0
[155704559ms] [ERROR] Failed to load resource: net::ERR_CONNECTION_REFUSED @ http://localhost:8099/stream:0
[155707565ms] [ERROR] Failed to load resource: net::ERR_CONNECTION_REFUSED @ http://localhost:8099/stream:0
[155710569ms] [ERROR] Failed to load resource: net::ERR_CONNECTION_REFUSED @ http://localhost:8099/stream:0
[155713573ms] [ERROR] Failed to load resource: net::ERR_CONNECTION_REFUSED @ http://localhost:8099/stream:0
[155716578ms] [ERROR] Failed to load resource: net::ERR_CONNECTION_REFUSED @ http://localhost:8099/stream:0
[155719584ms] [ERROR] Failed to load resource: net::ERR_CONNECTION_REFUSED @ http://localhost:8099/stream:0
[155722588ms] [ERROR] Failed to load resource: net::ERR_CONNECTION_REFUSED @ http://localhost:8099/stream:0
[155725592ms] [ERROR] Failed to load resource: net::ERR_CONNECTION_REFUSED @ http://localhost:8099/stream:0
[155728596ms] [ERROR] Failed to load resource: net::ERR_CONNECTION_REFUSED @ http://localhost:8099/stream:0
[155731601ms] [ERROR] Failed to load resource: net::ERR_CONNECTION_REFUSED @ http://localhost:8099/stream:0
[155734607ms] [ERROR] Failed to load resource: net::ERR_CONNECTION_REFUSED @ http://localhost:8099/stream:0
[155737611ms] [ERROR] Failed to load resource: net::ERR_CONNECTION_REFUSED @ http://localhost:8099/stream:0
[155807719ms] [ERROR] Failed to load resource: net::ERR_CONNECTION_REFUSED @ http://localhost:8099/stream:0
[155810723ms] [ERROR] Failed to load resource: net::ERR_CONNECTION_REFUSED @ http://localhost:8099/stream:0
[155813727ms] [ERROR] Failed to load resource: net::ERR_CONNECTION_REFUSED @ http://localhost:8099/stream:0
[155816731ms] [ERROR] Failed to load resource: net::ERR_CONNECTION_REFUSED @ http://localhost:8099/stream:0
[155819735ms] [ERROR] Failed to load resource: net::ERR_CONNECTION_REFUSED @ http://localhost:8099/stream:0
[155822741ms] [ERROR] Failed to load resource: net::ERR_CONNECTION_REFUSED @ http://localhost:8099/stream:0
[155825747ms] [ERROR] Failed to load resource: net::ERR_CONNECTION_REFUSED @ http://localhost:8099/stream:0
[155828752ms] [ERROR] Failed to load resource: net::ERR_CONNECTION_REFUSED @ http://localhost:8099/stream:0
[155831756ms] [ERROR] Failed to load resource: net::ERR_CONNECTION_REFUSED @ http://localhost:8099/stream:0
[155834760ms] [ERROR] Failed to load resource: net::ERR_CONNECTION_REFUSED @ http://localhost:8099/stream:0
[155837765ms] [ERROR] Failed to load resource: net::ERR_CONNECTION_REFUSED @ http://localhost:8099/stream:0
[155840770ms] [ERROR] Failed to load resource: net::ERR_CONNECTION_REFUSED @ http://localhost:8099/stream:0
[155843776ms] [ERROR] Failed to load resource: net::ERR_CONNECTION_REFUSED @ http://localhost:8099/stream:0
[155846779ms] [ERROR] Failed to load resource: net::ERR_CONNECTION_REFUSED @ http://localhost:8099/stream:0
[155849786ms] [ERROR] Failed to load resource: net::ERR_CONNECTION_REFUSED @ http://localhost:8099/stream:0
[155948519ms] [ERROR] Failed to load resource: net::ERR_CONNECTION_REFUSED @ http://localhost:8099/stream:0
[155951524ms] [ERROR] Failed to load resource: net::ERR_CONNECTION_REFUSED @ http://localhost:8099/stream:0
[155954530ms] [ERROR] Failed to load resource: net::ERR_CONNECTION_REFUSED @ http://localhost:8099/stream:0
[155957535ms] [ERROR] Failed to load resource: net::ERR_CONNECTION_REFUSED @ http://localhost:8099/stream:0
[155960541ms] [ERROR] Failed to load resource: net::ERR_CONNECTION_REFUSED @ http://localhost:8099/stream:0
[155963545ms] [ERROR] Failed to load resource: net::ERR_CONNECTION_REFUSED @ http://localhost:8099/stream:0
[155966549ms] [ERROR] Failed to load resource: net::ERR_CONNECTION_REFUSED @ http://localhost:8099/stream:0
[155969552ms] [ERROR] Failed to load resource: net::ERR_CONNECTION_REFUSED @ http://localhost:8099/stream:0
[155972556ms] [ERROR] Failed to load resource: net::ERR_CONNECTION_REFUSED @ http://localhost:8099/stream:0
[155975559ms] [ERROR] Failed to load resource: net::ERR_CONNECTION_REFUSED @ http://localhost:8099/stream:0
[155978565ms] [ERROR] Failed to load resource: net::ERR_CONNECTION_REFUSED @ http://localhost:8099/stream:0
[155981571ms] [ERROR] Failed to load resource: net::ERR_CONNECTION_REFUSED @ http://localhost:8099/stream:0
[155984576ms] [ERROR] Failed to load resource: net::ERR_CONNECTION_REFUSED @ http://localhost:8099/stream:0
[155987582ms] [ERROR] Failed to load resource: net::ERR_CONNECTION_REFUSED @ http://localhost:8099/stream:0
[155990587ms] [ERROR] Failed to load resource: net::ERR_CONNECTION_REFUSED @ http://localhost:8099/stream:0
[155993591ms] [ERROR] Failed to load resource: net::ERR_CONNECTION_REFUSED @ http://localhost:8099/stream:0
[156067440ms] [ERROR] Failed to load resource: net::ERR_CONNECTION_REFUSED @ http://localhost:8099/stream:0
[156070445ms] [ERROR] Failed to load resource: net::ERR_CONNECTION_REFUSED @ http://localhost:8099/stream:0
[156073449ms] [ERROR] Failed to load resource: net::ERR_CONNECTION_REFUSED @ http://localhost:8099/stream:0
[156076455ms] [ERROR] Failed to load resource: net::ERR_CONNECTION_REFUSED @ http://localhost:8099/stream:0
[156079461ms] [ERROR] Failed to load resource: net::ERR_CONNECTION_REFUSED @ http://localhost:8099/stream:0
[156082465ms] [ERROR] Failed to load resource: net::ERR_CONNECTION_REFUSED @ http://localhost:8099/stream:0
[156085470ms] [ERROR] Failed to load resource: net::ERR_CONNECTION_REFUSED @ http://localhost:8099/stream:0
[156088476ms] [ERROR] Failed to load resource: net::ERR_CONNECTION_REFUSED @ http://localhost:8099/stream:0
[156091481ms] [ERROR] Failed to load resource: net::ERR_CONNECTION_REFUSED @ http://localhost:8099/stream:0
[156094487ms] [ERROR] Failed to load resource: net::ERR_CONNECTION_REFUSED @ http://localhost:8099/stream:0
[156097492ms] [ERROR] Failed to load resource: net::ERR_CONNECTION_REFUSED @ http://localhost:8099/stream:0
[156100498ms] [ERROR] Failed to load resource: net::ERR_CONNECTION_REFUSED @ http://localhost:8099/stream:0
[156103504ms] [ERROR] Failed to load resource: net::ERR_CONNECTION_REFUSED @ http://localhost:8099/stream:0
[156106509ms] [ERROR] Failed to load resource: net::ERR_CONNECTION_REFUSED @ http://localhost:8099/stream:0
[156109513ms] [ERROR] Failed to load resource: net::ERR_CONNECTION_REFUSED @ http://localhost:8099/stream:0
[156112519ms] [ERROR] Failed to load resource: net::ERR_CONNECTION_REFUSED @ http://localhost:8099/stream:0
[156214009ms] [ERROR] Failed to load resource: net::ERR_CONNECTION_REFUSED @ http://localhost:8099/stream:0
[156217015ms] [ERROR] Failed to load resource: net::ERR_CONNECTION_REFUSED @ http://localhost:8099/stream:0
[156220020ms] [ERROR] Failed to load resource: net::ERR_CONNECTION_REFUSED @ http://localhost:8099/stream:0
[156223024ms] [ERROR] Failed to load resource: net::ERR_CONNECTION_REFUSED @ http://localhost:8099/stream:0
[156226030ms] [ERROR] Failed to load resource: net::ERR_CONNECTION_REFUSED @ http://localhost:8099/stream:0
[156229035ms] [ERROR] Failed to load resource: net::ERR_CONNECTION_REFUSED @ http://localhost:8099/stream:0
[156232041ms] [ERROR] Failed to load resource: net::ERR_CONNECTION_REFUSED @ http://localhost:8099/stream:0
[156235045ms] [ERROR] Failed to load resource: net::ERR_CONNECTION_REFUSED @ http://localhost:8099/stream:0
[156238051ms] [ERROR] Failed to load resource: net::ERR_CONNECTION_REFUSED @ http://localhost:8099/stream:0
[156241057ms] [ERROR] Failed to load resource: net::ERR_CONNECTION_REFUSED @ http://localhost:8099/stream:0
[156244061ms] [ERROR] Failed to load resource: net::ERR_CONNECTION_REFUSED @ http://localhost:8099/stream:0
[156247067ms] [ERROR] Failed to load resource: net::ERR_CONNECTION_REFUSED @ http://localhost:8099/stream:0
[156250071ms] [ERROR] Failed to load resource: net::ERR_CONNECTION_REFUSED @ http://localhost:8099/stream:0
[156253077ms] [ERROR] Failed to load resource: net::ERR_CONNECTION_REFUSED @ http://localhost:8099/stream:0
[156256081ms] [ERROR] Failed to load resource: net::ERR_CONNECTION_REFUSED @ http://localhost:8099/stream:0
[156361093ms] [ERROR] Failed to load resource: net::ERR_CONNECTION_REFUSED @ http://localhost:8099/stream:0
[156364099ms] [ERROR] Failed to load resource: net::ERR_CONNECTION_REFUSED @ http://localhost:8099/stream:0
[156367103ms] [ERROR] Failed to load resource: net::ERR_CONNECTION_REFUSED @ http://localhost:8099/stream:0
[156370108ms] [ERROR] Failed to load resource: net::ERR_CONNECTION_REFUSED @ http://localhost:8099/stream:0
[156373115ms] [ERROR] Failed to load resource: net::ERR_CONNECTION_REFUSED @ http://localhost:8099/stream:0
[156376119ms] [ERROR] Failed to load resource: net::ERR_CONNECTION_REFUSED @ http://localhost:8099/stream:0
[156379125ms] [ERROR] Failed to load resource: net::ERR_CONNECTION_REFUSED @ http://localhost:8099/stream:0
[156382130ms] [ERROR] Failed to load resource: net::ERR_CONNECTION_REFUSED @ http://localhost:8099/stream:0
[156385136ms] [ERROR] Failed to load resource: net::ERR_CONNECTION_REFUSED @ http://localhost:8099/stream:0
[156388142ms] [ERROR] Failed to load resource: net::ERR_CONNECTION_REFUSED @ http://localhost:8099/stream:0
[156391146ms] [ERROR] Failed to load resource: net::ERR_CONNECTION_REFUSED @ http://localhost:8099/stream:0
[156394150ms] [ERROR] Failed to load resource: net::ERR_CONNECTION_REFUSED @ http://localhost:8099/stream:0
[156397154ms] [ERROR] Failed to load resource: net::ERR_CONNECTION_REFUSED @ http://localhost:8099/stream:0
[156400160ms] [ERROR] Failed to load resource: net::ERR_CONNECTION_REFUSED @ http://localhost:8099/stream:0
[156403164ms] [ERROR] Failed to load resource: net::ERR_CONNECTION_REFUSED @ http://localhost:8099/stream:0
[156406171ms] [ERROR] Failed to load resource: net::ERR_CONNECTION_REFUSED @ http://localhost:8099/stream:0
[156811699ms] [ERROR] Failed to load resource: net::ERR_CONNECTION_REFUSED @ http://localhost:8099/stream:0
[156814705ms] [ERROR] Failed to load resource: net::ERR_CONNECTION_REFUSED @ http://localhost:8099/stream:0
[156817713ms] [ERROR] Failed to load resource: net::ERR_CONNECTION_REFUSED @ http://localhost:8099/stream:0
[156820717ms] [ERROR] Failed to load resource: net::ERR_CONNECTION_REFUSED @ http://localhost:8099/stream:0
[156823720ms] [ERROR] Failed to load resource: net::ERR_CONNECTION_REFUSED @ http://localhost:8099/stream:0
[156826724ms] [ERROR] Failed to load resource: net::ERR_CONNECTION_REFUSED @ http://localhost:8099/stream:0
[156829728ms] [ERROR] Failed to load resource: net::ERR_CONNECTION_REFUSED @ http://localhost:8099/stream:0
[156832731ms] [ERROR] Failed to load resource: net::ERR_CONNECTION_REFUSED @ http://localhost:8099/stream:0
[156835737ms] [ERROR] Failed to load resource: net::ERR_CONNECTION_REFUSED @ http://localhost:8099/stream:0
[156838742ms] [ERROR] Failed to load resource: net::ERR_CONNECTION_REFUSED @ http://localhost:8099/stream:0
[156841747ms] [ERROR] Failed to load resource: net::ERR_CONNECTION_REFUSED @ http://localhost:8099/stream:0
[156844751ms] [ERROR] Failed to load resource: net::ERR_CONNECTION_REFUSED @ http://localhost:8099/stream:0
[156847757ms] [ERROR] Failed to load resource: net::ERR_CONNECTION_REFUSED @ http://localhost:8099/stream:0
[156850762ms] [ERROR] Failed to load resource: net::ERR_CONNECTION_REFUSED @ http://localhost:8099/stream:0
[156853768ms] [ERROR] Failed to load resource: net::ERR_CONNECTION_REFUSED @ http://localhost:8099/stream:0
[156856773ms] [ERROR] Failed to load resource: net::ERR_CONNECTION_REFUSED @ http://localhost:8099/stream:0
[156918441ms] [ERROR] Failed to load resource: net::ERR_CONNECTION_REFUSED @ http://localhost:8099/stream:0
[156921446ms] [ERROR] Failed to load resource: net::ERR_CONNECTION_REFUSED @ http://localhost:8099/stream:0
[156924452ms] [ERROR] Failed to load resource: net::ERR_CONNECTION_REFUSED @ http://localhost:8099/stream:0
[156927456ms] [ERROR] Failed to load resource: net::ERR_CONNECTION_REFUSED @ http://localhost:8099/stream:0
[156930462ms] [ERROR] Failed to load resource: net::ERR_CONNECTION_REFUSED @ http://localhost:8099/stream:0
[156933468ms] [ERROR] Failed to load resource: net::ERR_CONNECTION_REFUSED @ http://localhost:8099/stream:0
[156936473ms] [ERROR] Failed to load resource: net::ERR_CONNECTION_REFUSED @ http://localhost:8099/stream:0
[156939479ms] [ERROR] Failed to load resource: net::ERR_CONNECTION_REFUSED @ http://localhost:8099/stream:0
[156942484ms] [ERROR] Failed to load resource: net::ERR_CONNECTION_REFUSED @ http://localhost:8099/stream:0
[156945489ms] [ERROR] Failed to load resource: net::ERR_CONNECTION_REFUSED @ http://localhost:8099/stream:0
[156948494ms] [ERROR] Failed to load resource: net::ERR_CONNECTION_REFUSED @ http://localhost:8099/stream:0
[156951500ms] [ERROR] Failed to load resource: net::ERR_CONNECTION_REFUSED @ http://localhost:8099/stream:0
[156954505ms] [ERROR] Failed to load resource: net::ERR_CONNECTION_REFUSED @ http://localhost:8099/stream:0
[156957511ms] [ERROR] Failed to load resource: net::ERR_CONNECTION_REFUSED @ http://localhost:8099/stream:0
[156960516ms] [ERROR] Failed to load resource: net::ERR_CONNECTION_REFUSED @ http://localhost:8099/stream:0
[157065563ms] [ERROR] Failed to load resource: net::ERR_CONNECTION_REFUSED @ http://localhost:8099/stream:0
[157068568ms] [ERROR] Failed to load resource: net::ERR_CONNECTION_REFUSED @ http://localhost:8099/stream:0
[157071573ms] [ERROR] Failed to load resource: net::ERR_CONNECTION_REFUSED @ http://localhost:8099/stream:0
[157074577ms] [ERROR] Failed to load resource: net::ERR_CONNECTION_REFUSED @ http://localhost:8099/stream:0
[157077581ms] [ERROR] Failed to load resource: net::ERR_CONNECTION_REFUSED @ http://localhost:8099/stream:0
[157080587ms] [ERROR] Failed to load resource: net::ERR_CONNECTION_REFUSED @ http://localhost:8099/stream:0
[157083594ms] [ERROR] Failed to load resource: net::ERR_CONNECTION_REFUSED @ http://localhost:8099/stream:0
[157086599ms] [ERROR] Failed to load resource: net::ERR_CONNECTION_REFUSED @ http://localhost:8099/stream:0
[157089604ms] [ERROR] Failed to load resource: net::ERR_CONNECTION_REFUSED @ http://localhost:8099/stream:0
[157092609ms] [ERROR] Failed to load resource: net::ERR_CONNECTION_REFUSED @ http://localhost:8099/stream:0
[157095613ms] [ERROR] Failed to load resource: net::ERR_CONNECTION_REFUSED @ http://localhost:8099/stream:0
[157098616ms] [ERROR] Failed to load resource: net::ERR_CONNECTION_REFUSED @ http://localhost:8099/stream:0
[157101621ms] [ERROR] Failed to load resource: net::ERR_CONNECTION_REFUSED @ http://localhost:8099/stream:0
[157104628ms] [ERROR] Failed to load resource: net::ERR_CONNECTION_REFUSED @ http://localhost:8099/stream:0
[157107633ms] [ERROR] Failed to load resource: net::ERR_CONNECTION_REFUSED @ http://localhost:8099/stream:0
[157110638ms] [ERROR] Failed to load resource: net::ERR_CONNECTION_REFUSED @ http://localhost:8099/stream:0
[157215655ms] [ERROR] Failed to load resource: net::ERR_CONNECTION_REFUSED @ http://localhost:8099/stream:0
[157218660ms] [ERROR] Failed to load resource: net::ERR_CONNECTION_REFUSED @ http://localhost:8099/stream:0
[157221666ms] [ERROR] Failed to load resource: net::ERR_CONNECTION_REFUSED @ http://localhost:8099/stream:0
[157224669ms] [ERROR] Failed to load resource: net::ERR_CONNECTION_REFUSED @ http://localhost:8099/stream:0
[157227675ms] [ERROR] Failed to load resource: net::ERR_CONNECTION_REFUSED @ http://localhost:8099/stream:0
[157230680ms] [ERROR] Failed to load resource: net::ERR_CONNECTION_REFUSED @ http://localhost:8099/stream:0
[157233685ms] [ERROR] Failed to load resource: net::ERR_CONNECTION_REFUSED @ http://localhost:8099/stream:0
[157236691ms] [ERROR] Failed to load resource: net::ERR_CONNECTION_REFUSED @ http://localhost:8099/stream:0
[157239697ms] [ERROR] Failed to load resource: net::ERR_CONNECTION_REFUSED @ http://localhost:8099/stream:0
[157242702ms] [ERROR] Failed to load resource: net::ERR_CONNECTION_REFUSED @ http://localhost:8099/stream:0
[157245707ms] [ERROR] Failed to load resource: net::ERR_CONNECTION_REFUSED @ http://localhost:8099/stream:0
[157248712ms] [ERROR] Failed to load resource: net::ERR_CONNECTION_REFUSED @ http://localhost:8099/stream:0
[157251717ms] [ERROR] Failed to load resource: net::ERR_CONNECTION_REFUSED @ http://localhost:8099/stream:0
[157254722ms] [ERROR] Failed to load resource: net::ERR_CONNECTION_REFUSED @ http://localhost:8099/stream:0
[157257726ms] [ERROR] Failed to load resource: net::ERR_CONNECTION_REFUSED @ http://localhost:8099/stream:0
[157260730ms] [ERROR] Failed to load resource: net::ERR_CONNECTION_REFUSED @ http://localhost:8099/stream:0
[157457038ms] [ERROR] Failed to load resource: net::ERR_CONNECTION_REFUSED @ http://localhost:8099/stream:0
[157460043ms] [ERROR] Failed to load resource: net::ERR_CONNECTION_REFUSED @ http://localhost:8099/stream:0
[157463046ms] [ERROR] Failed to load resource: net::ERR_CONNECTION_REFUSED @ http://localhost:8099/stream:0
[157466052ms] [ERROR] Failed to load resource: net::ERR_CONNECTION_REFUSED @ http://localhost:8099/stream:0
[157469058ms] [ERROR] Failed to load resource: net::ERR_CONNECTION_REFUSED @ http://localhost:8099/stream:0
[157472063ms] [ERROR] Failed to load resource: net::ERR_CONNECTION_REFUSED @ http://localhost:8099/stream:0
[157475068ms] [ERROR] Failed to load resource: net::ERR_CONNECTION_REFUSED @ http://localhost:8099/stream:0
[157478073ms] [ERROR] Failed to load resource: net::ERR_CONNECTION_REFUSED @ http://localhost:8099/stream:0
[157481080ms] [ERROR] Failed to load resource: net::ERR_CONNECTION_REFUSED @ http://localhost:8099/stream:0
[157484085ms] [ERROR] Failed to load resource: net::ERR_CONNECTION_REFUSED @ http://localhost:8099/stream:0
[157487091ms] [ERROR] Failed to load resource: net::ERR_CONNECTION_REFUSED @ http://localhost:8099/stream:0
[157490095ms] [ERROR] Failed to load resource: net::ERR_CONNECTION_REFUSED @ http://localhost:8099/stream:0
[157493100ms] [ERROR] Failed to load resource: net::ERR_CONNECTION_REFUSED @ http://localhost:8099/stream:0
[157496105ms] [ERROR] Failed to load resource: net::ERR_CONNECTION_REFUSED @ http://localhost:8099/stream:0
[157499109ms] [ERROR] Failed to load resource: net::ERR_CONNECTION_REFUSED @ http://localhost:8099/stream:0
[157859478ms] [ERROR] Failed to load resource: net::ERR_CONNECTION_REFUSED @ http://localhost:8099/stream:0
[157862485ms] [ERROR] Failed to load resource: net::ERR_CONNECTION_REFUSED @ http://localhost:8099/stream:0
[157865490ms] [ERROR] Failed to load resource: net::ERR_CONNECTION_REFUSED @ http://localhost:8099/stream:0
[157868495ms] [ERROR] Failed to load resource: net::ERR_CONNECTION_REFUSED @ http://localhost:8099/stream:0
[157871499ms] [ERROR] Failed to load resource: net::ERR_CONNECTION_REFUSED @ http://localhost:8099/stream:0
[157874504ms] [ERROR] Failed to load resource: net::ERR_CONNECTION_REFUSED @ http://localhost:8099/stream:0
[157877508ms] [ERROR] Failed to load resource: net::ERR_CONNECTION_REFUSED @ http://localhost:8099/stream:0
[157880513ms] [ERROR] Failed to load resource: net::ERR_CONNECTION_REFUSED @ http://localhost:8099/stream:0
[157883518ms] [ERROR] Failed to load resource: net::ERR_CONNECTION_REFUSED @ http://localhost:8099/stream:0
[157886523ms] [ERROR] Failed to load resource: net::ERR_CONNECTION_REFUSED @ http://localhost:8099/stream:0
[157889527ms] [ERROR] Failed to load resource: net::ERR_CONNECTION_REFUSED @ http://localhost:8099/stream:0
[157892532ms] [ERROR] Failed to load resource: net::ERR_CONNECTION_REFUSED @ http://localhost:8099/stream:0
[157895537ms] [ERROR] Failed to load resource: net::ERR_CONNECTION_REFUSED @ http://localhost:8099/stream:0
[157898542ms] [ERROR] Failed to load resource: net::ERR_CONNECTION_REFUSED @ http://localhost:8099/stream:0
[157901547ms] [ERROR] Failed to load resource: net::ERR_CONNECTION_REFUSED @ http://localhost:8099/stream:0
[157904551ms] [ERROR] Failed to load resource: net::ERR_CONNECTION_REFUSED @ http://localhost:8099/stream:0
[158804981ms] [ERROR] Failed to load resource: net::ERR_CONNECTION_REFUSED @ http://localhost:8099/stream:0
[158807985ms] [ERROR] Failed to load resource: net::ERR_CONNECTION_REFUSED @ http://localhost:8099/stream:0
[158810990ms] [ERROR] Failed to load resource: net::ERR_CONNECTION_REFUSED @ http://localhost:8099/stream:0
[158813996ms] [ERROR] Failed to load resource: net::ERR_CONNECTION_REFUSED @ http://localhost:8099/stream:0
[158816999ms] [ERROR] Failed to load resource: net::ERR_CONNECTION_REFUSED @ http://localhost:8099/stream:0
[158820005ms] [ERROR] Failed to load resource: net::ERR_CONNECTION_REFUSED @ http://localhost:8099/stream:0
[158823011ms] [ERROR] Failed to load resource: net::ERR_CONNECTION_REFUSED @ http://localhost:8099/stream:0
[158826016ms] [ERROR] Failed to load resource: net::ERR_CONNECTION_REFUSED @ http://localhost:8099/stream:0
[159193657ms] [ERROR] Failed to load resource: net::ERR_CONNECTION_REFUSED @ http://localhost:8099/stream:0
[159196660ms] [ERROR] Failed to load resource: net::ERR_CONNECTION_REFUSED @ http://localhost:8099/stream:0
[159199666ms] [ERROR] Failed to load resource: net::ERR_CONNECTION_REFUSED @ http://localhost:8099/stream:0
[159202671ms] [ERROR] Failed to load resource: net::ERR_CONNECTION_REFUSED @ http://localhost:8099/stream:0
[159205677ms] [ERROR] Failed to load resource: net::ERR_CONNECTION_REFUSED @ http://localhost:8099/stream:0
[159208683ms] [ERROR] Failed to load resource: net::ERR_CONNECTION_REFUSED @ http://localhost:8099/stream:0
[159211688ms] [ERROR] Failed to load resource: net::ERR_CONNECTION_REFUSED @ http://localhost:8099/stream:0
[159214693ms] [ERROR] Failed to load resource: net::ERR_CONNECTION_REFUSED @ http://localhost:8099/stream:0
[159217699ms] [ERROR] Failed to load resource: net::ERR_CONNECTION_REFUSED @ http://localhost:8099/stream:0
[159220704ms] [ERROR] Failed to load resource: net::ERR_CONNECTION_REFUSED @ http://localhost:8099/stream:0
[159223710ms] [ERROR] Failed to load resource: net::ERR_CONNECTION_REFUSED @ http://localhost:8099/stream:0
[159226715ms] [ERROR] Failed to load resource: net::ERR_CONNECTION_REFUSED @ http://localhost:8099/stream:0
[159229719ms] [ERROR] Failed to load resource: net::ERR_CONNECTION_REFUSED @ http://localhost:8099/stream:0
[159232725ms] [ERROR] Failed to load resource: net::ERR_CONNECTION_REFUSED @ http://localhost:8099/stream:0
[159235731ms] [ERROR] Failed to load resource: net::ERR_CONNECTION_REFUSED @ http://localhost:8099/stream:0
[159238734ms] [ERROR] Failed to load resource: net::ERR_CONNECTION_REFUSED @ http://localhost:8099/stream:0
[159339151ms] [ERROR] Failed to load resource: net::ERR_CONNECTION_REFUSED @ http://localhost:8099/stream:0
[159342155ms] [ERROR] Failed to load resource: net::ERR_CONNECTION_REFUSED @ http://localhost:8099/stream:0
[159345159ms] [ERROR] Failed to load resource: net::ERR_CONNECTION_REFUSED @ http://localhost:8099/stream:0
[159348165ms] [ERROR] Failed to load resource: net::ERR_CONNECTION_REFUSED @ http://localhost:8099/stream:0
[159351171ms] [ERROR] Failed to load resource: net::ERR_CONNECTION_REFUSED @ http://localhost:8099/stream:0
[159354177ms] [ERROR] Failed to load resource: net::ERR_CONNECTION_REFUSED @ http://localhost:8099/stream:0
[159357182ms] [ERROR] Failed to load resource: net::ERR_CONNECTION_REFUSED @ http://localhost:8099/stream:0
[159360187ms] [ERROR] Failed to load resource: net::ERR_CONNECTION_REFUSED @ http://localhost:8099/stream:0
[159363189ms] [ERROR] Failed to load resource: net::ERR_CONNECTION_REFUSED @ http://localhost:8099/stream:0
[159366195ms] [ERROR] Failed to load resource: net::ERR_CONNECTION_REFUSED @ http://localhost:8099/stream:0
[159369200ms] [ERROR] Failed to load resource: net::ERR_CONNECTION_REFUSED @ http://localhost:8099/stream:0
[159372204ms] [ERROR] Failed to load resource: net::ERR_CONNECTION_REFUSED @ http://localhost:8099/stream:0
[159375210ms] [ERROR] Failed to load resource: net::ERR_CONNECTION_REFUSED @ http://localhost:8099/stream:0
[159378215ms] [ERROR] Failed to load resource: net::ERR_CONNECTION_REFUSED @ http://localhost:8099/stream:0
[159381221ms] [ERROR] Failed to load resource: net::ERR_CONNECTION_REFUSED @ http://localhost:8099/stream:0
[160427689ms] [ERROR] Failed to load resource: net::ERR_CONNECTION_REFUSED @ http://localhost:8099/stream:0
[160430694ms] [ERROR] Failed to load resource: net::ERR_CONNECTION_REFUSED @ http://localhost:8099/stream:0
[161352225ms] [ERROR] Failed to load resource: net::ERR_CONNECTION_REFUSED @ http://localhost:8099/stream:0
[161355231ms] [ERROR] Failed to load resource: net::ERR_CONNECTION_REFUSED @ http://localhost:8099/stream:0
[161358236ms] [ERROR] Failed to load resource: net::ERR_CONNECTION_REFUSED @ http://localhost:8099/stream:0
[161361241ms] [ERROR] Failed to load resource: net::ERR_CONNECTION_REFUSED @ http://localhost:8099/stream:0
[161364247ms] [ERROR] Failed to load resource: net::ERR_CONNECTION_REFUSED @ http://localhost:8099/stream:0
[161367253ms] [ERROR] Failed to load resource: net::ERR_CONNECTION_REFUSED @ http://localhost:8099/stream:0
[161370257ms] [ERROR] Failed to load resource: net::ERR_CONNECTION_REFUSED @ http://localhost:8099/stream:0
[161373263ms] [ERROR] Failed to load resource: net::ERR_CONNECTION_REFUSED @ http://localhost:8099/stream:0
[161376266ms] [ERROR] Failed to load resource: net::ERR_CONNECTION_REFUSED @ http://localhost:8099/stream:0
[161379269ms] [ERROR] Failed to load resource: net::ERR_CONNECTION_REFUSED @ http://localhost:8099/stream:0
[161382275ms] [ERROR] Failed to load resource: net::ERR_CONNECTION_REFUSED @ http://localhost:8099/stream:0
[161385281ms] [ERROR] Failed to load resource: net::ERR_CONNECTION_REFUSED @ http://localhost:8099/stream:0
[161388286ms] [ERROR] Failed to load resource: net::ERR_CONNECTION_REFUSED @ http://localhost:8099/stream:0
[161391293ms] [ERROR] Failed to load resource: net::ERR_CONNECTION_REFUSED @ http://localhost:8099/stream:0
[161394298ms] [ERROR] Failed to load resource: net::ERR_CONNECTION_REFUSED @ http://localhost:8099/stream:0
[161397305ms] [ERROR] Failed to load resource: net::ERR_CONNECTION_REFUSED @ http://localhost:8099/stream:0
[161636074ms] [ERROR] Failed to load resource: net::ERR_CONNECTION_REFUSED @ http://localhost:8099/stream:0
[161639078ms] [ERROR] Failed to load resource: net::ERR_CONNECTION_REFUSED @ http://localhost:8099/stream:0
[161642084ms] [ERROR] Failed to load resource: net::ERR_CONNECTION_REFUSED @ http://localhost:8099/stream:0
[161645088ms] [ERROR] Failed to load resource: net::ERR_CONNECTION_REFUSED @ http://localhost:8099/stream:0
[161648092ms] [ERROR] Failed to load resource: net::ERR_CONNECTION_REFUSED @ http://localhost:8099/stream:0
[161651097ms] [ERROR] Failed to load resource: net::ERR_CONNECTION_REFUSED @ http://localhost:8099/stream:0
[161654102ms] [ERROR] Failed to load resource: net::ERR_CONNECTION_REFUSED @ http://localhost:8099/stream:0
[161657108ms] [ERROR] Failed to load resource: net::ERR_CONNECTION_REFUSED @ http://localhost:8099/stream:0
[161660113ms] [ERROR] Failed to load resource: net::ERR_CONNECTION_REFUSED @ http://localhost:8099/stream:0
[161663119ms] [ERROR] Failed to load resource: net::ERR_CONNECTION_REFUSED @ http://localhost:8099/stream:0
[161666123ms] [ERROR] Failed to load resource: net::ERR_CONNECTION_REFUSED @ http://localhost:8099/stream:0
[161669130ms] [ERROR] Failed to load resource: net::ERR_CONNECTION_REFUSED @ http://localhost:8099/stream:0
[161672134ms] [ERROR] Failed to load resource: net::ERR_CONNECTION_REFUSED @ http://localhost:8099/stream:0
[161675140ms] [ERROR] Failed to load resource: net::ERR_CONNECTION_REFUSED @ http://localhost:8099/stream:0
[161678145ms] [ERROR] Failed to load resource: net::ERR_CONNECTION_REFUSED @ http://localhost:8099/stream:0
[161765659ms] [ERROR] Failed to load resource: net::ERR_CONNECTION_REFUSED @ http://localhost:8099/stream:0
[161768665ms] [ERROR] Failed to load resource: net::ERR_CONNECTION_REFUSED @ http://localhost:8099/stream:0
[161771671ms] [ERROR] Failed to load resource: net::ERR_CONNECTION_REFUSED @ http://localhost:8099/stream:0
[161774675ms] [ERROR] Failed to load resource: net::ERR_CONNECTION_REFUSED @ http://localhost:8099/stream:0
[161777680ms] [ERROR] Failed to load resource: net::ERR_CONNECTION_REFUSED @ http://localhost:8099/stream:0
[161780686ms] [ERROR] Failed to load resource: net::ERR_CONNECTION_REFUSED @ http://localhost:8099/stream:0
[161783692ms] [ERROR] Failed to load resource: net::ERR_CONNECTION_REFUSED @ http://localhost:8099/stream:0
[161786699ms] [ERROR] Failed to load resource: net::ERR_CONNECTION_REFUSED @ http://localhost:8099/stream:0
[161789704ms] [ERROR] Failed to load resource: net::ERR_CONNECTION_REFUSED @ http://localhost:8099/stream:0
[161792710ms] [ERROR] Failed to load resource: net::ERR_CONNECTION_REFUSED @ http://localhost:8099/stream:0
[161795715ms] [ERROR] Failed to load resource: net::ERR_CONNECTION_REFUSED @ http://localhost:8099/stream:0
[161798719ms] [ERROR] Failed to load resource: net::ERR_CONNECTION_REFUSED @ http://localhost:8099/stream:0
[161801724ms] [ERROR] Failed to load resource: net::ERR_CONNECTION_REFUSED @ http://localhost:8099/stream:0
[161804730ms] [ERROR] Failed to load resource: net::ERR_CONNECTION_REFUSED @ http://localhost:8099/stream:0
[161807736ms] [ERROR] Failed to load resource: net::ERR_CONNECTION_REFUSED @ http://localhost:8099/stream:0
[161810741ms] [ERROR] Failed to load resource: net::ERR_CONNECTION_REFUSED @ http://localhost:8099/stream:0
[161896341ms] [ERROR] Failed to load resource: net::ERR_CONNECTION_REFUSED @ http://localhost:8099/stream:0
[161899346ms] [ERROR] Failed to load resource: net::ERR_CONNECTION_REFUSED @ http://localhost:8099/stream:0
[161902351ms] [ERROR] Failed to load resource: net::ERR_CONNECTION_REFUSED @ http://localhost:8099/stream:0
[161905357ms] [ERROR] Failed to load resource: net::ERR_CONNECTION_REFUSED @ http://localhost:8099/stream:0
[161908363ms] [ERROR] Failed to load resource: net::ERR_CONNECTION_REFUSED @ http://localhost:8099/stream:0
[161911366ms] [ERROR] Failed to load resource: net::ERR_CONNECTION_REFUSED @ http://localhost:8099/stream:0
[161914373ms] [ERROR] Failed to load resource: net::ERR_CONNECTION_REFUSED @ http://localhost:8099/stream:0
[161917378ms] [ERROR] Failed to load resource: net::ERR_CONNECTION_REFUSED @ http://localhost:8099/stream:0
[161920382ms] [ERROR] Failed to load resource: net::ERR_CONNECTION_REFUSED @ http://localhost:8099/stream:0
[161923387ms] [ERROR] Failed to load resource: net::ERR_CONNECTION_REFUSED @ http://localhost:8099/stream:0
[161926392ms] [ERROR] Failed to load resource: net::ERR_CONNECTION_REFUSED @ http://localhost:8099/stream:0
[161929397ms] [ERROR] Failed to load resource: net::ERR_CONNECTION_REFUSED @ http://localhost:8099/stream:0
[161932403ms] [ERROR] Failed to load resource: net::ERR_CONNECTION_REFUSED @ http://localhost:8099/stream:0
[161935407ms] [ERROR] Failed to load resource: net::ERR_CONNECTION_REFUSED @ http://localhost:8099/stream:0
[161938412ms] [ERROR] Failed to load resource: net::ERR_CONNECTION_REFUSED @ http://localhost:8099/stream:0
[161941418ms] [ERROR] Failed to load resource: net::ERR_CONNECTION_REFUSED @ http://localhost:8099/stream:0
[162004058ms] [ERROR] Failed to load resource: net::ERR_CONNECTION_REFUSED @ http://localhost:8099/stream:0
[162007063ms] [ERROR] Failed to load resource: net::ERR_CONNECTION_REFUSED @ http://localhost:8099/stream:0
[162010069ms] [ERROR] Failed to load resource: net::ERR_CONNECTION_REFUSED @ http://localhost:8099/stream:0
[162013074ms] [ERROR] Failed to load resource: net::ERR_CONNECTION_REFUSED @ http://localhost:8099/stream:0
[162016080ms] [ERROR] Failed to load resource: net::ERR_CONNECTION_REFUSED @ http://localhost:8099/stream:0
[162019086ms] [ERROR] Failed to load resource: net::ERR_CONNECTION_REFUSED @ http://localhost:8099/stream:0
[162022092ms] [ERROR] Failed to load resource: net::ERR_CONNECTION_REFUSED @ http://localhost:8099/stream:0
[162025097ms] [ERROR] Failed to load resource: net::ERR_CONNECTION_REFUSED @ http://localhost:8099/stream:0
[162028103ms] [ERROR] Failed to load resource: net::ERR_CONNECTION_REFUSED @ http://localhost:8099/stream:0
[162031108ms] [ERROR] Failed to load resource: net::ERR_CONNECTION_REFUSED @ http://localhost:8099/stream:0
[162034113ms] [ERROR] Failed to load resource: net::ERR_CONNECTION_REFUSED @ http://localhost:8099/stream:0
[162037118ms] [ERROR] Failed to load resource: net::ERR_CONNECTION_REFUSED @ http://localhost:8099/stream:0
[162040124ms] [ERROR] Failed to load resource: net::ERR_CONNECTION_REFUSED @ http://localhost:8099/stream:0
[162043127ms] [ERROR] Failed to load resource: net::ERR_CONNECTION_REFUSED @ http://localhost:8099/stream:0
[162046132ms] [ERROR] Failed to load resource: net::ERR_CONNECTION_REFUSED @ http://localhost:8099/stream:0
[162759080ms] [ERROR] Failed to load resource: net::ERR_CONNECTION_REFUSED @ http://localhost:8099/stream:0
[162762084ms] [ERROR] Failed to load resource: net::ERR_CONNECTION_REFUSED @ http://localhost:8099/stream:0
[162765090ms] [ERROR] Failed to load resource: net::ERR_CONNECTION_REFUSED @ http://localhost:8099/stream:0
[162768096ms] [ERROR] Failed to load resource: net::ERR_CONNECTION_REFUSED @ http://localhost:8099/stream:0
[162771099ms] [ERROR] Failed to load resource: net::ERR_CONNECTION_REFUSED @ http://localhost:8099/stream:0
[162774105ms] [ERROR] Failed to load resource: net::ERR_CONNECTION_REFUSED @ http://localhost:8099/stream:0
[162777110ms] [ERROR] Failed to load resource: net::ERR_CONNECTION_REFUSED @ http://localhost:8099/stream:0
[162780116ms] [ERROR] Failed to load resource: net::ERR_CONNECTION_REFUSED @ http://localhost:8099/stream:0
[162783119ms] [ERROR] Failed to load resource: net::ERR_CONNECTION_REFUSED @ http://localhost:8099/stream:0
[162786125ms] [ERROR] Failed to load resource: net::ERR_CONNECTION_REFUSED @ http://localhost:8099/stream:0
[162789130ms] [ERROR] Failed to load resource: net::ERR_CONNECTION_REFUSED @ http://localhost:8099/stream:0
[162792133ms] [ERROR] Failed to load resource: net::ERR_CONNECTION_REFUSED @ http://localhost:8099/stream:0
[162795140ms] [ERROR] Failed to load resource: net::ERR_CONNECTION_REFUSED @ http://localhost:8099/stream:0
[162798146ms] [ERROR] Failed to load resource: net::ERR_CONNECTION_REFUSED @ http://localhost:8099/stream:0
[162801152ms] [ERROR] Failed to load resource: net::ERR_CONNECTION_REFUSED @ http://localhost:8099/stream:0
[162804157ms] [ERROR] Failed to load resource: net::ERR_CONNECTION_REFUSED @ http://localhost:8099/stream:0
[163707023ms] [ERROR] Failed to load resource: net::ERR_CONNECTION_REFUSED @ http://localhost:8099/stream:0
[163710030ms] [ERROR] Failed to load resource: net::ERR_CONNECTION_REFUSED @ http://localhost:8099/stream:0
[163713036ms] [ERROR] Failed to load resource: net::ERR_CONNECTION_REFUSED @ http://localhost:8099/stream:0
[163716040ms] [ERROR] Failed to load resource: net::ERR_CONNECTION_REFUSED @ http://localhost:8099/stream:0
[163719046ms] [ERROR] Failed to load resource: net::ERR_CONNECTION_REFUSED @ http://localhost:8099/stream:0
[163722051ms] [ERROR] Failed to load resource: net::ERR_CONNECTION_REFUSED @ http://localhost:8099/stream:0
[163725055ms] [ERROR] Failed to load resource: net::ERR_CONNECTION_REFUSED @ http://localhost:8099/stream:0
[163728059ms] [ERROR] Failed to load resource: net::ERR_CONNECTION_REFUSED @ http://localhost:8099/stream:0
[163731065ms] [ERROR] Failed to load resource: net::ERR_CONNECTION_REFUSED @ http://localhost:8099/stream:0
[163734068ms] [ERROR] Failed to load resource: net::ERR_CONNECTION_REFUSED @ http://localhost:8099/stream:0
[163737073ms] [ERROR] Failed to load resource: net::ERR_CONNECTION_REFUSED @ http://localhost:8099/stream:0
[163740078ms] [ERROR] Failed to load resource: net::ERR_CONNECTION_REFUSED @ http://localhost:8099/stream:0
[163743083ms] [ERROR] Failed to load resource: net::ERR_CONNECTION_REFUSED @ http://localhost:8099/stream:0
[163746089ms] [ERROR] Failed to load resource: net::ERR_CONNECTION_REFUSED @ http://localhost:8099/stream:0
[163749095ms] [ERROR] Failed to load resource: net::ERR_CONNECTION_REFUSED @ http://localhost:8099/stream:0
[163752100ms] [ERROR] Failed to load resource: net::ERR_CONNECTION_REFUSED @ http://localhost:8099/stream:0
[163839845ms] [ERROR] Failed to load resource: net::ERR_CONNECTION_REFUSED @ http://localhost:8099/stream:0
[163842851ms] [ERROR] Failed to load resource: net::ERR_CONNECTION_REFUSED @ http://localhost:8099/stream:0
[163845855ms] [ERROR] Failed to load resource: net::ERR_CONNECTION_REFUSED @ http://localhost:8099/stream:0
[163848860ms] [ERROR] Failed to load resource: net::ERR_CONNECTION_REFUSED @ http://localhost:8099/stream:0
[163851865ms] [ERROR] Failed to load resource: net::ERR_CONNECTION_REFUSED @ http://localhost:8099/stream:0
[163854871ms] [ERROR] Failed to load resource: net::ERR_CONNECTION_REFUSED @ http://localhost:8099/stream:0
[163857875ms] [ERROR] Failed to load resource: net::ERR_CONNECTION_REFUSED @ http://localhost:8099/stream:0
[163860879ms] [ERROR] Failed to load resource: net::ERR_CONNECTION_REFUSED @ http://localhost:8099/stream:0
[163863884ms] [ERROR] Failed to load resource: net::ERR_CONNECTION_REFUSED @ http://localhost:8099/stream:0
[163866889ms] [ERROR] Failed to load resource: net::ERR_CONNECTION_REFUSED @ http://localhost:8099/stream:0
[163869894ms] [ERROR] Failed to load resource: net::ERR_CONNECTION_REFUSED @ http://localhost:8099/stream:0
[163872898ms] [ERROR] Failed to load resource: net::ERR_CONNECTION_REFUSED @ http://localhost:8099/stream:0
[163875904ms] [ERROR] Failed to load resource: net::ERR_CONNECTION_REFUSED @ http://localhost:8099/stream:0
[163878909ms] [ERROR] Failed to load resource: net::ERR_CONNECTION_REFUSED @ http://localhost:8099/stream:0
[163881914ms] [ERROR] Failed to load resource: net::ERR_CONNECTION_REFUSED @ http://localhost:8099/stream:0
[163984241ms] [ERROR] Failed to load resource: net::ERR_CONNECTION_REFUSED @ http://localhost:8099/stream:0
[163987247ms] [ERROR] Failed to load resource: net::ERR_CONNECTION_REFUSED @ http://localhost:8099/stream:0
[163990253ms] [ERROR] Failed to load resource: net::ERR_CONNECTION_REFUSED @ http://localhost:8099/stream:0
[163993258ms] [ERROR] Failed to load resource: net::ERR_CONNECTION_REFUSED @ http://localhost:8099/stream:0
[163996263ms] [ERROR] Failed to load resource: net::ERR_CONNECTION_REFUSED @ http://localhost:8099/stream:0
[163999268ms] [ERROR] Failed to load resource: net::ERR_CONNECTION_REFUSED @ http://localhost:8099/stream:0
[164002275ms] [ERROR] Failed to load resource: net::ERR_CONNECTION_REFUSED @ http://localhost:8099/stream:0
[164005280ms] [ERROR] Failed to load resource: net::ERR_CONNECTION_REFUSED @ http://localhost:8099/stream:0
[164008286ms] [ERROR] Failed to load resource: net::ERR_CONNECTION_REFUSED @ http://localhost:8099/stream:0
[164011289ms] [ERROR] Failed to load resource: net::ERR_CONNECTION_REFUSED @ http://localhost:8099/stream:0
[164014292ms] [ERROR] Failed to load resource: net::ERR_CONNECTION_REFUSED @ http://localhost:8099/stream:0
[164017297ms] [ERROR] Failed to load resource: net::ERR_CONNECTION_REFUSED @ http://localhost:8099/stream:0
[164020302ms] [ERROR] Failed to load resource: net::ERR_CONNECTION_REFUSED @ http://localhost:8099/stream:0
[164023306ms] [ERROR] Failed to load resource: net::ERR_CONNECTION_REFUSED @ http://localhost:8099/stream:0
[164026311ms] [ERROR] Failed to load resource: net::ERR_CONNECTION_REFUSED @ http://localhost:8099/stream:0
[164029317ms] [ERROR] Failed to load resource: net::ERR_CONNECTION_REFUSED @ http://localhost:8099/stream:0
[164104964ms] [ERROR] Failed to load resource: net::ERR_CONNECTION_REFUSED @ http://localhost:8099/stream:0
[164107968ms] [ERROR] Failed to load resource: net::ERR_CONNECTION_REFUSED @ http://localhost:8099/stream:0
[164110974ms] [ERROR] Failed to load resource: net::ERR_CONNECTION_REFUSED @ http://localhost:8099/stream:0
[164113980ms] [ERROR] Failed to load resource: net::ERR_CONNECTION_REFUSED @ http://localhost:8099/stream:0
[164116986ms] [ERROR] Failed to load resource: net::ERR_CONNECTION_REFUSED @ http://localhost:8099/stream:0
[164119990ms] [ERROR] Failed to load resource: net::ERR_CONNECTION_REFUSED @ http://localhost:8099/stream:0
[164122996ms] [ERROR] Failed to load resource: net::ERR_CONNECTION_REFUSED @ http://localhost:8099/stream:0
[164126001ms] [ERROR] Failed to load resource: net::ERR_CONNECTION_REFUSED @ http://localhost:8099/stream:0
[164129005ms] [ERROR] Failed to load resource: net::ERR_CONNECTION_REFUSED @ http://localhost:8099/stream:0
[164132010ms] [ERROR] Failed to load resource: net::ERR_CONNECTION_REFUSED @ http://localhost:8099/stream:0
[164135015ms] [ERROR] Failed to load resource: net::ERR_CONNECTION_REFUSED @ http://localhost:8099/stream:0
[164138020ms] [ERROR] Failed to load resource: net::ERR_CONNECTION_REFUSED @ http://localhost:8099/stream:0
[164141026ms] [ERROR] Failed to load resource: net::ERR_CONNECTION_REFUSED @ http://localhost:8099/stream:0
[164144030ms] [ERROR] Failed to load resource: net::ERR_CONNECTION_REFUSED @ http://localhost:8099/stream:0
[164147035ms] [ERROR] Failed to load resource: net::ERR_CONNECTION_REFUSED @ http://localhost:8099/stream:0
[164150041ms] [ERROR] Failed to load resource: net::ERR_CONNECTION_REFUSED @ http://localhost:8099/stream:0
[164242135ms] [ERROR] Failed to load resource: net::ERR_CONNECTION_REFUSED @ http://localhost:8099/stream:0
[164245139ms] [ERROR] Failed to load resource: net::ERR_CONNECTION_REFUSED @ http://localhost:8099/stream:0
[164248144ms] [ERROR] Failed to load resource: net::ERR_CONNECTION_REFUSED @ http://localhost:8099/stream:0
[164251150ms] [ERROR] Failed to load resource: net::ERR_CONNECTION_REFUSED @ http://localhost:8099/stream:0
[164254155ms] [ERROR] Failed to load resource: net::ERR_CONNECTION_REFUSED @ http://localhost:8099/stream:0
[164257160ms] [ERROR] Failed to load resource: net::ERR_CONNECTION_REFUSED @ http://localhost:8099/stream:0
[164260165ms] [ERROR] Failed to load resource: net::ERR_CONNECTION_REFUSED @ http://localhost:8099/stream:0
[164263171ms] [ERROR] Failed to load resource: net::ERR_CONNECTION_REFUSED @ http://localhost:8099/stream:0
[164266175ms] [ERROR] Failed to load resource: net::ERR_CONNECTION_REFUSED @ http://localhost:8099/stream:0
[164269179ms] [ERROR] Failed to load resource: net::ERR_CONNECTION_REFUSED @ http://localhost:8099/stream:0
[164272184ms] [ERROR] Failed to load resource: net::ERR_CONNECTION_REFUSED @ http://localhost:8099/stream:0
[164275190ms] [ERROR] Failed to load resource: net::ERR_CONNECTION_REFUSED @ http://localhost:8099/stream:0
[164278193ms] [ERROR] Failed to load resource: net::ERR_CONNECTION_REFUSED @ http://localhost:8099/stream:0
[164281199ms] [ERROR] Failed to load resource: net::ERR_CONNECTION_REFUSED @ http://localhost:8099/stream:0
[164284205ms] [ERROR] Failed to load resource: net::ERR_CONNECTION_REFUSED @ http://localhost:8099/stream:0
[164442590ms] [ERROR] Failed to load resource: net::ERR_CONNECTION_REFUSED @ http://localhost:8099/stream:0
[164445598ms] [ERROR] Failed to load resource: net::ERR_CONNECTION_REFUSED @ http://localhost:8099/stream:0
[164448603ms] [ERROR] Failed to load resource: net::ERR_CONNECTION_REFUSED @ http://localhost:8099/stream:0
[164451609ms] [ERROR] Failed to load resource: net::ERR_CONNECTION_REFUSED @ http://localhost:8099/stream:0
[164454614ms] [ERROR] Failed to load resource: net::ERR_CONNECTION_REFUSED @ http://localhost:8099/stream:0
[164457619ms] [ERROR] Failed to load resource: net::ERR_CONNECTION_REFUSED @ http://localhost:8099/stream:0
[164460625ms] [ERROR] Failed to load resource: net::ERR_CONNECTION_REFUSED @ http://localhost:8099/stream:0
[164463630ms] [ERROR] Failed to load resource: net::ERR_CONNECTION_REFUSED @ http://localhost:8099/stream:0
[164466635ms] [ERROR] Failed to load resource: net::ERR_CONNECTION_REFUSED @ http://localhost:8099/stream:0
[164469641ms] [ERROR] Failed to load resource: net::ERR_CONNECTION_REFUSED @ http://localhost:8099/stream:0
[164472645ms] [ERROR] Failed to load resource: net::ERR_CONNECTION_REFUSED @ http://localhost:8099/stream:0
[164475651ms] [ERROR] Failed to load resource: net::ERR_CONNECTION_REFUSED @ http://localhost:8099/stream:0
[164478656ms] [ERROR] Failed to load resource: net::ERR_CONNECTION_REFUSED @ http://localhost:8099/stream:0
[164481662ms] [ERROR] Failed to load resource: net::ERR_CONNECTION_REFUSED @ http://localhost:8099/stream:0
[164484667ms] [ERROR] Failed to load resource: net::ERR_CONNECTION_REFUSED @ http://localhost:8099/stream:0
[164487671ms] [ERROR] Failed to load resource: net::ERR_CONNECTION_REFUSED @ http://localhost:8099/stream:0
[164575043ms] [ERROR] Failed to load resource: net::ERR_CONNECTION_REFUSED @ http://localhost:8099/stream:0
[164578049ms] [ERROR] Failed to load resource: net::ERR_CONNECTION_REFUSED @ http://localhost:8099/stream:0
[164581053ms] [ERROR] Failed to load resource: net::ERR_CONNECTION_REFUSED @ http://localhost:8099/stream:0
[164584057ms] [ERROR] Failed to load resource: net::ERR_CONNECTION_REFUSED @ http://localhost:8099/stream:0
[164587061ms] [ERROR] Failed to load resource: net::ERR_CONNECTION_REFUSED @ http://localhost:8099/stream:0
[164590065ms] [ERROR] Failed to load resource: net::ERR_CONNECTION_REFUSED @ http://localhost:8099/stream:0
[164593070ms] [ERROR] Failed to load resource: net::ERR_CONNECTION_REFUSED @ http://localhost:8099/stream:0
[164596075ms] [ERROR] Failed to load resource: net::ERR_CONNECTION_REFUSED @ http://localhost:8099/stream:0
[164599079ms] [ERROR] Failed to load resource: net::ERR_CONNECTION_REFUSED @ http://localhost:8099/stream:0
[164602084ms] [ERROR] Failed to load resource: net::ERR_CONNECTION_REFUSED @ http://localhost:8099/stream:0
[164605088ms] [ERROR] Failed to load resource: net::ERR_CONNECTION_REFUSED @ http://localhost:8099/stream:0
[164608093ms] [ERROR] Failed to load resource: net::ERR_CONNECTION_REFUSED @ http://localhost:8099/stream:0
[164611098ms] [ERROR] Failed to load resource: net::ERR_CONNECTION_REFUSED @ http://localhost:8099/stream:0
[164614103ms] [ERROR] Failed to load resource: net::ERR_CONNECTION_REFUSED @ http://localhost:8099/stream:0
[164617108ms] [ERROR] Failed to load resource: net::ERR_CONNECTION_REFUSED @ http://localhost:8099/stream:0
[164620113ms] [ERROR] Failed to load resource: net::ERR_CONNECTION_REFUSED @ http://localhost:8099/stream:0
[164693816ms] [ERROR] Failed to load resource: net::ERR_CONNECTION_REFUSED @ http://localhost:8099/stream:0
[164696821ms] [ERROR] Failed to load resource: net::ERR_CONNECTION_REFUSED @ http://localhost:8099/stream:0
[164699827ms] [ERROR] Failed to load resource: net::ERR_CONNECTION_REFUSED @ http://localhost:8099/stream:0
[164702833ms] [ERROR] Failed to load resource: net::ERR_CONNECTION_REFUSED @ http://localhost:8099/stream:0
[164705836ms] [ERROR] Failed to load resource: net::ERR_CONNECTION_REFUSED @ http://localhost:8099/stream:0
[164708842ms] [ERROR] Failed to load resource: net::ERR_CONNECTION_REFUSED @ http://localhost:8099/stream:0
[164711849ms] [ERROR] Failed to load resource: net::ERR_CONNECTION_REFUSED @ http://localhost:8099/stream:0
[164714854ms] [ERROR] Failed to load resource: net::ERR_CONNECTION_REFUSED @ http://localhost:8099/stream:0
[164717860ms] [ERROR] Failed to load resource: net::ERR_CONNECTION_REFUSED @ http://localhost:8099/stream:0
[164720864ms] [ERROR] Failed to load resource: net::ERR_CONNECTION_REFUSED @ http://localhost:8099/stream:0
[164723870ms] [ERROR] Failed to load resource: net::ERR_CONNECTION_REFUSED @ http://localhost:8099/stream:0
[164726875ms] [ERROR] Failed to load resource: net::ERR_CONNECTION_REFUSED @ http://localhost:8099/stream:0
[164729880ms] [ERROR] Failed to load resource: net::ERR_CONNECTION_REFUSED @ http://localhost:8099/stream:0
[164732886ms] [ERROR] Failed to load resource: net::ERR_CONNECTION_REFUSED @ http://localhost:8099/stream:0
[164735891ms] [ERROR] Failed to load resource: net::ERR_CONNECTION_REFUSED @ http://localhost:8099/stream:0
[164877857ms] [ERROR] Failed to load resource: net::ERR_CONNECTION_REFUSED @ http://localhost:8099/stream:0
[164880861ms] [ERROR] Failed to load resource: net::ERR_CONNECTION_REFUSED @ http://localhost:8099/stream:0
[164883867ms] [ERROR] Failed to load resource: net::ERR_CONNECTION_REFUSED @ http://localhost:8099/stream:0
[164886873ms] [ERROR] Failed to load resource: net::ERR_CONNECTION_REFUSED @ http://localhost:8099/stream:0
[164889878ms] [ERROR] Failed to load resource: net::ERR_CONNECTION_REFUSED @ http://localhost:8099/stream:0
[164892883ms] [ERROR] Failed to load resource: net::ERR_CONNECTION_REFUSED @ http://localhost:8099/stream:0
[164895888ms] [ERROR] Failed to load resource: net::ERR_CONNECTION_REFUSED @ http://localhost:8099/stream:0
[164898892ms] [ERROR] Failed to load resource: net::ERR_CONNECTION_REFUSED @ http://localhost:8099/stream:0
[164901897ms] [ERROR] Failed to load resource: net::ERR_CONNECTION_REFUSED @ http://localhost:8099/stream:0
[164904903ms] [ERROR] Failed to load resource: net::ERR_CONNECTION_REFUSED @ http://localhost:8099/stream:0
[164907907ms] [ERROR] Failed to load resource: net::ERR_CONNECTION_REFUSED @ http://localhost:8099/stream:0
[164910912ms] [ERROR] Failed to load resource: net::ERR_CONNECTION_REFUSED @ http://localhost:8099/stream:0
[164913916ms] [ERROR] Failed to load resource: net::ERR_CONNECTION_REFUSED @ http://localhost:8099/stream:0
[164916922ms] [ERROR] Failed to load resource: net::ERR_CONNECTION_REFUSED @ http://localhost:8099/stream:0
[164919927ms] [ERROR] Failed to load resource: net::ERR_CONNECTION_REFUSED @ http://localhost:8099/stream:0
[164922933ms] [ERROR] Failed to load resource: net::ERR_CONNECTION_REFUSED @ http://localhost:8099/stream:0
[165906834ms] [ERROR] Failed to load resource: net::ERR_CONNECTION_REFUSED @ http://localhost:8099/stream:0
[165909841ms] [ERROR] Failed to load resource: net::ERR_CONNECTION_REFUSED @ http://localhost:8099/stream:0
[166983410ms] [ERROR] Failed to load resource: net::ERR_CONNECTION_REFUSED @ http://localhost:8099/stream:0
[166986415ms] [ERROR] Failed to load resource: net::ERR_CONNECTION_REFUSED @ http://localhost:8099/stream:0
[167692088ms] [ERROR] Failed to load resource: net::ERR_CONNECTION_REFUSED @ http://localhost:8099/stream:0
[167695092ms] [ERROR] Failed to load resource: net::ERR_CONNECTION_REFUSED @ http://localhost:8099/stream:0
[167698098ms] [ERROR] Failed to load resource: net::ERR_CONNECTION_REFUSED @ http://localhost:8099/stream:0
[167701103ms] [ERROR] Failed to load resource: net::ERR_CONNECTION_REFUSED @ http://localhost:8099/stream:0
[167704110ms] [ERROR] Failed to load resource: net::ERR_CONNECTION_REFUSED @ http://localhost:8099/stream:0
[167707113ms] [ERROR] Failed to load resource: net::ERR_CONNECTION_REFUSED @ http://localhost:8099/stream:0
[167710119ms] [ERROR] Failed to load resource: net::ERR_CONNECTION_REFUSED @ http://localhost:8099/stream:0
[167713125ms] [ERROR] Failed to load resource: net::ERR_CONNECTION_REFUSED @ http://localhost:8099/stream:0
[167716131ms] [ERROR] Failed to load resource: net::ERR_CONNECTION_REFUSED @ http://localhost:8099/stream:0
[167719136ms] [ERROR] Failed to load resource: net::ERR_CONNECTION_REFUSED @ http://localhost:8099/stream:0
[167722139ms] [ERROR] Failed to load resource: net::ERR_CONNECTION_REFUSED @ http://localhost:8099/stream:0
[167725143ms] [ERROR] Failed to load resource: net::ERR_CONNECTION_REFUSED @ http://localhost:8099/stream:0
[167728148ms] [ERROR] Failed to load resource: net::ERR_CONNECTION_REFUSED @ http://localhost:8099/stream:0
[167731153ms] [ERROR] Failed to load resource: net::ERR_CONNECTION_REFUSED @ http://localhost:8099/stream:0
[167734159ms] [ERROR] Failed to load resource: net::ERR_CONNECTION_REFUSED @ http://localhost:8099/stream:0
[168637062ms] [ERROR] Failed to load resource: net::ERR_CONNECTION_REFUSED @ http://localhost:8099/stream:0
[168640066ms] [ERROR] Failed to load resource: net::ERR_CONNECTION_REFUSED @ http://localhost:8099/stream:0
[168643071ms] [ERROR] Failed to load resource: net::ERR_CONNECTION_REFUSED @ http://localhost:8099/stream:0
[168646077ms] [ERROR] Failed to load resource: net::ERR_CONNECTION_REFUSED @ http://localhost:8099/stream:0
[168649083ms] [ERROR] Failed to load resource: net::ERR_CONNECTION_REFUSED @ http://localhost:8099/stream:0
[168652090ms] [ERROR] Failed to load resource: net::ERR_CONNECTION_REFUSED @ http://localhost:8099/stream:0
[168655094ms] [ERROR] Failed to load resource: net::ERR_CONNECTION_REFUSED @ http://localhost:8099/stream:0
[168658100ms] [ERROR] Failed to load resource: net::ERR_CONNECTION_REFUSED @ http://localhost:8099/stream:0
[168661106ms] [ERROR] Failed to load resource: net::ERR_CONNECTION_REFUSED @ http://localhost:8099/stream:0
[168664111ms] [ERROR] Failed to load resource: net::ERR_CONNECTION_REFUSED @ http://localhost:8099/stream:0
[168667117ms] [ERROR] Failed to load resource: net::ERR_CONNECTION_REFUSED @ http://localhost:8099/stream:0
[168670122ms] [ERROR] Failed to load resource: net::ERR_CONNECTION_REFUSED @ http://localhost:8099/stream:0
[168673128ms] [ERROR] Failed to load resource: net::ERR_CONNECTION_REFUSED @ http://localhost:8099/stream:0
[168676135ms] [ERROR] Failed to load resource: net::ERR_CONNECTION_REFUSED @ http://localhost:8099/stream:0
[168679138ms] [ERROR] Failed to load resource: net::ERR_CONNECTION_REFUSED @ http://localhost:8099/stream:0
[168682143ms] [ERROR] Failed to load resource: net::ERR_CONNECTION_REFUSED @ http://localhost:8099/stream:0
[168813846ms] [ERROR] Failed to load resource: net::ERR_CONNECTION_REFUSED @ http://localhost:8099/stream:0
[168816851ms] [ERROR] Failed to load resource: net::ERR_CONNECTION_REFUSED @ http://localhost:8099/stream:0
[168819855ms] [ERROR] Failed to load resource: net::ERR_CONNECTION_REFUSED @ http://localhost:8099/stream:0
[168822860ms] [ERROR] Failed to load resource: net::ERR_CONNECTION_REFUSED @ http://localhost:8099/stream:0
[168825865ms] [ERROR] Failed to load resource: net::ERR_CONNECTION_REFUSED @ http://localhost:8099/stream:0
[168828874ms] [ERROR] Failed to load resource: net::ERR_CONNECTION_REFUSED @ http://localhost:8099/stream:0
[168831879ms] [ERROR] Failed to load resource: net::ERR_CONNECTION_REFUSED @ http://localhost:8099/stream:0
[168834885ms] [ERROR] Failed to load resource: net::ERR_CONNECTION_REFUSED @ http://localhost:8099/stream:0
[168837890ms] [ERROR] Failed to load resource: net::ERR_CONNECTION_REFUSED @ http://localhost:8099/stream:0
[168840895ms] [ERROR] Failed to load resource: net::ERR_CONNECTION_REFUSED @ http://localhost:8099/stream:0
[168843900ms] [ERROR] Failed to load resource: net::ERR_CONNECTION_REFUSED @ http://localhost:8099/stream:0
[168846905ms] [ERROR] Failed to load resource: net::ERR_CONNECTION_REFUSED @ http://localhost:8099/stream:0
[168849911ms] [ERROR] Failed to load resource: net::ERR_CONNECTION_REFUSED @ http://localhost:8099/stream:0
[168852915ms] [ERROR] Failed to load resource: net::ERR_CONNECTION_REFUSED @ http://localhost:8099/stream:0
[168855921ms] [ERROR] Failed to load resource: net::ERR_CONNECTION_REFUSED @ http://localhost:8099/stream:0
[168858927ms] [ERROR] Failed to load resource: net::ERR_CONNECTION_REFUSED @ http://localhost:8099/stream:0
[168964067ms] [ERROR] Failed to load resource: net::ERR_CONNECTION_REFUSED @ http://localhost:8099/stream:0
[168967073ms] [ERROR] Failed to load resource: net::ERR_CONNECTION_REFUSED @ http://localhost:8099/stream:0
[168970078ms] [ERROR] Failed to load resource: net::ERR_CONNECTION_REFUSED @ http://localhost:8099/stream:0
[168973083ms] [ERROR] Failed to load resource: net::ERR_CONNECTION_REFUSED @ http://localhost:8099/stream:0
[168976089ms] [ERROR] Failed to load resource: net::ERR_CONNECTION_REFUSED @ http://localhost:8099/stream:0
[168979095ms] [ERROR] Failed to load resource: net::ERR_CONNECTION_REFUSED @ http://localhost:8099/stream:0
[168982100ms] [ERROR] Failed to load resource: net::ERR_CONNECTION_REFUSED @ http://localhost:8099/stream:0
[168985106ms] [ERROR] Failed to load resource: net::ERR_CONNECTION_REFUSED @ http://localhost:8099/stream:0
[168988112ms] [ERROR] Failed to load resource: net::ERR_CONNECTION_REFUSED @ http://localhost:8099/stream:0
[168991116ms] [ERROR] Failed to load resource: net::ERR_CONNECTION_REFUSED @ http://localhost:8099/stream:0
[168994122ms] [ERROR] Failed to load resource: net::ERR_CONNECTION_REFUSED @ http://localhost:8099/stream:0
[168997127ms] [ERROR] Failed to load resource: net::ERR_CONNECTION_REFUSED @ http://localhost:8099/stream:0
[169000132ms] [ERROR] Failed to load resource: net::ERR_CONNECTION_REFUSED @ http://localhost:8099/stream:0
[169003138ms] [ERROR] Failed to load resource: net::ERR_CONNECTION_REFUSED @ http://localhost:8099/stream:0
[169006143ms] [ERROR] Failed to load resource: net::ERR_CONNECTION_REFUSED @ http://localhost:8099/stream:0
[169025087ms] [ERROR] Failed to load resource: net::ERR_CONNECTION_REFUSED @ http://localhost:8099/stream:0
[169028092ms] [ERROR] Failed to load resource: net::ERR_CONNECTION_REFUSED @ http://localhost:8099/stream:0
[169031096ms] [ERROR] Failed to load resource: net::ERR_CONNECTION_REFUSED @ http://localhost:8099/stream:0
[169034101ms] [ERROR] Failed to load resource: net::ERR_CONNECTION_REFUSED @ http://localhost:8099/stream:0
[169037106ms] [ERROR] Failed to load resource: net::ERR_CONNECTION_REFUSED @ http://localhost:8099/stream:0
[169040111ms] [ERROR] Failed to load resource: net::ERR_CONNECTION_REFUSED @ http://localhost:8099/stream:0
[169043117ms] [ERROR] Failed to load resource: net::ERR_CONNECTION_REFUSED @ http://localhost:8099/stream:0
[169046123ms] [ERROR] Failed to load resource: net::ERR_CONNECTION_REFUSED @ http://localhost:8099/stream:0
[169049128ms] [ERROR] Failed to load resource: net::ERR_CONNECTION_REFUSED @ http://localhost:8099/stream:0
[169052134ms] [ERROR] Failed to load resource: net::ERR_CONNECTION_REFUSED @ http://localhost:8099/stream:0
[169055137ms] [ERROR] Failed to load resource: net::ERR_CONNECTION_REFUSED @ http://localhost:8099/stream:0
[169058140ms] [ERROR] Failed to load resource: net::ERR_CONNECTION_REFUSED @ http://localhost:8099/stream:0
[169061144ms] [ERROR] Failed to load resource: net::ERR_CONNECTION_REFUSED @ http://localhost:8099/stream:0
[169064150ms] [ERROR] Failed to load resource: net::ERR_CONNECTION_REFUSED @ http://localhost:8099/stream:0
[169067154ms] [ERROR] Failed to load resource: net::ERR_CONNECTION_REFUSED @ http://localhost:8099/stream:0
[169070160ms] [ERROR] Failed to load resource: net::ERR_CONNECTION_REFUSED @ http://localhost:8099/stream:0
[169999144ms] [ERROR] Failed to load resource: net::ERR_CONNECTION_REFUSED @ http://localhost:8099/stream:0
[170002148ms] [ERROR] Failed to load resource: net::ERR_CONNECTION_REFUSED @ http://localhost:8099/stream:0
[170277083ms] [ERROR] Failed to load resource: net::ERR_CONNECTION_REFUSED @ http://localhost:8099/stream:0
[170280088ms] [ERROR] Failed to load resource: net::ERR_CONNECTION_REFUSED @ http://localhost:8099/stream:0
[170283094ms] [ERROR] Failed to load resource: net::ERR_CONNECTION_REFUSED @ http://localhost:8099/stream:0
[170286099ms] [ERROR] Failed to load resource: net::ERR_CONNECTION_REFUSED @ http://localhost:8099/stream:0
[170289103ms] [ERROR] Failed to load resource: net::ERR_CONNECTION_REFUSED @ http://localhost:8099/stream:0
[170292109ms] [ERROR] Failed to load resource: net::ERR_CONNECTION_REFUSED @ http://localhost:8099/stream:0
[170295114ms] [ERROR] Failed to load resource: net::ERR_CONNECTION_REFUSED @ http://localhost:8099/stream:0
[170298119ms] [ERROR] Failed to load resource: net::ERR_CONNECTION_REFUSED @ http://localhost:8099/stream:0
[170301125ms] [ERROR] Failed to load resource: net::ERR_CONNECTION_REFUSED @ http://localhost:8099/stream:0
[170304130ms] [ERROR] Failed to load resource: net::ERR_CONNECTION_REFUSED @ http://localhost:8099/stream:0
[170307135ms] [ERROR] Failed to load resource: net::ERR_CONNECTION_REFUSED @ http://localhost:8099/stream:0
[170310141ms] [ERROR] Failed to load resource: net::ERR_CONNECTION_REFUSED @ http://localhost:8099/stream:0
[170313144ms] [ERROR] Failed to load resource: net::ERR_CONNECTION_REFUSED @ http://localhost:8099/stream:0
[170316149ms] [ERROR] Failed to load resource: net::ERR_CONNECTION_REFUSED @ http://localhost:8099/stream:0
[170319155ms] [ERROR] Failed to load resource: net::ERR_CONNECTION_REFUSED @ http://localhost:8099/stream:0
[170424206ms] [ERROR] Failed to load resource: net::ERR_CONNECTION_REFUSED @ http://localhost:8099/stream:0
[170427213ms] [ERROR] Failed to load resource: net::ERR_CONNECTION_REFUSED @ http://localhost:8099/stream:0
[170430218ms] [ERROR] Failed to load resource: net::ERR_CONNECTION_REFUSED @ http://localhost:8099/stream:0
[170433224ms] [ERROR] Failed to load resource: net::ERR_CONNECTION_REFUSED @ http://localhost:8099/stream:0
[170436227ms] [ERROR] Failed to load resource: net::ERR_CONNECTION_REFUSED @ http://localhost:8099/stream:0
[170439232ms] [ERROR] Failed to load resource: net::ERR_CONNECTION_REFUSED @ http://localhost:8099/stream:0
[170442237ms] [ERROR] Failed to load resource: net::ERR_CONNECTION_REFUSED @ http://localhost:8099/stream:0
[170445242ms] [ERROR] Failed to load resource: net::ERR_CONNECTION_REFUSED @ http://localhost:8099/stream:0
[170448245ms] [ERROR] Failed to load resource: net::ERR_CONNECTION_REFUSED @ http://localhost:8099/stream:0
[170451249ms] [ERROR] Failed to load resource: net::ERR_CONNECTION_REFUSED @ http://localhost:8099/stream:0
[170454254ms] [ERROR] Failed to load resource: net::ERR_CONNECTION_REFUSED @ http://localhost:8099/stream:0
[170457260ms] [ERROR] Failed to load resource: net::ERR_CONNECTION_REFUSED @ http://localhost:8099/stream:0
[170460265ms] [ERROR] Failed to load resource: net::ERR_CONNECTION_REFUSED @ http://localhost:8099/stream:0
[170463271ms] [ERROR] Failed to load resource: net::ERR_CONNECTION_REFUSED @ http://localhost:8099/stream:0
[170466277ms] [ERROR] Failed to load resource: net::ERR_CONNECTION_REFUSED @ http://localhost:8099/stream:0
[170469280ms] [ERROR] Failed to load resource: net::ERR_CONNECTION_REFUSED @ http://localhost:8099/stream:0
[171427763ms] [ERROR] Failed to load resource: net::ERR_CONNECTION_REFUSED @ http://localhost:8099/stream:0
[171430769ms] [ERROR] Failed to load resource: net::ERR_CONNECTION_REFUSED @ http://localhost:8099/stream:0
[171690638ms] [ERROR] Failed to load resource: net::ERR_CONNECTION_REFUSED @ http://localhost:8099/stream:0
[171693643ms] [ERROR] Failed to load resource: net::ERR_CONNECTION_REFUSED @ http://localhost:8099/stream:0
[171696648ms] [ERROR] Failed to load resource: net::ERR_CONNECTION_REFUSED @ http://localhost:8099/stream:0
[171699654ms] [ERROR] Failed to load resource: net::ERR_CONNECTION_REFUSED @ http://localhost:8099/stream:0
[171702660ms] [ERROR] Failed to load resource: net::ERR_CONNECTION_REFUSED @ http://localhost:8099/stream:0
[171705666ms] [ERROR] Failed to load resource: net::ERR_CONNECTION_REFUSED @ http://localhost:8099/stream:0
[171708670ms] [ERROR] Failed to load resource: net::ERR_CONNECTION_REFUSED @ http://localhost:8099/stream:0
[171711675ms] [ERROR] Failed to load resource: net::ERR_CONNECTION_REFUSED @ http://localhost:8099/stream:0
[171714681ms] [ERROR] Failed to load resource: net::ERR_CONNECTION_REFUSED @ http://localhost:8099/stream:0
[171717686ms] [ERROR] Failed to load resource: net::ERR_CONNECTION_REFUSED @ http://localhost:8099/stream:0
[171720692ms] [ERROR] Failed to load resource: net::ERR_CONNECTION_REFUSED @ http://localhost:8099/stream:0
[171723698ms] [ERROR] Failed to load resource: net::ERR_CONNECTION_REFUSED @ http://localhost:8099/stream:0
[171726704ms] [ERROR] Failed to load resource: net::ERR_CONNECTION_REFUSED @ http://localhost:8099/stream:0
[171729710ms] [ERROR] Failed to load resource: net::ERR_CONNECTION_REFUSED @ http://localhost:8099/stream:0
[171732715ms] [ERROR] Failed to load resource: net::ERR_CONNECTION_REFUSED @ http://localhost:8099/stream:0
[171735720ms] [ERROR] Failed to load resource: net::ERR_CONNECTION_REFUSED @ http://localhost:8099/stream:0
[171840677ms] [ERROR] Failed to load resource: net::ERR_CONNECTION_REFUSED @ http://localhost:8099/stream:0
[171843683ms] [ERROR] Failed to load resource: net::ERR_CONNECTION_REFUSED @ http://localhost:8099/stream:0
[171846688ms] [ERROR] Failed to load resource: net::ERR_CONNECTION_REFUSED @ http://localhost:8099/stream:0
[171849692ms] [ERROR] Failed to load resource: net::ERR_CONNECTION_REFUSED @ http://localhost:8099/stream:0
[171852697ms] [ERROR] Failed to load resource: net::ERR_CONNECTION_REFUSED @ http://localhost:8099/stream:0
[171855702ms] [ERROR] Failed to load resource: net::ERR_CONNECTION_REFUSED @ http://localhost:8099/stream:0
[171858708ms] [ERROR] Failed to load resource: net::ERR_CONNECTION_REFUSED @ http://localhost:8099/stream:0
[171861713ms] [ERROR] Failed to load resource: net::ERR_CONNECTION_REFUSED @ http://localhost:8099/stream:0
[171864719ms] [ERROR] Failed to load resource: net::ERR_CONNECTION_REFUSED @ http://localhost:8099/stream:0
[171867723ms] [ERROR] Failed to load resource: net::ERR_CONNECTION_REFUSED @ http://localhost:8099/stream:0
[171870728ms] [ERROR] Failed to load resource: net::ERR_CONNECTION_REFUSED @ http://localhost:8099/stream:0
[171873734ms] [ERROR] Failed to load resource: net::ERR_CONNECTION_REFUSED @ http://localhost:8099/stream:0
[171876740ms] [ERROR] Failed to load resource: net::ERR_CONNECTION_REFUSED @ http://localhost:8099/stream:0
[171879746ms] [ERROR] Failed to load resource: net::ERR_CONNECTION_REFUSED @ http://localhost:8099/stream:0
[171882751ms] [ERROR] Failed to load resource: net::ERR_CONNECTION_REFUSED @ http://localhost:8099/stream:0
[171952708ms] [ERROR] Failed to load resource: net::ERR_CONNECTION_REFUSED @ http://localhost:8099/stream:0
[171955713ms] [ERROR] Failed to load resource: net::ERR_CONNECTION_REFUSED @ http://localhost:8099/stream:0
[171958718ms] [ERROR] Failed to load resource: net::ERR_CONNECTION_REFUSED @ http://localhost:8099/stream:0
[171961723ms] [ERROR] Failed to load resource: net::ERR_CONNECTION_REFUSED @ http://localhost:8099/stream:0
[171964729ms] [ERROR] Failed to load resource: net::ERR_CONNECTION_REFUSED @ http://localhost:8099/stream:0
[171967735ms] [ERROR] Failed to load resource: net::ERR_CONNECTION_REFUSED @ http://localhost:8099/stream:0
[171970741ms] [ERROR] Failed to load resource: net::ERR_CONNECTION_REFUSED @ http://localhost:8099/stream:0
[171973746ms] [ERROR] Failed to load resource: net::ERR_CONNECTION_REFUSED @ http://localhost:8099/stream:0
[171976751ms] [ERROR] Failed to load resource: net::ERR_CONNECTION_REFUSED @ http://localhost:8099/stream:0
[171979757ms] [ERROR] Failed to load resource: net::ERR_CONNECTION_REFUSED @ http://localhost:8099/stream:0
[171982762ms] [ERROR] Failed to load resource: net::ERR_CONNECTION_REFUSED @ http://localhost:8099/stream:0
[171985768ms] [ERROR] Failed to load resource: net::ERR_CONNECTION_REFUSED @ http://localhost:8099/stream:0
[171988773ms] [ERROR] Failed to load resource: net::ERR_CONNECTION_REFUSED @ http://localhost:8099/stream:0
[171991777ms] [ERROR] Failed to load resource: net::ERR_CONNECTION_REFUSED @ http://localhost:8099/stream:0
[171994783ms] [ERROR] Failed to load resource: net::ERR_CONNECTION_REFUSED @ http://localhost:8099/stream:0
[171997789ms] [ERROR] Failed to load resource: net::ERR_CONNECTION_REFUSED @ http://localhost:8099/stream:0
[172063330ms] [ERROR] Failed to load resource: net::ERR_CONNECTION_REFUSED @ http://localhost:8099/stream:0
[172066336ms] [ERROR] Failed to load resource: net::ERR_CONNECTION_REFUSED @ http://localhost:8099/stream:0
[172069341ms] [ERROR] Failed to load resource: net::ERR_CONNECTION_REFUSED @ http://localhost:8099/stream:0
[172072347ms] [ERROR] Failed to load resource: net::ERR_CONNECTION_REFUSED @ http://localhost:8099/stream:0
[172075352ms] [ERROR] Failed to load resource: net::ERR_CONNECTION_REFUSED @ http://localhost:8099/stream:0
[172078357ms] [ERROR] Failed to load resource: net::ERR_CONNECTION_REFUSED @ http://localhost:8099/stream:0
[172081364ms] [ERROR] Failed to load resource: net::ERR_CONNECTION_REFUSED @ http://localhost:8099/stream:0
[172084367ms] [ERROR] Failed to load resource: net::ERR_CONNECTION_REFUSED @ http://localhost:8099/stream:0
[172087373ms] [ERROR] Failed to load resource: net::ERR_CONNECTION_REFUSED @ http://localhost:8099/stream:0
[172090379ms] [ERROR] Failed to load resource: net::ERR_CONNECTION_REFUSED @ http://localhost:8099/stream:0
[172093385ms] [ERROR] Failed to load resource: net::ERR_CONNECTION_REFUSED @ http://localhost:8099/stream:0
[172096390ms] [ERROR] Failed to load resource: net::ERR_CONNECTION_REFUSED @ http://localhost:8099/stream:0
[172099395ms] [ERROR] Failed to load resource: net::ERR_CONNECTION_REFUSED @ http://localhost:8099/stream:0
[172102401ms] [ERROR] Failed to load resource: net::ERR_CONNECTION_REFUSED @ http://localhost:8099/stream:0
[172105406ms] [ERROR] Failed to load resource: net::ERR_CONNECTION_REFUSED @ http://localhost:8099/stream:0
[172108413ms] [ERROR] Failed to load resource: net::ERR_CONNECTION_REFUSED @ http://localhost:8099/stream:0
[172261126ms] [ERROR] Failed to load resource: net::ERR_CONNECTION_REFUSED @ http://localhost:8099/stream:0
[172264132ms] [ERROR] Failed to load resource: net::ERR_CONNECTION_REFUSED @ http://localhost:8099/stream:0
[172267135ms] [ERROR] Failed to load resource: net::ERR_CONNECTION_REFUSED @ http://localhost:8099/stream:0
[172270140ms] [ERROR] Failed to load resource: net::ERR_CONNECTION_REFUSED @ http://localhost:8099/stream:0
[172273145ms] [ERROR] Failed to load resource: net::ERR_CONNECTION_REFUSED @ http://localhost:8099/stream:0
[172276151ms] [ERROR] Failed to load resource: net::ERR_CONNECTION_REFUSED @ http://localhost:8099/stream:0
[172279156ms] [ERROR] Failed to load resource: net::ERR_CONNECTION_REFUSED @ http://localhost:8099/stream:0
[172282162ms] [ERROR] Failed to load resource: net::ERR_CONNECTION_REFUSED @ http://localhost:8099/stream:0
[172285167ms] [ERROR] Failed to load resource: net::ERR_CONNECTION_REFUSED @ http://localhost:8099/stream:0
[172288173ms] [ERROR] Failed to load resource: net::ERR_CONNECTION_REFUSED @ http://localhost:8099/stream:0
[172291177ms] [ERROR] Failed to load resource: net::ERR_CONNECTION_REFUSED @ http://localhost:8099/stream:0
[172294182ms] [ERROR] Failed to load resource: net::ERR_CONNECTION_REFUSED @ http://localhost:8099/stream:0
[172297188ms] [ERROR] Failed to load resource: net::ERR_CONNECTION_REFUSED @ http://localhost:8099/stream:0
[172300193ms] [ERROR] Failed to load resource: net::ERR_CONNECTION_REFUSED @ http://localhost:8099/stream:0
[172303199ms] [ERROR] Failed to load resource: net::ERR_CONNECTION_REFUSED @ http://localhost:8099/stream:0
[172417622ms] [ERROR] Failed to load resource: net::ERR_CONNECTION_REFUSED @ http://localhost:8099/stream:0
[172420625ms] [ERROR] Failed to load resource: net::ERR_CONNECTION_REFUSED @ http://localhost:8099/stream:0
[172423631ms] [ERROR] Failed to load resource: net::ERR_CONNECTION_REFUSED @ http://localhost:8099/stream:0
[172426637ms] [ERROR] Failed to load resource: net::ERR_CONNECTION_REFUSED @ http://localhost:8099/stream:0
[172429642ms] [ERROR] Failed to load resource: net::ERR_CONNECTION_REFUSED @ http://localhost:8099/stream:0
[172432647ms] [ERROR] Failed to load resource: net::ERR_CONNECTION_REFUSED @ http://localhost:8099/stream:0
[172435652ms] [ERROR] Failed to load resource: net::ERR_CONNECTION_REFUSED @ http://localhost:8099/stream:0
[172438657ms] [ERROR] Failed to load resource: net::ERR_CONNECTION_REFUSED @ http://localhost:8099/stream:0
[172441662ms] [ERROR] Failed to load resource: net::ERR_CONNECTION_REFUSED @ http://localhost:8099/stream:0
[172444667ms] [ERROR] Failed to load resource: net::ERR_CONNECTION_REFUSED @ http://localhost:8099/stream:0
[172447673ms] [ERROR] Failed to load resource: net::ERR_CONNECTION_REFUSED @ http://localhost:8099/stream:0
[172450679ms] [ERROR] Failed to load resource: net::ERR_CONNECTION_REFUSED @ http://localhost:8099/stream:0
[172453683ms] [ERROR] Failed to load resource: net::ERR_CONNECTION_REFUSED @ http://localhost:8099/stream:0
[172456689ms] [ERROR] Failed to load resource: net::ERR_CONNECTION_REFUSED @ http://localhost:8099/stream:0
[172459694ms] [ERROR] Failed to load resource: net::ERR_CONNECTION_REFUSED @ http://localhost:8099/stream:0
[172462698ms] [ERROR] Failed to load resource: net::ERR_CONNECTION_REFUSED @ http://localhost:8099/stream:0
[172709642ms] [ERROR] Failed to load resource: net::ERR_CONNECTION_REFUSED @ http://localhost:8099/stream:0
[172712647ms] [ERROR] Failed to load resource: net::ERR_CONNECTION_REFUSED @ http://localhost:8099/stream:0
[172715653ms] [ERROR] Failed to load resource: net::ERR_CONNECTION_REFUSED @ http://localhost:8099/stream:0
[172718658ms] [ERROR] Failed to load resource: net::ERR_CONNECTION_REFUSED @ http://localhost:8099/stream:0
[172721664ms] [ERROR] Failed to load resource: net::ERR_CONNECTION_REFUSED @ http://localhost:8099/stream:0
[172724670ms] [ERROR] Failed to load resource: net::ERR_CONNECTION_REFUSED @ http://localhost:8099/stream:0
[172727674ms] [ERROR] Failed to load resource: net::ERR_CONNECTION_REFUSED @ http://localhost:8099/stream:0
[172730679ms] [ERROR] Failed to load resource: net::ERR_CONNECTION_REFUSED @ http://localhost:8099/stream:0
[172733685ms] [ERROR] Failed to load resource: net::ERR_CONNECTION_REFUSED @ http://localhost:8099/stream:0
[172736689ms] [ERROR] Failed to load resource: net::ERR_CONNECTION_REFUSED @ http://localhost:8099/stream:0
[172739695ms] [ERROR] Failed to load resource: net::ERR_CONNECTION_REFUSED @ http://localhost:8099/stream:0
[172742700ms] [ERROR] Failed to load resource: net::ERR_CONNECTION_REFUSED @ http://localhost:8099/stream:0
[172745704ms] [ERROR] Failed to load resource: net::ERR_CONNECTION_REFUSED @ http://localhost:8099/stream:0
[172748708ms] [ERROR] Failed to load resource: net::ERR_CONNECTION_REFUSED @ http://localhost:8099/stream:0
[172751714ms] [ERROR] Failed to load resource: net::ERR_CONNECTION_REFUSED @ http://localhost:8099/stream:0
[172754719ms] [ERROR] Failed to load resource: net::ERR_CONNECTION_REFUSED @ http://localhost:8099/stream:0
[173658734ms] [ERROR] Failed to load resource: net::ERR_CONNECTION_REFUSED @ http://localhost:8099/stream:0
[173661739ms] [ERROR] Failed to load resource: net::ERR_CONNECTION_REFUSED @ http://localhost:8099/stream:0
[173664744ms] [ERROR] Failed to load resource: net::ERR_CONNECTION_REFUSED @ http://localhost:8099/stream:0
[173667750ms] [ERROR] Failed to load resource: net::ERR_CONNECTION_REFUSED @ http://localhost:8099/stream:0
[173670755ms] [ERROR] Failed to load resource: net::ERR_CONNECTION_REFUSED @ http://localhost:8099/stream:0
[173673760ms] [ERROR] Failed to load resource: net::ERR_CONNECTION_REFUSED @ http://localhost:8099/stream:0
[173676766ms] [ERROR] Failed to load resource: net::ERR_CONNECTION_REFUSED @ http://localhost:8099/stream:0
[173679772ms] [ERROR] Failed to load resource: net::ERR_CONNECTION_REFUSED @ http://localhost:8099/stream:0
[173682775ms] [ERROR] Failed to load resource: net::ERR_CONNECTION_REFUSED @ http://localhost:8099/stream:0
[173685781ms] [ERROR] Failed to load resource: net::ERR_CONNECTION_REFUSED @ http://localhost:8099/stream:0
[173688785ms] [ERROR] Failed to load resource: net::ERR_CONNECTION_REFUSED @ http://localhost:8099/stream:0
[173691790ms] [ERROR] Failed to load resource: net::ERR_CONNECTION_REFUSED @ http://localhost:8099/stream:0
[173694796ms] [ERROR] Failed to load resource: net::ERR_CONNECTION_REFUSED @ http://localhost:8099/stream:0
[173697800ms] [ERROR] Failed to load resource: net::ERR_CONNECTION_REFUSED @ http://localhost:8099/stream:0
[173700806ms] [ERROR] Failed to load resource: net::ERR_CONNECTION_REFUSED @ http://localhost:8099/stream:0
[174717924ms] [ERROR] Failed to load resource: net::ERR_CONNECTION_REFUSED @ http://localhost:8099/stream:0
[174720930ms] [ERROR] Failed to load resource: net::ERR_CONNECTION_REFUSED @ http://localhost:8099/stream:0
[174725465ms] [ERROR] Failed to load resource: net::ERR_CONNECTION_REFUSED @ http://localhost:8099/stream:0
[174728469ms] [ERROR] Failed to load resource: net::ERR_CONNECTION_REFUSED @ http://localhost:8099/stream:0
[174731475ms] [ERROR] Failed to load resource: net::ERR_CONNECTION_REFUSED @ http://localhost:8099/stream:0
[174734479ms] [ERROR] Failed to load resource: net::ERR_CONNECTION_REFUSED @ http://localhost:8099/stream:0
[174737484ms] [ERROR] Failed to load resource: net::ERR_CONNECTION_REFUSED @ http://localhost:8099/stream:0
[174740489ms] [ERROR] Failed to load resource: net::ERR_CONNECTION_REFUSED @ http://localhost:8099/stream:0
[174743494ms] [ERROR] Failed to load resource: net::ERR_CONNECTION_REFUSED @ http://localhost:8099/stream:0
[174746498ms] [ERROR] Failed to load resource: net::ERR_CONNECTION_REFUSED @ http://localhost:8099/stream:0
[174749504ms] [ERROR] Failed to load resource: net::ERR_CONNECTION_REFUSED @ http://localhost:8099/stream:0
[174752510ms] [ERROR] Failed to load resource: net::ERR_CONNECTION_REFUSED @ http://localhost:8099/stream:0
[174755516ms] [ERROR] Failed to load resource: net::ERR_CONNECTION_REFUSED @ http://localhost:8099/stream:0
[174758522ms] [ERROR] Failed to load resource: net::ERR_CONNECTION_REFUSED @ http://localhost:8099/stream:0
[174761527ms] [ERROR] Failed to load resource: net::ERR_CONNECTION_REFUSED @ http://localhost:8099/stream:0
[174764533ms] [ERROR] Failed to load resource: net::ERR_CONNECTION_REFUSED @ http://localhost:8099/stream:0
[174767539ms] [ERROR] Failed to load resource: net::ERR_CONNECTION_REFUSED @ http://localhost:8099/stream:0
[174770542ms] [ERROR] Failed to load resource: net::ERR_CONNECTION_REFUSED @ http://localhost:8099/stream:0
[175707521ms] [ERROR] Failed to load resource: net::ERR_CONNECTION_REFUSED @ http://localhost:8099/stream:0
[175710526ms] [ERROR] Failed to load resource: net::ERR_CONNECTION_REFUSED @ http://localhost:8099/stream:0
[175813896ms] [ERROR] Failed to load resource: net::ERR_CONNECTION_REFUSED @ http://localhost:8099/stream:0
[175816902ms] [ERROR] Failed to load resource: net::ERR_CONNECTION_REFUSED @ http://localhost:8099/stream:0
[175819908ms] [ERROR] Failed to load resource: net::ERR_CONNECTION_REFUSED @ http://localhost:8099/stream:0
[175822913ms] [ERROR] Failed to load resource: net::ERR_CONNECTION_REFUSED @ http://localhost:8099/stream:0
[175825917ms] [ERROR] Failed to load resource: net::ERR_CONNECTION_REFUSED @ http://localhost:8099/stream:0
[175828922ms] [ERROR] Failed to load resource: net::ERR_CONNECTION_REFUSED @ http://localhost:8099/stream:0
[175831927ms] [ERROR] Failed to load resource: net::ERR_CONNECTION_REFUSED @ http://localhost:8099/stream:0
[175834933ms] [ERROR] Failed to load resource: net::ERR_CONNECTION_REFUSED @ http://localhost:8099/stream:0
[175837938ms] [ERROR] Failed to load resource: net::ERR_CONNECTION_REFUSED @ http://localhost:8099/stream:0
[175840942ms] [ERROR] Failed to load resource: net::ERR_CONNECTION_REFUSED @ http://localhost:8099/stream:0
[175843948ms] [ERROR] Failed to load resource: net::ERR_CONNECTION_REFUSED @ http://localhost:8099/stream:0
[175846953ms] [ERROR] Failed to load resource: net::ERR_CONNECTION_REFUSED @ http://localhost:8099/stream:0
[175849958ms] [ERROR] Failed to load resource: net::ERR_CONNECTION_REFUSED @ http://localhost:8099/stream:0
[175852963ms] [ERROR] Failed to load resource: net::ERR_CONNECTION_REFUSED @ http://localhost:8099/stream:0
[175855968ms] [ERROR] Failed to load resource: net::ERR_CONNECTION_REFUSED @ http://localhost:8099/stream:0
[176119219ms] [ERROR] Failed to load resource: net::ERR_CONNECTION_REFUSED @ http://localhost:8099/stream:0
[176122225ms] [ERROR] Failed to load resource: net::ERR_CONNECTION_REFUSED @ http://localhost:8099/stream:0
[176125230ms] [ERROR] Failed to load resource: net::ERR_CONNECTION_REFUSED @ http://localhost:8099/stream:0
[176128237ms] [ERROR] Failed to load resource: net::ERR_CONNECTION_REFUSED @ http://localhost:8099/stream:0
[176131241ms] [ERROR] Failed to load resource: net::ERR_CONNECTION_REFUSED @ http://localhost:8099/stream:0
[176134247ms] [ERROR] Failed to load resource: net::ERR_CONNECTION_REFUSED @ http://localhost:8099/stream:0
[176137252ms] [ERROR] Failed to load resource: net::ERR_CONNECTION_REFUSED @ http://localhost:8099/stream:0
[176140258ms] [ERROR] Failed to load resource: net::ERR_CONNECTION_REFUSED @ http://localhost:8099/stream:0
[176143264ms] [ERROR] Failed to load resource: net::ERR_CONNECTION_REFUSED @ http://localhost:8099/stream:0
[176146269ms] [ERROR] Failed to load resource: net::ERR_CONNECTION_REFUSED @ http://localhost:8099/stream:0
[176149274ms] [ERROR] Failed to load resource: net::ERR_CONNECTION_REFUSED @ http://localhost:8099/stream:0
[176152278ms] [ERROR] Failed to load resource: net::ERR_CONNECTION_REFUSED @ http://localhost:8099/stream:0
[176155283ms] [ERROR] Failed to load resource: net::ERR_CONNECTION_REFUSED @ http://localhost:8099/stream:0
[176158289ms] [ERROR] Failed to load resource: net::ERR_CONNECTION_REFUSED @ http://localhost:8099/stream:0
[176161294ms] [ERROR] Failed to load resource: net::ERR_CONNECTION_REFUSED @ http://localhost:8099/stream:0
[176164300ms] [ERROR] Failed to load resource: net::ERR_CONNECTION_REFUSED @ http://localhost:8099/stream:0
[177175265ms] [ERROR] Failed to load resource: net::ERR_CONNECTION_REFUSED @ http://localhost:8099/stream:0
[177178272ms] [ERROR] Failed to load resource: net::ERR_CONNECTION_REFUSED @ http://localhost:8099/stream:0
[177335047ms] [ERROR] Failed to load resource: net::ERR_CONNECTION_REFUSED @ http://localhost:8099/stream:0
[177338052ms] [ERROR] Failed to load resource: net::ERR_CONNECTION_REFUSED @ http://localhost:8099/stream:0
[177341057ms] [ERROR] Failed to load resource: net::ERR_CONNECTION_REFUSED @ http://localhost:8099/stream:0
[177344060ms] [ERROR] Failed to load resource: net::ERR_CONNECTION_REFUSED @ http://localhost:8099/stream:0
[177347064ms] [ERROR] Failed to load resource: net::ERR_CONNECTION_REFUSED @ http://localhost:8099/stream:0
[177350069ms] [ERROR] Failed to load resource: net::ERR_CONNECTION_REFUSED @ http://localhost:8099/stream:0
[177353072ms] [ERROR] Failed to load resource: net::ERR_CONNECTION_REFUSED @ http://localhost:8099/stream:0
[177356078ms] [ERROR] Failed to load resource: net::ERR_CONNECTION_REFUSED @ http://localhost:8099/stream:0
[177359083ms] [ERROR] Failed to load resource: net::ERR_CONNECTION_REFUSED @ http://localhost:8099/stream:0
[177362088ms] [ERROR] Failed to load resource: net::ERR_CONNECTION_REFUSED @ http://localhost:8099/stream:0
[177365092ms] [ERROR] Failed to load resource: net::ERR_CONNECTION_REFUSED @ http://localhost:8099/stream:0
[177368098ms] [ERROR] Failed to load resource: net::ERR_CONNECTION_REFUSED @ http://localhost:8099/stream:0
[177371104ms] [ERROR] Failed to load resource: net::ERR_CONNECTION_REFUSED @ http://localhost:8099/stream:0
[177374110ms] [ERROR] Failed to load resource: net::ERR_CONNECTION_REFUSED @ http://localhost:8099/stream:0
[177377115ms] [ERROR] Failed to load resource: net::ERR_CONNECTION_REFUSED @ http://localhost:8099/stream:0
[178393963ms] [ERROR] Failed to load resource: net::ERR_CONNECTION_REFUSED @ http://localhost:8099/stream:0
[178396972ms] [ERROR] Failed to load resource: net::ERR_CONNECTION_REFUSED @ http://localhost:8099/stream:0
[179300958ms] [ERROR] Failed to load resource: net::ERR_CONNECTION_REFUSED @ http://localhost:8099/stream:0
[179303965ms] [ERROR] Failed to load resource: net::ERR_CONNECTION_REFUSED @ http://localhost:8099/stream:0
[179306969ms] [ERROR] Failed to load resource: net::ERR_CONNECTION_REFUSED @ http://localhost:8099/stream:0
[179309973ms] [ERROR] Failed to load resource: net::ERR_CONNECTION_REFUSED @ http://localhost:8099/stream:0
[179312977ms] [ERROR] Failed to load resource: net::ERR_CONNECTION_REFUSED @ http://localhost:8099/stream:0
[179315982ms] [ERROR] Failed to load resource: net::ERR_CONNECTION_REFUSED @ http://localhost:8099/stream:0
[179318986ms] [ERROR] Failed to load resource: net::ERR_CONNECTION_REFUSED @ http://localhost:8099/stream:0
[179321991ms] [ERROR] Failed to load resource: net::ERR_CONNECTION_REFUSED @ http://localhost:8099/stream:0
[179324996ms] [ERROR] Failed to load resource: net::ERR_CONNECTION_REFUSED @ http://localhost:8099/stream:0
[179328001ms] [ERROR] Failed to load resource: net::ERR_CONNECTION_REFUSED @ http://localhost:8099/stream:0
[179331004ms] [ERROR] Failed to load resource: net::ERR_CONNECTION_REFUSED @ http://localhost:8099/stream:0
[179334008ms] [ERROR] Failed to load resource: net::ERR_CONNECTION_REFUSED @ http://localhost:8099/stream:0
[179337013ms] [ERROR] Failed to load resource: net::ERR_CONNECTION_REFUSED @ http://localhost:8099/stream:0
[179340017ms] [ERROR] Failed to load resource: net::ERR_CONNECTION_REFUSED @ http://localhost:8099/stream:0
[179343023ms] [ERROR] Failed to load resource: net::ERR_CONNECTION_REFUSED @ http://localhost:8099/stream:0
[179346028ms] [ERROR] Failed to load resource: net::ERR_CONNECTION_REFUSED @ http://localhost:8099/stream:0
[179826499ms] [ERROR] Failed to load resource: net::ERR_CONNECTION_REFUSED @ http://localhost:8099/stream:0
[179829504ms] [ERROR] Failed to load resource: net::ERR_CONNECTION_REFUSED @ http://localhost:8099/stream:0
[179832509ms] [ERROR] Failed to load resource: net::ERR_CONNECTION_REFUSED @ http://localhost:8099/stream:0
[179835519ms] [ERROR] Failed to load resource: net::ERR_CONNECTION_REFUSED @ http://localhost:8099/stream:0
[179838524ms] [ERROR] Failed to load resource: net::ERR_CONNECTION_REFUSED @ http://localhost:8099/stream:0
[179841530ms] [ERROR] Failed to load resource: net::ERR_CONNECTION_REFUSED @ http://localhost:8099/stream:0
[179844535ms] [ERROR] Failed to load resource: net::ERR_CONNECTION_REFUSED @ http://localhost:8099/stream:0
[179847541ms] [ERROR] Failed to load resource: net::ERR_CONNECTION_REFUSED @ http://localhost:8099/stream:0
[179850546ms] [ERROR] Failed to load resource: net::ERR_CONNECTION_REFUSED @ http://localhost:8099/stream:0
[179853552ms] [ERROR] Failed to load resource: net::ERR_CONNECTION_REFUSED @ http://localhost:8099/stream:0
[179856556ms] [ERROR] Failed to load resource: net::ERR_CONNECTION_REFUSED @ http://localhost:8099/stream:0
[179859562ms] [ERROR] Failed to load resource: net::ERR_CONNECTION_REFUSED @ http://localhost:8099/stream:0
[179862565ms] [ERROR] Failed to load resource: net::ERR_CONNECTION_REFUSED @ http://localhost:8099/stream:0
[179865568ms] [ERROR] Failed to load resource: net::ERR_CONNECTION_REFUSED @ http://localhost:8099/stream:0
[179868574ms] [ERROR] Failed to load resource: net::ERR_CONNECTION_REFUSED @ http://localhost:8099/stream:0
[180141412ms] [ERROR] Failed to load resource: net::ERR_CONNECTION_REFUSED @ http://localhost:8099/stream:0
[180144419ms] [ERROR] Failed to load resource: net::ERR_CONNECTION_REFUSED @ http://localhost:8099/stream:0
[180147425ms] [ERROR] Failed to load resource: net::ERR_CONNECTION_REFUSED @ http://localhost:8099/stream:0
[180150429ms] [ERROR] Failed to load resource: net::ERR_CONNECTION_REFUSED @ http://localhost:8099/stream:0
[180153434ms] [ERROR] Failed to load resource: net::ERR_CONNECTION_REFUSED @ http://localhost:8099/stream:0
[180156437ms] [ERROR] Failed to load resource: net::ERR_CONNECTION_REFUSED @ http://localhost:8099/stream:0
[180159445ms] [ERROR] Failed to load resource: net::ERR_CONNECTION_REFUSED @ http://localhost:8099/stream:0
[180162448ms] [ERROR] Failed to load resource: net::ERR_CONNECTION_REFUSED @ http://localhost:8099/stream:0
[180165452ms] [ERROR] Failed to load resource: net::ERR_CONNECTION_REFUSED @ http://localhost:8099/stream:0
[180168456ms] [ERROR] Failed to load resource: net::ERR_CONNECTION_REFUSED @ http://localhost:8099/stream:0
[180171461ms] [ERROR] Failed to load resource: net::ERR_CONNECTION_REFUSED @ http://localhost:8099/stream:0
[180174466ms] [ERROR] Failed to load resource: net::ERR_CONNECTION_REFUSED @ http://localhost:8099/stream:0
[180177470ms] [ERROR] Failed to load resource: net::ERR_CONNECTION_REFUSED @ http://localhost:8099/stream:0
[180180474ms] [ERROR] Failed to load resource: net::ERR_CONNECTION_REFUSED @ http://localhost:8099/stream:0
[180183479ms] [ERROR] Failed to load resource: net::ERR_CONNECTION_REFUSED @ http://localhost:8099/stream:0
[180186483ms] [ERROR] Failed to load resource: net::ERR_CONNECTION_REFUSED @ http://localhost:8099/stream:0
[181092401ms] [ERROR] Failed to load resource: net::ERR_CONNECTION_REFUSED @ http://localhost:8099/stream:0
[181095407ms] [ERROR] Failed to load resource: net::ERR_CONNECTION_REFUSED @ http://localhost:8099/stream:0
[181098412ms] [ERROR] Failed to load resource: net::ERR_CONNECTION_REFUSED @ http://localhost:8099/stream:0
[181101415ms] [ERROR] Failed to load resource: net::ERR_CONNECTION_REFUSED @ http://localhost:8099/stream:0
[181104421ms] [ERROR] Failed to load resource: net::ERR_CONNECTION_REFUSED @ http://localhost:8099/stream:0
[181107427ms] [ERROR] Failed to load resource: net::ERR_CONNECTION_REFUSED @ http://localhost:8099/stream:0
[181110432ms] [ERROR] Failed to load resource: net::ERR_CONNECTION_REFUSED @ http://localhost:8099/stream:0
[181113438ms] [ERROR] Failed to load resource: net::ERR_CONNECTION_REFUSED @ http://localhost:8099/stream:0
[181116444ms] [ERROR] Failed to load resource: net::ERR_CONNECTION_REFUSED @ http://localhost:8099/stream:0
[181119449ms] [ERROR] Failed to load resource: net::ERR_CONNECTION_REFUSED @ http://localhost:8099/stream:0
[181122455ms] [ERROR] Failed to load resource: net::ERR_CONNECTION_REFUSED @ http://localhost:8099/stream:0
[181125461ms] [ERROR] Failed to load resource: net::ERR_CONNECTION_REFUSED @ http://localhost:8099/stream:0
[181128465ms] [ERROR] Failed to load resource: net::ERR_CONNECTION_REFUSED @ http://localhost:8099/stream:0
[181131471ms] [ERROR] Failed to load resource: net::ERR_CONNECTION_REFUSED @ http://localhost:8099/stream:0
[181134477ms] [ERROR] Failed to load resource: net::ERR_CONNECTION_REFUSED @ http://localhost:8099/stream:0
[181137482ms] [ERROR] Failed to load resource: net::ERR_CONNECTION_REFUSED @ http://localhost:8099/stream:0
[181680849ms] [ERROR] Failed to load resource: net::ERR_CONNECTION_REFUSED @ http://localhost:8099/stream:0
[181683853ms] [ERROR] Failed to load resource: net::ERR_CONNECTION_REFUSED @ http://localhost:8099/stream:0
[181686858ms] [ERROR] Failed to load resource: net::ERR_CONNECTION_REFUSED @ http://localhost:8099/stream:0
[181689863ms] [ERROR] Failed to load resource: net::ERR_CONNECTION_REFUSED @ http://localhost:8099/stream:0
[181692868ms] [ERROR] Failed to load resource: net::ERR_CONNECTION_REFUSED @ http://localhost:8099/stream:0
[181695872ms] [ERROR] Failed to load resource: net::ERR_CONNECTION_REFUSED @ http://localhost:8099/stream:0
[181698877ms] [ERROR] Failed to load resource: net::ERR_CONNECTION_REFUSED @ http://localhost:8099/stream:0
[181701882ms] [ERROR] Failed to load resource: net::ERR_CONNECTION_REFUSED @ http://localhost:8099/stream:0
[181704888ms] [ERROR] Failed to load resource: net::ERR_CONNECTION_REFUSED @ http://localhost:8099/stream:0
[181707894ms] [ERROR] Failed to load resource: net::ERR_CONNECTION_REFUSED @ http://localhost:8099/stream:0
[181710899ms] [ERROR] Failed to load resource: net::ERR_CONNECTION_REFUSED @ http://localhost:8099/stream:0
[181713904ms] [ERROR] Failed to load resource: net::ERR_CONNECTION_REFUSED @ http://localhost:8099/stream:0
[181716910ms] [ERROR] Failed to load resource: net::ERR_CONNECTION_REFUSED @ http://localhost:8099/stream:0
[181719915ms] [ERROR] Failed to load resource: net::ERR_CONNECTION_REFUSED @ http://localhost:8099/stream:0
[181722919ms] [ERROR] Failed to load resource: net::ERR_CONNECTION_REFUSED @ http://localhost:8099/stream:0
[181725924ms] [ERROR] Failed to load resource: net::ERR_CONNECTION_REFUSED @ http://localhost:8099/stream:0
[181737348ms] [ERROR] Failed to load resource: net::ERR_CONNECTION_REFUSED @ http://localhost:8099/stream:0
[181740353ms] [ERROR] Failed to load resource: net::ERR_CONNECTION_REFUSED @ http://localhost:8099/stream:0
[181743357ms] [ERROR] Failed to load resource: net::ERR_CONNECTION_REFUSED @ http://localhost:8099/stream:0
[181746363ms] [ERROR] Failed to load resource: net::ERR_CONNECTION_REFUSED @ http://localhost:8099/stream:0
[181749367ms] [ERROR] Failed to load resource: net::ERR_CONNECTION_REFUSED @ http://localhost:8099/stream:0
[181752373ms] [ERROR] Failed to load resource: net::ERR_CONNECTION_REFUSED @ http://localhost:8099/stream:0
[181755377ms] [ERROR] Failed to load resource: net::ERR_CONNECTION_REFUSED @ http://localhost:8099/stream:0
[181758380ms] [ERROR] Failed to load resource: net::ERR_CONNECTION_REFUSED @ http://localhost:8099/stream:0
[181761384ms] [ERROR] Failed to load resource: net::ERR_CONNECTION_REFUSED @ http://localhost:8099/stream:0
[181764389ms] [ERROR] Failed to load resource: net::ERR_CONNECTION_REFUSED @ http://localhost:8099/stream:0
[181767395ms] [ERROR] Failed to load resource: net::ERR_CONNECTION_REFUSED @ http://localhost:8099/stream:0
[181770400ms] [ERROR] Failed to load resource: net::ERR_CONNECTION_REFUSED @ http://localhost:8099/stream:0
[181773406ms] [ERROR] Failed to load resource: net::ERR_CONNECTION_REFUSED @ http://localhost:8099/stream:0
[181776411ms] [ERROR] Failed to load resource: net::ERR_CONNECTION_REFUSED @ http://localhost:8099/stream:0
[181779417ms] [ERROR] Failed to load resource: net::ERR_CONNECTION_REFUSED @ http://localhost:8099/stream:0
[181876085ms] [ERROR] Failed to load resource: net::ERR_CONNECTION_REFUSED @ http://localhost:8099/stream:0
[181879091ms] [ERROR] Failed to load resource: net::ERR_CONNECTION_REFUSED @ http://localhost:8099/stream:0
[181882094ms] [ERROR] Failed to load resource: net::ERR_CONNECTION_REFUSED @ http://localhost:8099/stream:0
[181885101ms] [ERROR] Failed to load resource: net::ERR_CONNECTION_REFUSED @ http://localhost:8099/stream:0
[181888107ms] [ERROR] Failed to load resource: net::ERR_CONNECTION_REFUSED @ http://localhost:8099/stream:0
[181891111ms] [ERROR] Failed to load resource: net::ERR_CONNECTION_REFUSED @ http://localhost:8099/stream:0
[181894117ms] [ERROR] Failed to load resource: net::ERR_CONNECTION_REFUSED @ http://localhost:8099/stream:0
[181897122ms] [ERROR] Failed to load resource: net::ERR_CONNECTION_REFUSED @ http://localhost:8099/stream:0
[181900129ms] [ERROR] Failed to load resource: net::ERR_CONNECTION_REFUSED @ http://localhost:8099/stream:0
[181903135ms] [ERROR] Failed to load resource: net::ERR_CONNECTION_REFUSED @ http://localhost:8099/stream:0
[181906138ms] [ERROR] Failed to load resource: net::ERR_CONNECTION_REFUSED @ http://localhost:8099/stream:0
[181909145ms] [ERROR] Failed to load resource: net::ERR_CONNECTION_REFUSED @ http://localhost:8099/stream:0
[181912150ms] [ERROR] Failed to load resource: net::ERR_CONNECTION_REFUSED @ http://localhost:8099/stream:0
[181915156ms] [ERROR] Failed to load resource: net::ERR_CONNECTION_REFUSED @ http://localhost:8099/stream:0
[181918162ms] [ERROR] Failed to load resource: net::ERR_CONNECTION_REFUSED @ http://localhost:8099/stream:0
[181921167ms] [ERROR] Failed to load resource: net::ERR_CONNECTION_REFUSED @ http://localhost:8099/stream:0
[182025280ms] [ERROR] Failed to load resource: net::ERR_CONNECTION_REFUSED @ http://localhost:8099/stream:0
[182028286ms] [ERROR] Failed to load resource: net::ERR_CONNECTION_REFUSED @ http://localhost:8099/stream:0
[182031292ms] [ERROR] Failed to load resource: net::ERR_CONNECTION_REFUSED @ http://localhost:8099/stream:0
[182034297ms] [ERROR] Failed to load resource: net::ERR_CONNECTION_REFUSED @ http://localhost:8099/stream:0
[182037302ms] [ERROR] Failed to load resource: net::ERR_CONNECTION_REFUSED @ http://localhost:8099/stream:0
[182040307ms] [ERROR] Failed to load resource: net::ERR_CONNECTION_REFUSED @ http://localhost:8099/stream:0
[182043313ms] [ERROR] Failed to load resource: net::ERR_CONNECTION_REFUSED @ http://localhost:8099/stream:0
[182046319ms] [ERROR] Failed to load resource: net::ERR_CONNECTION_REFUSED @ http://localhost:8099/stream:0
[182049325ms] [ERROR] Failed to load resource: net::ERR_CONNECTION_REFUSED @ http://localhost:8099/stream:0
[182052331ms] [ERROR] Failed to load resource: net::ERR_CONNECTION_REFUSED @ http://localhost:8099/stream:0
[182055337ms] [ERROR] Failed to load resource: net::ERR_CONNECTION_REFUSED @ http://localhost:8099/stream:0
[182058341ms] [ERROR] Failed to load resource: net::ERR_CONNECTION_REFUSED @ http://localhost:8099/stream:0
[182061348ms] [ERROR] Failed to load resource: net::ERR_CONNECTION_REFUSED @ http://localhost:8099/stream:0
[182064353ms] [ERROR] Failed to load resource: net::ERR_CONNECTION_REFUSED @ http://localhost:8099/stream:0
[182067358ms] [ERROR] Failed to load resource: net::ERR_CONNECTION_REFUSED @ http://localhost:8099/stream:0
[182070364ms] [ERROR] Failed to load resource: net::ERR_CONNECTION_REFUSED @ http://localhost:8099/stream:0
[182173076ms] [ERROR] Failed to load resource: net::ERR_CONNECTION_REFUSED @ http://localhost:8099/stream:0
[182176081ms] [ERROR] Failed to load resource: net::ERR_CONNECTION_REFUSED @ http://localhost:8099/stream:0
[182179086ms] [ERROR] Failed to load resource: net::ERR_CONNECTION_REFUSED @ http://localhost:8099/stream:0
[182182092ms] [ERROR] Failed to load resource: net::ERR_CONNECTION_REFUSED @ http://localhost:8099/stream:0
[182185097ms] [ERROR] Failed to load resource: net::ERR_CONNECTION_REFUSED @ http://localhost:8099/stream:0
[182188102ms] [ERROR] Failed to load resource: net::ERR_CONNECTION_REFUSED @ http://localhost:8099/stream:0
[182191106ms] [ERROR] Failed to load resource: net::ERR_CONNECTION_REFUSED @ http://localhost:8099/stream:0
[182194112ms] [ERROR] Failed to load resource: net::ERR_CONNECTION_REFUSED @ http://localhost:8099/stream:0
[182197118ms] [ERROR] Failed to load resource: net::ERR_CONNECTION_REFUSED @ http://localhost:8099/stream:0
[182200123ms] [ERROR] Failed to load resource: net::ERR_CONNECTION_REFUSED @ http://localhost:8099/stream:0
[182203128ms] [ERROR] Failed to load resource: net::ERR_CONNECTION_REFUSED @ http://localhost:8099/stream:0
[182206134ms] [ERROR] Failed to load resource: net::ERR_CONNECTION_REFUSED @ http://localhost:8099/stream:0
[182209138ms] [ERROR] Failed to load resource: net::ERR_CONNECTION_REFUSED @ http://localhost:8099/stream:0
[182212142ms] [ERROR] Failed to load resource: net::ERR_CONNECTION_REFUSED @ http://localhost:8099/stream:0
[182215146ms] [ERROR] Failed to load resource: net::ERR_CONNECTION_REFUSED @ http://localhost:8099/stream:0
[182319319ms] [ERROR] Failed to load resource: net::ERR_CONNECTION_REFUSED @ http://localhost:8099/stream:0
[182322323ms] [ERROR] Failed to load resource: net::ERR_CONNECTION_REFUSED @ http://localhost:8099/stream:0
[182325328ms] [ERROR] Failed to load resource: net::ERR_CONNECTION_REFUSED @ http://localhost:8099/stream:0
[182328332ms] [ERROR] Failed to load resource: net::ERR_CONNECTION_REFUSED @ http://localhost:8099/stream:0
[182331337ms] [ERROR] Failed to load resource: net::ERR_CONNECTION_REFUSED @ http://localhost:8099/stream:0
[182334343ms] [ERROR] Failed to load resource: net::ERR_CONNECTION_REFUSED @ http://localhost:8099/stream:0
[182337348ms] [ERROR] Failed to load resource: net::ERR_CONNECTION_REFUSED @ http://localhost:8099/stream:0
[182340353ms] [ERROR] Failed to load resource: net::ERR_CONNECTION_REFUSED @ http://localhost:8099/stream:0
[182343359ms] [ERROR] Failed to load resource: net::ERR_CONNECTION_REFUSED @ http://localhost:8099/stream:0
[182346365ms] [ERROR] Failed to load resource: net::ERR_CONNECTION_REFUSED @ http://localhost:8099/stream:0
[182349370ms] [ERROR] Failed to load resource: net::ERR_CONNECTION_REFUSED @ http://localhost:8099/stream:0
[182352375ms] [ERROR] Failed to load resource: net::ERR_CONNECTION_REFUSED @ http://localhost:8099/stream:0
[182355380ms] [ERROR] Failed to load resource: net::ERR_CONNECTION_REFUSED @ http://localhost:8099/stream:0
[182358386ms] [ERROR] Failed to load resource: net::ERR_CONNECTION_REFUSED @ http://localhost:8099/stream:0
[182361391ms] [ERROR] Failed to load resource: net::ERR_CONNECTION_REFUSED @ http://localhost:8099/stream:0
[182364398ms] [ERROR] Failed to load resource: net::ERR_CONNECTION_REFUSED @ http://localhost:8099/stream:0
[182448270ms] [ERROR] Failed to load resource: net::ERR_CONNECTION_REFUSED @ http://localhost:8099/stream:0
[182451277ms] [ERROR] Failed to load resource: net::ERR_CONNECTION_REFUSED @ http://localhost:8099/stream:0
[182454282ms] [ERROR] Failed to load resource: net::ERR_CONNECTION_REFUSED @ http://localhost:8099/stream:0
[182457287ms] [ERROR] Failed to load resource: net::ERR_CONNECTION_REFUSED @ http://localhost:8099/stream:0
[182460292ms] [ERROR] Failed to load resource: net::ERR_CONNECTION_REFUSED @ http://localhost:8099/stream:0
[182463299ms] [ERROR] Failed to load resource: net::ERR_CONNECTION_REFUSED @ http://localhost:8099/stream:0
[182466306ms] [ERROR] Failed to load resource: net::ERR_CONNECTION_REFUSED @ http://localhost:8099/stream:0
[182469309ms] [ERROR] Failed to load resource: net::ERR_CONNECTION_REFUSED @ http://localhost:8099/stream:0
[182472314ms] [ERROR] Failed to load resource: net::ERR_CONNECTION_REFUSED @ http://localhost:8099/stream:0
[182475320ms] [ERROR] Failed to load resource: net::ERR_CONNECTION_REFUSED @ http://localhost:8099/stream:0
[182478326ms] [ERROR] Failed to load resource: net::ERR_CONNECTION_REFUSED @ http://localhost:8099/stream:0
[182481332ms] [ERROR] Failed to load resource: net::ERR_CONNECTION_REFUSED @ http://localhost:8099/stream:0
[182484337ms] [ERROR] Failed to load resource: net::ERR_CONNECTION_REFUSED @ http://localhost:8099/stream:0
[182487343ms] [ERROR] Failed to load resource: net::ERR_CONNECTION_REFUSED @ http://localhost:8099/stream:0
[182490348ms] [ERROR] Failed to load resource: net::ERR_CONNECTION_REFUSED @ http://localhost:8099/stream:0
[182493351ms] [ERROR] Failed to load resource: net::ERR_CONNECTION_REFUSED @ http://localhost:8099/stream:0
[182578103ms] [ERROR] Failed to load resource: net::ERR_CONNECTION_REFUSED @ http://localhost:8099/stream:0
[182581108ms] [ERROR] Failed to load resource: net::ERR_CONNECTION_REFUSED @ http://localhost:8099/stream:0
[182584114ms] [ERROR] Failed to load resource: net::ERR_CONNECTION_REFUSED @ http://localhost:8099/stream:0
[182587120ms] [ERROR] Failed to load resource: net::ERR_CONNECTION_REFUSED @ http://localhost:8099/stream:0
[182590126ms] [ERROR] Failed to load resource: net::ERR_CONNECTION_REFUSED @ http://localhost:8099/stream:0
[182593132ms] [ERROR] Failed to load resource: net::ERR_CONNECTION_REFUSED @ http://localhost:8099/stream:0
[182596136ms] [ERROR] Failed to load resource: net::ERR_CONNECTION_REFUSED @ http://localhost:8099/stream:0
[182599142ms] [ERROR] Failed to load resource: net::ERR_CONNECTION_REFUSED @ http://localhost:8099/stream:0
[182602148ms] [ERROR] Failed to load resource: net::ERR_CONNECTION_REFUSED @ http://localhost:8099/stream:0
[182605153ms] [ERROR] Failed to load resource: net::ERR_CONNECTION_REFUSED @ http://localhost:8099/stream:0
[182608158ms] [ERROR] Failed to load resource: net::ERR_CONNECTION_REFUSED @ http://localhost:8099/stream:0
[182611163ms] [ERROR] Failed to load resource: net::ERR_CONNECTION_REFUSED @ http://localhost:8099/stream:0
[182614169ms] [ERROR] Failed to load resource: net::ERR_CONNECTION_REFUSED @ http://localhost:8099/stream:0
[182617173ms] [ERROR] Failed to load resource: net::ERR_CONNECTION_REFUSED @ http://localhost:8099/stream:0
[182620179ms] [ERROR] Failed to load resource: net::ERR_CONNECTION_REFUSED @ http://localhost:8099/stream:0
[182689079ms] [ERROR] Failed to load resource: net::ERR_CONNECTION_REFUSED @ http://localhost:8099/stream:0
[182692085ms] [ERROR] Failed to load resource: net::ERR_CONNECTION_REFUSED @ http://localhost:8099/stream:0
[182695091ms] [ERROR] Failed to load resource: net::ERR_CONNECTION_REFUSED @ http://localhost:8099/stream:0
[182698097ms] [ERROR] Failed to load resource: net::ERR_CONNECTION_REFUSED @ http://localhost:8099/stream:0
[182701102ms] [ERROR] Failed to load resource: net::ERR_CONNECTION_REFUSED @ http://localhost:8099/stream:0
[182704107ms] [ERROR] Failed to load resource: net::ERR_CONNECTION_REFUSED @ http://localhost:8099/stream:0
[182707112ms] [ERROR] Failed to load resource: net::ERR_CONNECTION_REFUSED @ http://localhost:8099/stream:0
[182710118ms] [ERROR] Failed to load resource: net::ERR_CONNECTION_REFUSED @ http://localhost:8099/stream:0
[182713122ms] [ERROR] Failed to load resource: net::ERR_CONNECTION_REFUSED @ http://localhost:8099/stream:0
[182716128ms] [ERROR] Failed to load resource: net::ERR_CONNECTION_REFUSED @ http://localhost:8099/stream:0
[182719133ms] [ERROR] Failed to load resource: net::ERR_CONNECTION_REFUSED @ http://localhost:8099/stream:0
[182722140ms] [ERROR] Failed to load resource: net::ERR_CONNECTION_REFUSED @ http://localhost:8099/stream:0
[182725145ms] [ERROR] Failed to load resource: net::ERR_CONNECTION_REFUSED @ http://localhost:8099/stream:0
[182728151ms] [ERROR] Failed to load resource: net::ERR_CONNECTION_REFUSED @ http://localhost:8099/stream:0
[182731156ms] [ERROR] Failed to load resource: net::ERR_CONNECTION_REFUSED @ http://localhost:8099/stream:0
[182734162ms] [ERROR] Failed to load resource: net::ERR_CONNECTION_REFUSED @ http://localhost:8099/stream:0
[183491782ms] [ERROR] Failed to load resource: net::ERR_CONNECTION_REFUSED @ http://localhost:8099/stream:0
[183494788ms] [ERROR] Failed to load resource: net::ERR_CONNECTION_REFUSED @ http://localhost:8099/stream:0
[183497792ms] [ERROR] Failed to load resource: net::ERR_CONNECTION_REFUSED @ http://localhost:8099/stream:0
[183500796ms] [ERROR] Failed to load resource: net::ERR_CONNECTION_REFUSED @ http://localhost:8099/stream:0
[183503801ms] [ERROR] Failed to load resource: net::ERR_CONNECTION_REFUSED @ http://localhost:8099/stream:0
[183506807ms] [ERROR] Failed to load resource: net::ERR_CONNECTION_REFUSED @ http://localhost:8099/stream:0
[183509810ms] [ERROR] Failed to load resource: net::ERR_CONNECTION_REFUSED @ http://localhost:8099/stream:0
[183512815ms] [ERROR] Failed to load resource: net::ERR_CONNECTION_REFUSED @ http://localhost:8099/stream:0
[183515821ms] [ERROR] Failed to load resource: net::ERR_CONNECTION_REFUSED @ http://localhost:8099/stream:0
[183518826ms] [ERROR] Failed to load resource: net::ERR_CONNECTION_REFUSED @ http://localhost:8099/stream:0
[183521832ms] [ERROR] Failed to load resource: net::ERR_CONNECTION_REFUSED @ http://localhost:8099/stream:0
[183524837ms] [ERROR] Failed to load resource: net::ERR_CONNECTION_REFUSED @ http://localhost:8099/stream:0
[183527843ms] [ERROR] Failed to load resource: net::ERR_CONNECTION_REFUSED @ http://localhost:8099/stream:0
[183530848ms] [ERROR] Failed to load resource: net::ERR_CONNECTION_REFUSED @ http://localhost:8099/stream:0
[183533854ms] [ERROR] Failed to load resource: net::ERR_CONNECTION_REFUSED @ http://localhost:8099/stream:0
[183536860ms] [ERROR] Failed to load resource: net::ERR_CONNECTION_REFUSED @ http://localhost:8099/stream:0
[183543450ms] [ERROR] Failed to load resource: net::ERR_CONNECTION_REFUSED @ http://localhost:8099/stream:0
[183546455ms] [ERROR] Failed to load resource: net::ERR_CONNECTION_REFUSED @ http://localhost:8099/stream:0
[183549461ms] [ERROR] Failed to load resource: net::ERR_CONNECTION_REFUSED @ http://localhost:8099/stream:0
[183552467ms] [ERROR] Failed to load resource: net::ERR_CONNECTION_REFUSED @ http://localhost:8099/stream:0
[183555472ms] [ERROR] Failed to load resource: net::ERR_CONNECTION_REFUSED @ http://localhost:8099/stream:0
[183558478ms] [ERROR] Failed to load resource: net::ERR_CONNECTION_REFUSED @ http://localhost:8099/stream:0
[183561484ms] [ERROR] Failed to load resource: net::ERR_CONNECTION_REFUSED @ http://localhost:8099/stream:0
[183564490ms] [ERROR] Failed to load resource: net::ERR_CONNECTION_REFUSED @ http://localhost:8099/stream:0
[183567495ms] [ERROR] Failed to load resource: net::ERR_CONNECTION_REFUSED @ http://localhost:8099/stream:0
[183570500ms] [ERROR] Failed to load resource: net::ERR_CONNECTION_REFUSED @ http://localhost:8099/stream:0
[183573504ms] [ERROR] Failed to load resource: net::ERR_CONNECTION_REFUSED @ http://localhost:8099/stream:0
[183576509ms] [ERROR] Failed to load resource: net::ERR_CONNECTION_REFUSED @ http://localhost:8099/stream:0
[183579514ms] [ERROR] Failed to load resource: net::ERR_CONNECTION_REFUSED @ http://localhost:8099/stream:0
[183582520ms] [ERROR] Failed to load resource: net::ERR_CONNECTION_REFUSED @ http://localhost:8099/stream:0
[183585526ms] [ERROR] Failed to load resource: net::ERR_CONNECTION_REFUSED @ http://localhost:8099/stream:0
[183677141ms] [ERROR] Failed to load resource: net::ERR_CONNECTION_REFUSED @ http://localhost:8099/stream:0
[183680146ms] [ERROR] Failed to load resource: net::ERR_CONNECTION_REFUSED @ http://localhost:8099/stream:0
[183683149ms] [ERROR] Failed to load resource: net::ERR_CONNECTION_REFUSED @ http://localhost:8099/stream:0
[183686155ms] [ERROR] Failed to load resource: net::ERR_CONNECTION_REFUSED @ http://localhost:8099/stream:0
[183689159ms] [ERROR] Failed to load resource: net::ERR_CONNECTION_REFUSED @ http://localhost:8099/stream:0
[183692165ms] [ERROR] Failed to load resource: net::ERR_CONNECTION_REFUSED @ http://localhost:8099/stream:0
[183695171ms] [ERROR] Failed to load resource: net::ERR_CONNECTION_REFUSED @ http://localhost:8099/stream:0
[183698175ms] [ERROR] Failed to load resource: net::ERR_CONNECTION_REFUSED @ http://localhost:8099/stream:0
[183701180ms] [ERROR] Failed to load resource: net::ERR_CONNECTION_REFUSED @ http://localhost:8099/stream:0
[183704185ms] [ERROR] Failed to load resource: net::ERR_CONNECTION_REFUSED @ http://localhost:8099/stream:0
[183707190ms] [ERROR] Failed to load resource: net::ERR_CONNECTION_REFUSED @ http://localhost:8099/stream:0
[183710196ms] [ERROR] Failed to load resource: net::ERR_CONNECTION_REFUSED @ http://localhost:8099/stream:0
[183713202ms] [ERROR] Failed to load resource: net::ERR_CONNECTION_REFUSED @ http://localhost:8099/stream:0
[183716207ms] [ERROR] Failed to load resource: net::ERR_CONNECTION_REFUSED @ http://localhost:8099/stream:0
[183719214ms] [ERROR] Failed to load resource: net::ERR_CONNECTION_REFUSED @ http://localhost:8099/stream:0
[183722218ms] [ERROR] Failed to load resource: net::ERR_CONNECTION_REFUSED @ http://localhost:8099/stream:0
[184658561ms] [ERROR] Failed to load resource: net::ERR_CONNECTION_REFUSED @ http://localhost:8099/stream:0
[184661567ms] [ERROR] Failed to load resource: net::ERR_CONNECTION_REFUSED @ http://localhost:8099/stream:0
[185584200ms] [ERROR] Failed to load resource: net::ERR_CONNECTION_REFUSED @ http://localhost:8099/stream:0
[185587204ms] [ERROR] Failed to load resource: net::ERR_CONNECTION_REFUSED @ http://localhost:8099/stream:0
[185590210ms] [ERROR] Failed to load resource: net::ERR_CONNECTION_REFUSED @ http://localhost:8099/stream:0
[185593216ms] [ERROR] Failed to load resource: net::ERR_CONNECTION_REFUSED @ http://localhost:8099/stream:0
[185596222ms] [ERROR] Failed to load resource: net::ERR_CONNECTION_REFUSED @ http://localhost:8099/stream:0
[185599227ms] [ERROR] Failed to load resource: net::ERR_CONNECTION_REFUSED @ http://localhost:8099/stream:0
[185602234ms] [ERROR] Failed to load resource: net::ERR_CONNECTION_REFUSED @ http://localhost:8099/stream:0
[185605239ms] [ERROR] Failed to load resource: net::ERR_CONNECTION_REFUSED @ http://localhost:8099/stream:0
[185796805ms] [ERROR] Failed to load resource: net::ERR_CONNECTION_REFUSED @ http://localhost:8099/stream:0
[185799811ms] [ERROR] Failed to load resource: net::ERR_CONNECTION_REFUSED @ http://localhost:8099/stream:0
[185802817ms] [ERROR] Failed to load resource: net::ERR_CONNECTION_REFUSED @ http://localhost:8099/stream:0
[185805823ms] [ERROR] Failed to load resource: net::ERR_CONNECTION_REFUSED @ http://localhost:8099/stream:0
[185808829ms] [ERROR] Failed to load resource: net::ERR_CONNECTION_REFUSED @ http://localhost:8099/stream:0
[185811834ms] [ERROR] Failed to load resource: net::ERR_CONNECTION_REFUSED @ http://localhost:8099/stream:0
[185814840ms] [ERROR] Failed to load resource: net::ERR_CONNECTION_REFUSED @ http://localhost:8099/stream:0
[185817845ms] [ERROR] Failed to load resource: net::ERR_CONNECTION_REFUSED @ http://localhost:8099/stream:0
[185820851ms] [ERROR] Failed to load resource: net::ERR_CONNECTION_REFUSED @ http://localhost:8099/stream:0
[185823855ms] [ERROR] Failed to load resource: net::ERR_CONNECTION_REFUSED @ http://localhost:8099/stream:0
[185826861ms] [ERROR] Failed to load resource: net::ERR_CONNECTION_REFUSED @ http://localhost:8099/stream:0
[185829864ms] [ERROR] Failed to load resource: net::ERR_CONNECTION_REFUSED @ http://localhost:8099/stream:0
[185832868ms] [ERROR] Failed to load resource: net::ERR_CONNECTION_REFUSED @ http://localhost:8099/stream:0
[185835873ms] [ERROR] Failed to load resource: net::ERR_CONNECTION_REFUSED @ http://localhost:8099/stream:0
[185838879ms] [ERROR] Failed to load resource: net::ERR_CONNECTION_REFUSED @ http://localhost:8099/stream:0
[185990416ms] [ERROR] Failed to load resource: net::ERR_CONNECTION_REFUSED @ http://localhost:8099/stream:0
[185993421ms] [ERROR] Failed to load resource: net::ERR_CONNECTION_REFUSED @ http://localhost:8099/stream:0
[185996425ms] [ERROR] Failed to load resource: net::ERR_CONNECTION_REFUSED @ http://localhost:8099/stream:0
[185999430ms] [ERROR] Failed to load resource: net::ERR_CONNECTION_REFUSED @ http://localhost:8099/stream:0
[186002436ms] [ERROR] Failed to load resource: net::ERR_CONNECTION_REFUSED @ http://localhost:8099/stream:0
[186005441ms] [ERROR] Failed to load resource: net::ERR_CONNECTION_REFUSED @ http://localhost:8099/stream:0
[186008447ms] [ERROR] Failed to load resource: net::ERR_CONNECTION_REFUSED @ http://localhost:8099/stream:0
[186011452ms] [ERROR] Failed to load resource: net::ERR_CONNECTION_REFUSED @ http://localhost:8099/stream:0
[186014456ms] [ERROR] Failed to load resource: net::ERR_CONNECTION_REFUSED @ http://localhost:8099/stream:0
[186017463ms] [ERROR] Failed to load resource: net::ERR_CONNECTION_REFUSED @ http://localhost:8099/stream:0
[186020467ms] [ERROR] Failed to load resource: net::ERR_CONNECTION_REFUSED @ http://localhost:8099/stream:0
[186023472ms] [ERROR] Failed to load resource: net::ERR_CONNECTION_REFUSED @ http://localhost:8099/stream:0
[186026477ms] [ERROR] Failed to load resource: net::ERR_CONNECTION_REFUSED @ http://localhost:8099/stream:0
[186029481ms] [ERROR] Failed to load resource: net::ERR_CONNECTION_REFUSED @ http://localhost:8099/stream:0
[186032485ms] [ERROR] Failed to load resource: net::ERR_CONNECTION_REFUSED @ http://localhost:8099/stream:0
[186035490ms] [ERROR] Failed to load resource: net::ERR_CONNECTION_REFUSED @ http://localhost:8099/stream:0
[186138600ms] [ERROR] Failed to load resource: net::ERR_CONNECTION_REFUSED @ http://localhost:8099/stream:0
[186141605ms] [ERROR] Failed to load resource: net::ERR_CONNECTION_REFUSED @ http://localhost:8099/stream:0
[186144611ms] [ERROR] Failed to load resource: net::ERR_CONNECTION_REFUSED @ http://localhost:8099/stream:0
[186147617ms] [ERROR] Failed to load resource: net::ERR_CONNECTION_REFUSED @ http://localhost:8099/stream:0
[186150620ms] [ERROR] Failed to load resource: net::ERR_CONNECTION_REFUSED @ http://localhost:8099/stream:0
[186153639ms] [ERROR] Failed to load resource: net::ERR_CONNECTION_REFUSED @ http://localhost:8099/stream:0
[186156644ms] [ERROR] Failed to load resource: net::ERR_CONNECTION_REFUSED @ http://localhost:8099/stream:0
[186159648ms] [ERROR] Failed to load resource: net::ERR_CONNECTION_REFUSED @ http://localhost:8099/stream:0
[186162652ms] [ERROR] Failed to load resource: net::ERR_CONNECTION_REFUSED @ http://localhost:8099/stream:0
[186165657ms] [ERROR] Failed to load resource: net::ERR_CONNECTION_REFUSED @ http://localhost:8099/stream:0
[186168662ms] [ERROR] Failed to load resource: net::ERR_CONNECTION_REFUSED @ http://localhost:8099/stream:0
[186171668ms] [ERROR] Failed to load resource: net::ERR_CONNECTION_REFUSED @ http://localhost:8099/stream:0
[186174673ms] [ERROR] Failed to load resource: net::ERR_CONNECTION_REFUSED @ http://localhost:8099/stream:0
[186177678ms] [ERROR] Failed to load resource: net::ERR_CONNECTION_REFUSED @ http://localhost:8099/stream:0
[186180684ms] [ERROR] Failed to load resource: net::ERR_CONNECTION_REFUSED @ http://localhost:8099/stream:0
[186183692ms] [ERROR] Failed to load resource: net::ERR_CONNECTION_REFUSED @ http://localhost:8099/stream:0
[186250042ms] [ERROR] Failed to load resource: net::ERR_CONNECTION_REFUSED @ http://localhost:8099/stream:0
[186253048ms] [ERROR] Failed to load resource: net::ERR_CONNECTION_REFUSED @ http://localhost:8099/stream:0
[186256053ms] [ERROR] Failed to load resource: net::ERR_CONNECTION_REFUSED @ http://localhost:8099/stream:0
[186259057ms] [ERROR] Failed to load resource: net::ERR_CONNECTION_REFUSED @ http://localhost:8099/stream:0
[186262062ms] [ERROR] Failed to load resource: net::ERR_CONNECTION_REFUSED @ http://localhost:8099/stream:0
[186265067ms] [ERROR] Failed to load resource: net::ERR_CONNECTION_REFUSED @ http://localhost:8099/stream:0
[186268074ms] [ERROR] Failed to load resource: net::ERR_CONNECTION_REFUSED @ http://localhost:8099/stream:0
[186271079ms] [ERROR] Failed to load resource: net::ERR_CONNECTION_REFUSED @ http://localhost:8099/stream:0
[186274085ms] [ERROR] Failed to load resource: net::ERR_CONNECTION_REFUSED @ http://localhost:8099/stream:0
[186277090ms] [ERROR] Failed to load resource: net::ERR_CONNECTION_REFUSED @ http://localhost:8099/stream:0
[186280094ms] [ERROR] Failed to load resource: net::ERR_CONNECTION_REFUSED @ http://localhost:8099/stream:0
[186283100ms] [ERROR] Failed to load resource: net::ERR_CONNECTION_REFUSED @ http://localhost:8099/stream:0
[186286106ms] [ERROR] Failed to load resource: net::ERR_CONNECTION_REFUSED @ http://localhost:8099/stream:0
[186289111ms] [ERROR] Failed to load resource: net::ERR_CONNECTION_REFUSED @ http://localhost:8099/stream:0
[186292117ms] [ERROR] Failed to load resource: net::ERR_CONNECTION_REFUSED @ http://localhost:8099/stream:0
[186381213ms] [ERROR] Failed to load resource: net::ERR_CONNECTION_REFUSED @ http://localhost:8099/stream:0
[186384221ms] [ERROR] Failed to load resource: net::ERR_CONNECTION_REFUSED @ http://localhost:8099/stream:0
[186387226ms] [ERROR] Failed to load resource: net::ERR_CONNECTION_REFUSED @ http://localhost:8099/stream:0
[186390230ms] [ERROR] Failed to load resource: net::ERR_CONNECTION_REFUSED @ http://localhost:8099/stream:0
[186393235ms] [ERROR] Failed to load resource: net::ERR_CONNECTION_REFUSED @ http://localhost:8099/stream:0
[186396241ms] [ERROR] Failed to load resource: net::ERR_CONNECTION_REFUSED @ http://localhost:8099/stream:0
[186399246ms] [ERROR] Failed to load resource: net::ERR_CONNECTION_REFUSED @ http://localhost:8099/stream:0
[186402250ms] [ERROR] Failed to load resource: net::ERR_CONNECTION_REFUSED @ http://localhost:8099/stream:0
[186405253ms] [ERROR] Failed to load resource: net::ERR_CONNECTION_REFUSED @ http://localhost:8099/stream:0
[186408256ms] [ERROR] Failed to load resource: net::ERR_CONNECTION_REFUSED @ http://localhost:8099/stream:0
[186411261ms] [ERROR] Failed to load resource: net::ERR_CONNECTION_REFUSED @ http://localhost:8099/stream:0
[186414265ms] [ERROR] Failed to load resource: net::ERR_CONNECTION_REFUSED @ http://localhost:8099/stream:0
[186417271ms] [ERROR] Failed to load resource: net::ERR_CONNECTION_REFUSED @ http://localhost:8099/stream:0
[186420277ms] [ERROR] Failed to load resource: net::ERR_CONNECTION_REFUSED @ http://localhost:8099/stream:0
[186423281ms] [ERROR] Failed to load resource: net::ERR_CONNECTION_REFUSED @ http://localhost:8099/stream:0
[186426287ms] [ERROR] Failed to load resource: net::ERR_CONNECTION_REFUSED @ http://localhost:8099/stream:0
[186802166ms] [ERROR] Failed to load resource: net::ERR_CONNECTION_REFUSED @ http://localhost:8099/stream:0
[186805171ms] [ERROR] Failed to load resource: net::ERR_CONNECTION_REFUSED @ http://localhost:8099/stream:0
[186808175ms] [ERROR] Failed to load resource: net::ERR_CONNECTION_REFUSED @ http://localhost:8099/stream:0
[186811182ms] [ERROR] Failed to load resource: net::ERR_CONNECTION_REFUSED @ http://localhost:8099/stream:0
[186814188ms] [ERROR] Failed to load resource: net::ERR_CONNECTION_REFUSED @ http://localhost:8099/stream:0
[186817193ms] [ERROR] Failed to load resource: net::ERR_CONNECTION_REFUSED @ http://localhost:8099/stream:0
[186820197ms] [ERROR] Failed to load resource: net::ERR_CONNECTION_REFUSED @ http://localhost:8099/stream:0
[186823202ms] [ERROR] Failed to load resource: net::ERR_CONNECTION_REFUSED @ http://localhost:8099/stream:0
[186826208ms] [ERROR] Failed to load resource: net::ERR_CONNECTION_REFUSED @ http://localhost:8099/stream:0
[186829214ms] [ERROR] Failed to load resource: net::ERR_CONNECTION_REFUSED @ http://localhost:8099/stream:0
[186832220ms] [ERROR] Failed to load resource: net::ERR_CONNECTION_REFUSED @ http://localhost:8099/stream:0
[186835226ms] [ERROR] Failed to load resource: net::ERR_CONNECTION_REFUSED @ http://localhost:8099/stream:0
[186838232ms] [ERROR] Failed to load resource: net::ERR_CONNECTION_REFUSED @ http://localhost:8099/stream:0
[186841236ms] [ERROR] Failed to load resource: net::ERR_CONNECTION_REFUSED @ http://localhost:8099/stream:0
[186844241ms] [ERROR] Failed to load resource: net::ERR_CONNECTION_REFUSED @ http://localhost:8099/stream:0
[186847246ms] [ERROR] Failed to load resource: net::ERR_CONNECTION_REFUSED @ http://localhost:8099/stream:0
[186909829ms] [ERROR] Failed to load resource: net::ERR_CONNECTION_REFUSED @ http://localhost:8099/stream:0
[186912835ms] [ERROR] Failed to load resource: net::ERR_CONNECTION_REFUSED @ http://localhost:8099/stream:0
[186915840ms] [ERROR] Failed to load resource: net::ERR_CONNECTION_REFUSED @ http://localhost:8099/stream:0
[186918843ms] [ERROR] Failed to load resource: net::ERR_CONNECTION_REFUSED @ http://localhost:8099/stream:0
[186921850ms] [ERROR] Failed to load resource: net::ERR_CONNECTION_REFUSED @ http://localhost:8099/stream:0
[186924855ms] [ERROR] Failed to load resource: net::ERR_CONNECTION_REFUSED @ http://localhost:8099/stream:0
[186927860ms] [ERROR] Failed to load resource: net::ERR_CONNECTION_REFUSED @ http://localhost:8099/stream:0
[186930866ms] [ERROR] Failed to load resource: net::ERR_CONNECTION_REFUSED @ http://localhost:8099/stream:0
[186933872ms] [ERROR] Failed to load resource: net::ERR_CONNECTION_REFUSED @ http://localhost:8099/stream:0
[186936877ms] [ERROR] Failed to load resource: net::ERR_CONNECTION_REFUSED @ http://localhost:8099/stream:0
[186939883ms] [ERROR] Failed to load resource: net::ERR_CONNECTION_REFUSED @ http://localhost:8099/stream:0
[186942888ms] [ERROR] Failed to load resource: net::ERR_CONNECTION_REFUSED @ http://localhost:8099/stream:0
[186945894ms] [ERROR] Failed to load resource: net::ERR_CONNECTION_REFUSED @ http://localhost:8099/stream:0
[186948900ms] [ERROR] Failed to load resource: net::ERR_CONNECTION_REFUSED @ http://localhost:8099/stream:0
[186951905ms] [ERROR] Failed to load resource: net::ERR_CONNECTION_REFUSED @ http://localhost:8099/stream:0
[187015605ms] [ERROR] Failed to load resource: net::ERR_CONNECTION_REFUSED @ http://localhost:8099/stream:0
[187018611ms] [ERROR] Failed to load resource: net::ERR_CONNECTION_REFUSED @ http://localhost:8099/stream:0
[187021617ms] [ERROR] Failed to load resource: net::ERR_CONNECTION_REFUSED @ http://localhost:8099/stream:0
[187024624ms] [ERROR] Failed to load resource: net::ERR_CONNECTION_REFUSED @ http://localhost:8099/stream:0
[187027633ms] [ERROR] Failed to load resource: net::ERR_CONNECTION_REFUSED @ http://localhost:8099/stream:0
[187030640ms] [ERROR] Failed to load resource: net::ERR_CONNECTION_REFUSED @ http://localhost:8099/stream:0
[187033645ms] [ERROR] Failed to load resource: net::ERR_CONNECTION_REFUSED @ http://localhost:8099/stream:0
[187036650ms] [ERROR] Failed to load resource: net::ERR_CONNECTION_REFUSED @ http://localhost:8099/stream:0
[187039656ms] [ERROR] Failed to load resource: net::ERR_CONNECTION_REFUSED @ http://localhost:8099/stream:0
[187042661ms] [ERROR] Failed to load resource: net::ERR_CONNECTION_REFUSED @ http://localhost:8099/stream:0
[187045667ms] [ERROR] Failed to load resource: net::ERR_CONNECTION_REFUSED @ http://localhost:8099/stream:0
[187048673ms] [ERROR] Failed to load resource: net::ERR_CONNECTION_REFUSED @ http://localhost:8099/stream:0
[187051678ms] [ERROR] Failed to load resource: net::ERR_CONNECTION_REFUSED @ http://localhost:8099/stream:0
[187054682ms] [ERROR] Failed to load resource: net::ERR_CONNECTION_REFUSED @ http://localhost:8099/stream:0
[187057687ms] [ERROR] Failed to load resource: net::ERR_CONNECTION_REFUSED @ http://localhost:8099/stream:0
[187060691ms] [ERROR] Failed to load resource: net::ERR_CONNECTION_REFUSED @ http://localhost:8099/stream:0
[187236743ms] [ERROR] Failed to load resource: net::ERR_CONNECTION_REFUSED @ http://localhost:8099/stream:0
[187239749ms] [ERROR] Failed to load resource: net::ERR_CONNECTION_REFUSED @ http://localhost:8099/stream:0
[187242754ms] [ERROR] Failed to load resource: net::ERR_CONNECTION_REFUSED @ http://localhost:8099/stream:0
[187245760ms] [ERROR] Failed to load resource: net::ERR_CONNECTION_REFUSED @ http://localhost:8099/stream:0
[187248765ms] [ERROR] Failed to load resource: net::ERR_CONNECTION_REFUSED @ http://localhost:8099/stream:0
[187251771ms] [ERROR] Failed to load resource: net::ERR_CONNECTION_REFUSED @ http://localhost:8099/stream:0
[187254777ms] [ERROR] Failed to load resource: net::ERR_CONNECTION_REFUSED @ http://localhost:8099/stream:0
[187257783ms] [ERROR] Failed to load resource: net::ERR_CONNECTION_REFUSED @ http://localhost:8099/stream:0
[187260789ms] [ERROR] Failed to load resource: net::ERR_CONNECTION_REFUSED @ http://localhost:8099/stream:0
[187263795ms] [ERROR] Failed to load resource: net::ERR_CONNECTION_REFUSED @ http://localhost:8099/stream:0
[187266799ms] [ERROR] Failed to load resource: net::ERR_CONNECTION_REFUSED @ http://localhost:8099/stream:0
[187269804ms] [ERROR] Failed to load resource: net::ERR_CONNECTION_REFUSED @ http://localhost:8099/stream:0
[187272810ms] [ERROR] Failed to load resource: net::ERR_CONNECTION_REFUSED @ http://localhost:8099/stream:0
[187275814ms] [ERROR] Failed to load resource: net::ERR_CONNECTION_REFUSED @ http://localhost:8099/stream:0
[187278820ms] [ERROR] Failed to load resource: net::ERR_CONNECTION_REFUSED @ http://localhost:8099/stream:0
[187281826ms] [ERROR] Failed to load resource: net::ERR_CONNECTION_REFUSED @ http://localhost:8099/stream:0
[188332368ms] [ERROR] Failed to load resource: net::ERR_CONNECTION_REFUSED @ http://localhost:8099/stream:0
[188335374ms] [ERROR] Failed to load resource: net::ERR_CONNECTION_REFUSED @ http://localhost:8099/stream:0
[188338380ms] [ERROR] Failed to load resource: net::ERR_CONNECTION_REFUSED @ http://localhost:8099/stream:0
[188341385ms] [ERROR] Failed to load resource: net::ERR_CONNECTION_REFUSED @ http://localhost:8099/stream:0
[188344390ms] [ERROR] Failed to load resource: net::ERR_CONNECTION_REFUSED @ http://localhost:8099/stream:0
[188347395ms] [ERROR] Failed to load resource: net::ERR_CONNECTION_REFUSED @ http://localhost:8099/stream:0
[188350400ms] [ERROR] Failed to load resource: net::ERR_CONNECTION_REFUSED @ http://localhost:8099/stream:0
[188353404ms] [ERROR] Failed to load resource: net::ERR_CONNECTION_REFUSED @ http://localhost:8099/stream:0
[188356411ms] [ERROR] Failed to load resource: net::ERR_CONNECTION_REFUSED @ http://localhost:8099/stream:0
[188359415ms] [ERROR] Failed to load resource: net::ERR_CONNECTION_REFUSED @ http://localhost:8099/stream:0
[188362419ms] [ERROR] Failed to load resource: net::ERR_CONNECTION_REFUSED @ http://localhost:8099/stream:0
[188365425ms] [ERROR] Failed to load resource: net::ERR_CONNECTION_REFUSED @ http://localhost:8099/stream:0
[188368430ms] [ERROR] Failed to load resource: net::ERR_CONNECTION_REFUSED @ http://localhost:8099/stream:0
[188371434ms] [ERROR] Failed to load resource: net::ERR_CONNECTION_REFUSED @ http://localhost:8099/stream:0
[188374439ms] [ERROR] Failed to load resource: net::ERR_CONNECTION_REFUSED @ http://localhost:8099/stream:0
[188701526ms] [ERROR] Failed to load resource: net::ERR_CONNECTION_REFUSED @ http://localhost:8099/stream:0
[188704539ms] [ERROR] Failed to load resource: net::ERR_CONNECTION_REFUSED @ http://localhost:8099/stream:0
[188707543ms] [ERROR] Failed to load resource: net::ERR_CONNECTION_REFUSED @ http://localhost:8099/stream:0
[188710547ms] [ERROR] Failed to load resource: net::ERR_CONNECTION_REFUSED @ http://localhost:8099/stream:0
[188713553ms] [ERROR] Failed to load resource: net::ERR_CONNECTION_REFUSED @ http://localhost:8099/stream:0
[188716558ms] [ERROR] Failed to load resource: net::ERR_CONNECTION_REFUSED @ http://localhost:8099/stream:0
[188719565ms] [ERROR] Failed to load resource: net::ERR_CONNECTION_REFUSED @ http://localhost:8099/stream:0
[188722570ms] [ERROR] Failed to load resource: net::ERR_CONNECTION_REFUSED @ http://localhost:8099/stream:0
[188725576ms] [ERROR] Failed to load resource: net::ERR_CONNECTION_REFUSED @ http://localhost:8099/stream:0
[188728580ms] [ERROR] Failed to load resource: net::ERR_CONNECTION_REFUSED @ http://localhost:8099/stream:0
[188731585ms] [ERROR] Failed to load resource: net::ERR_CONNECTION_REFUSED @ http://localhost:8099/stream:0
[188734589ms] [ERROR] Failed to load resource: net::ERR_CONNECTION_REFUSED @ http://localhost:8099/stream:0
[188737595ms] [ERROR] Failed to load resource: net::ERR_CONNECTION_REFUSED @ http://localhost:8099/stream:0
[188740601ms] [ERROR] Failed to load resource: net::ERR_CONNECTION_REFUSED @ http://localhost:8099/stream:0
[188743605ms] [ERROR] Failed to load resource: net::ERR_CONNECTION_REFUSED @ http://localhost:8099/stream:0
[188746612ms] [ERROR] Failed to load resource: net::ERR_CONNECTION_REFUSED @ http://localhost:8099/stream:0
[189089673ms] [ERROR] Failed to load resource: net::ERR_CONNECTION_REFUSED @ http://localhost:8099/stream:0
[189092677ms] [ERROR] Failed to load resource: net::ERR_CONNECTION_REFUSED @ http://localhost:8099/stream:0
[189095681ms] [ERROR] Failed to load resource: net::ERR_CONNECTION_REFUSED @ http://localhost:8099/stream:0
[189098686ms] [ERROR] Failed to load resource: net::ERR_CONNECTION_REFUSED @ http://localhost:8099/stream:0
[189101699ms] [ERROR] Failed to load resource: net::ERR_CONNECTION_REFUSED @ http://localhost:8099/stream:0
[189104702ms] [ERROR] Failed to load resource: net::ERR_CONNECTION_REFUSED @ http://localhost:8099/stream:0
[189107708ms] [ERROR] Failed to load resource: net::ERR_CONNECTION_REFUSED @ http://localhost:8099/stream:0
[189110713ms] [ERROR] Failed to load resource: net::ERR_CONNECTION_REFUSED @ http://localhost:8099/stream:0
[189113719ms] [ERROR] Failed to load resource: net::ERR_CONNECTION_REFUSED @ http://localhost:8099/stream:0
[189116724ms] [ERROR] Failed to load resource: net::ERR_CONNECTION_REFUSED @ http://localhost:8099/stream:0
[189119728ms] [ERROR] Failed to load resource: net::ERR_CONNECTION_REFUSED @ http://localhost:8099/stream:0
[189122734ms] [ERROR] Failed to load resource: net::ERR_CONNECTION_REFUSED @ http://localhost:8099/stream:0
[189125740ms] [ERROR] Failed to load resource: net::ERR_CONNECTION_REFUSED @ http://localhost:8099/stream:0
[189128745ms] [ERROR] Failed to load resource: net::ERR_CONNECTION_REFUSED @ http://localhost:8099/stream:0
[189131751ms] [ERROR] Failed to load resource: net::ERR_CONNECTION_REFUSED @ http://localhost:8099/stream:0
[189134757ms] [ERROR] Failed to load resource: net::ERR_CONNECTION_REFUSED @ http://localhost:8099/stream:0
[189884481ms] [ERROR] Failed to load resource: net::ERR_CONNECTION_REFUSED @ http://localhost:8099/stream:0
[189887488ms] [ERROR] Failed to load resource: net::ERR_CONNECTION_REFUSED @ http://localhost:8099/stream:0
[189890494ms] [ERROR] Failed to load resource: net::ERR_CONNECTION_REFUSED @ http://localhost:8099/stream:0
[189893500ms] [ERROR] Failed to load resource: net::ERR_CONNECTION_REFUSED @ http://localhost:8099/stream:0
[189896505ms] [ERROR] Failed to load resource: net::ERR_CONNECTION_REFUSED @ http://localhost:8099/stream:0
[189899511ms] [ERROR] Failed to load resource: net::ERR_CONNECTION_REFUSED @ http://localhost:8099/stream:0
[189902516ms] [ERROR] Failed to load resource: net::ERR_CONNECTION_REFUSED @ http://localhost:8099/stream:0
[189905522ms] [ERROR] Failed to load resource: net::ERR_CONNECTION_REFUSED @ http://localhost:8099/stream:0
[189908528ms] [ERROR] Failed to load resource: net::ERR_CONNECTION_REFUSED @ http://localhost:8099/stream:0
[189911534ms] [ERROR] Failed to load resource: net::ERR_CONNECTION_REFUSED @ http://localhost:8099/stream:0
[189914539ms] [ERROR] Failed to load resource: net::ERR_CONNECTION_REFUSED @ http://localhost:8099/stream:0
[189917545ms] [ERROR] Failed to load resource: net::ERR_CONNECTION_REFUSED @ http://localhost:8099/stream:0
[189920551ms] [ERROR] Failed to load resource: net::ERR_CONNECTION_REFUSED @ http://localhost:8099/stream:0
[189923555ms] [ERROR] Failed to load resource: net::ERR_CONNECTION_REFUSED @ http://localhost:8099/stream:0
[189926560ms] [ERROR] Failed to load resource: net::ERR_CONNECTION_REFUSED @ http://localhost:8099/stream:0
[190829417ms] [ERROR] Failed to load resource: net::ERR_CONNECTION_REFUSED @ http://localhost:8099/stream:0
[190832422ms] [ERROR] Failed to load resource: net::ERR_CONNECTION_REFUSED @ http://localhost:8099/stream:0
[190835425ms] [ERROR] Failed to load resource: net::ERR_CONNECTION_REFUSED @ http://localhost:8099/stream:0
[190838430ms] [ERROR] Failed to load resource: net::ERR_CONNECTION_REFUSED @ http://localhost:8099/stream:0
[190841433ms] [ERROR] Failed to load resource: net::ERR_CONNECTION_REFUSED @ http://localhost:8099/stream:0
[190844439ms] [ERROR] Failed to load resource: net::ERR_CONNECTION_REFUSED @ http://localhost:8099/stream:0
[190847445ms] [ERROR] Failed to load resource: net::ERR_CONNECTION_REFUSED @ http://localhost:8099/stream:0
[190850451ms] [ERROR] Failed to load resource: net::ERR_CONNECTION_REFUSED @ http://localhost:8099/stream:0
[190853458ms] [ERROR] Failed to load resource: net::ERR_CONNECTION_REFUSED @ http://localhost:8099/stream:0
[190856462ms] [ERROR] Failed to load resource: net::ERR_CONNECTION_REFUSED @ http://localhost:8099/stream:0
[190859467ms] [ERROR] Failed to load resource: net::ERR_CONNECTION_REFUSED @ http://localhost:8099/stream:0
[190862472ms] [ERROR] Failed to load resource: net::ERR_CONNECTION_REFUSED @ http://localhost:8099/stream:0
[190865478ms] [ERROR] Failed to load resource: net::ERR_CONNECTION_REFUSED @ http://localhost:8099/stream:0
[190868484ms] [ERROR] Failed to load resource: net::ERR_CONNECTION_REFUSED @ http://localhost:8099/stream:0
[190871489ms] [ERROR] Failed to load resource: net::ERR_CONNECTION_REFUSED @ http://localhost:8099/stream:0
[190874494ms] [ERROR] Failed to load resource: net::ERR_CONNECTION_REFUSED @ http://localhost:8099/stream:0
[190937275ms] [ERROR] Failed to load resource: net::ERR_CONNECTION_REFUSED @ http://localhost:8099/stream:0
[190940281ms] [ERROR] Failed to load resource: net::ERR_CONNECTION_REFUSED @ http://localhost:8099/stream:0
[190943285ms] [ERROR] Failed to load resource: net::ERR_CONNECTION_REFUSED @ http://localhost:8099/stream:0
[190946290ms] [ERROR] Failed to load resource: net::ERR_CONNECTION_REFUSED @ http://localhost:8099/stream:0
[190949294ms] [ERROR] Failed to load resource: net::ERR_CONNECTION_REFUSED @ http://localhost:8099/stream:0
[190952297ms] [ERROR] Failed to load resource: net::ERR_CONNECTION_REFUSED @ http://localhost:8099/stream:0
[190955303ms] [ERROR] Failed to load resource: net::ERR_CONNECTION_REFUSED @ http://localhost:8099/stream:0
[190958308ms] [ERROR] Failed to load resource: net::ERR_CONNECTION_REFUSED @ http://localhost:8099/stream:0
[190961314ms] [ERROR] Failed to load resource: net::ERR_CONNECTION_REFUSED @ http://localhost:8099/stream:0
[190964319ms] [ERROR] Failed to load resource: net::ERR_CONNECTION_REFUSED @ http://localhost:8099/stream:0
[190967323ms] [ERROR] Failed to load resource: net::ERR_CONNECTION_REFUSED @ http://localhost:8099/stream:0
[190970328ms] [ERROR] Failed to load resource: net::ERR_CONNECTION_REFUSED @ http://localhost:8099/stream:0
[190973334ms] [ERROR] Failed to load resource: net::ERR_CONNECTION_REFUSED @ http://localhost:8099/stream:0
[190976340ms] [ERROR] Failed to load resource: net::ERR_CONNECTION_REFUSED @ http://localhost:8099/stream:0
[190979346ms] [ERROR] Failed to load resource: net::ERR_CONNECTION_REFUSED @ http://localhost:8099/stream:0
[190982353ms] [ERROR] Failed to load resource: net::ERR_CONNECTION_REFUSED @ http://localhost:8099/stream:0
[191083576ms] [ERROR] Failed to load resource: net::ERR_CONNECTION_REFUSED @ http://localhost:8099/stream:0
[191086581ms] [ERROR] Failed to load resource: net::ERR_CONNECTION_REFUSED @ http://localhost:8099/stream:0
[191089587ms] [ERROR] Failed to load resource: net::ERR_CONNECTION_REFUSED @ http://localhost:8099/stream:0
[191092591ms] [ERROR] Failed to load resource: net::ERR_CONNECTION_REFUSED @ http://localhost:8099/stream:0
[191095597ms] [ERROR] Failed to load resource: net::ERR_CONNECTION_REFUSED @ http://localhost:8099/stream:0
[191098601ms] [ERROR] Failed to load resource: net::ERR_CONNECTION_REFUSED @ http://localhost:8099/stream:0
[191101607ms] [ERROR] Failed to load resource: net::ERR_CONNECTION_REFUSED @ http://localhost:8099/stream:0
[191104613ms] [ERROR] Failed to load resource: net::ERR_CONNECTION_REFUSED @ http://localhost:8099/stream:0
[191107617ms] [ERROR] Failed to load resource: net::ERR_CONNECTION_REFUSED @ http://localhost:8099/stream:0
[191110623ms] [ERROR] Failed to load resource: net::ERR_CONNECTION_REFUSED @ http://localhost:8099/stream:0
[191113629ms] [ERROR] Failed to load resource: net::ERR_CONNECTION_REFUSED @ http://localhost:8099/stream:0
[191116634ms] [ERROR] Failed to load resource: net::ERR_CONNECTION_REFUSED @ http://localhost:8099/stream:0
[191119639ms] [ERROR] Failed to load resource: net::ERR_CONNECTION_REFUSED @ http://localhost:8099/stream:0
[191122644ms] [ERROR] Failed to load resource: net::ERR_CONNECTION_REFUSED @ http://localhost:8099/stream:0
[191125649ms] [ERROR] Failed to load resource: net::ERR_CONNECTION_REFUSED @ http://localhost:8099/stream:0
[191224154ms] [ERROR] Failed to load resource: net::ERR_CONNECTION_REFUSED @ http://localhost:8099/stream:0
[191227160ms] [ERROR] Failed to load resource: net::ERR_CONNECTION_REFUSED @ http://localhost:8099/stream:0
[191230165ms] [ERROR] Failed to load resource: net::ERR_CONNECTION_REFUSED @ http://localhost:8099/stream:0
[191233171ms] [ERROR] Failed to load resource: net::ERR_CONNECTION_REFUSED @ http://localhost:8099/stream:0
[191236176ms] [ERROR] Failed to load resource: net::ERR_CONNECTION_REFUSED @ http://localhost:8099/stream:0
[191239182ms] [ERROR] Failed to load resource: net::ERR_CONNECTION_REFUSED @ http://localhost:8099/stream:0
[191242187ms] [ERROR] Failed to load resource: net::ERR_CONNECTION_REFUSED @ http://localhost:8099/stream:0
[191245193ms] [ERROR] Failed to load resource: net::ERR_CONNECTION_REFUSED @ http://localhost:8099/stream:0
[191248198ms] [ERROR] Failed to load resource: net::ERR_CONNECTION_REFUSED @ http://localhost:8099/stream:0
[191251202ms] [ERROR] Failed to load resource: net::ERR_CONNECTION_REFUSED @ http://localhost:8099/stream:0
[191254207ms] [ERROR] Failed to load resource: net::ERR_CONNECTION_REFUSED @ http://localhost:8099/stream:0
[191257213ms] [ERROR] Failed to load resource: net::ERR_CONNECTION_REFUSED @ http://localhost:8099/stream:0
[191260217ms] [ERROR] Failed to load resource: net::ERR_CONNECTION_REFUSED @ http://localhost:8099/stream:0
[191263224ms] [ERROR] Failed to load resource: net::ERR_CONNECTION_REFUSED @ http://localhost:8099/stream:0
[191266229ms] [ERROR] Failed to load resource: net::ERR_CONNECTION_REFUSED @ http://localhost:8099/stream:0
[191269234ms] [ERROR] Failed to load resource: net::ERR_CONNECTION_REFUSED @ http://localhost:8099/stream:0
[192172103ms] [ERROR] Failed to load resource: net::ERR_CONNECTION_REFUSED @ http://localhost:8099/stream:0
[192175108ms] [ERROR] Failed to load resource: net::ERR_CONNECTION_REFUSED @ http://localhost:8099/stream:0
[192178113ms] [ERROR] Failed to load resource: net::ERR_CONNECTION_REFUSED @ http://localhost:8099/stream:0
[192181120ms] [ERROR] Failed to load resource: net::ERR_CONNECTION_REFUSED @ http://localhost:8099/stream:0
[192184126ms] [ERROR] Failed to load resource: net::ERR_CONNECTION_REFUSED @ http://localhost:8099/stream:0
[192187132ms] [ERROR] Failed to load resource: net::ERR_CONNECTION_REFUSED @ http://localhost:8099/stream:0
[192190138ms] [ERROR] Failed to load resource: net::ERR_CONNECTION_REFUSED @ http://localhost:8099/stream:0
[192193141ms] [ERROR] Failed to load resource: net::ERR_CONNECTION_REFUSED @ http://localhost:8099/stream:0
[192196147ms] [ERROR] Failed to load resource: net::ERR_CONNECTION_REFUSED @ http://localhost:8099/stream:0
[192199152ms] [ERROR] Failed to load resource: net::ERR_CONNECTION_REFUSED @ http://localhost:8099/stream:0
[192202158ms] [ERROR] Failed to load resource: net::ERR_CONNECTION_REFUSED @ http://localhost:8099/stream:0
[192205163ms] [ERROR] Failed to load resource: net::ERR_CONNECTION_REFUSED @ http://localhost:8099/stream:0
[192208169ms] [ERROR] Failed to load resource: net::ERR_CONNECTION_REFUSED @ http://localhost:8099/stream:0
[192211176ms] [ERROR] Failed to load resource: net::ERR_CONNECTION_REFUSED @ http://localhost:8099/stream:0
[192214180ms] [ERROR] Failed to load resource: net::ERR_CONNECTION_REFUSED @ http://localhost:8099/stream:0
[192217183ms] [ERROR] Failed to load resource: net::ERR_CONNECTION_REFUSED @ http://localhost:8099/stream:0
[193174343ms] [ERROR] Failed to load resource: net::ERR_CONNECTION_REFUSED @ http://localhost:8099/stream:0
[193177347ms] [ERROR] Failed to load resource: net::ERR_CONNECTION_REFUSED @ http://localhost:8099/stream:0
[194239984ms] [ERROR] Failed to load resource: net::ERR_CONNECTION_REFUSED @ http://localhost:8099/stream:0
[195158533ms] [ERROR] Failed to load resource: net::ERR_CONNECTION_REFUSED @ http://localhost:8099/stream:0
[195161538ms] [ERROR] Failed to load resource: net::ERR_CONNECTION_REFUSED @ http://localhost:8099/stream:0
[196131173ms] [ERROR] Failed to load resource: net::ERR_NETWORK_CHANGED @ http://localhost:8099/stream:0
[196134179ms] [ERROR] Failed to load resource: net::ERR_CONNECTION_REFUSED @ http://localhost:8099/stream:0
[196365567ms] [ERROR] Failed to load resource: net::ERR_CONNECTION_REFUSED @ http://localhost:8099/stream:0
[196368571ms] [ERROR] Failed to load resource: net::ERR_CONNECTION_REFUSED @ http://localhost:8099/stream:0
[196371577ms] [ERROR] Failed to load resource: net::ERR_CONNECTION_REFUSED @ http://localhost:8099/stream:0
[196374582ms] [ERROR] Failed to load resource: net::ERR_CONNECTION_REFUSED @ http://localhost:8099/stream:0
[196377588ms] [ERROR] Failed to load resource: net::ERR_CONNECTION_REFUSED @ http://localhost:8099/stream:0
[196380592ms] [ERROR] Failed to load resource: net::ERR_CONNECTION_REFUSED @ http://localhost:8099/stream:0
[196383598ms] [ERROR] Failed to load resource: net::ERR_CONNECTION_REFUSED @ http://localhost:8099/stream:0
[196386603ms] [ERROR] Failed to load resource: net::ERR_CONNECTION_REFUSED @ http://localhost:8099/stream:0
[196389609ms] [ERROR] Failed to load resource: net::ERR_CONNECTION_REFUSED @ http://localhost:8099/stream:0
[196392614ms] [ERROR] Failed to load resource: net::ERR_CONNECTION_REFUSED @ http://localhost:8099/stream:0
[196395618ms] [ERROR] Failed to load resource: net::ERR_CONNECTION_REFUSED @ http://localhost:8099/stream:0
[196398625ms] [ERROR] Failed to load resource: net::ERR_CONNECTION_REFUSED @ http://localhost:8099/stream:0
[196401630ms] [ERROR] Failed to load resource: net::ERR_CONNECTION_REFUSED @ http://localhost:8099/stream:0
[196404636ms] [ERROR] Failed to load resource: net::ERR_CONNECTION_REFUSED @ http://localhost:8099/stream:0
[196407642ms] [ERROR] Failed to load resource: net::ERR_CONNECTION_REFUSED @ http://localhost:8099/stream:0
[196410647ms] [ERROR] Failed to load resource: net::ERR_CONNECTION_REFUSED @ http://localhost:8099/stream:0
[197485820ms] [ERROR] Failed to load resource: net::ERR_CONNECTION_REFUSED @ http://localhost:8099/stream:0
[198389791ms] [ERROR] Failed to load resource: net::ERR_CONNECTION_REFUSED @ http://localhost:8099/stream:0
[198392796ms] [ERROR] Failed to load resource: net::ERR_CONNECTION_REFUSED @ http://localhost:8099/stream:0
[198395801ms] [ERROR] Failed to load resource: net::ERR_CONNECTION_REFUSED @ http://localhost:8099/stream:0
[198398805ms] [ERROR] Failed to load resource: net::ERR_CONNECTION_REFUSED @ http://localhost:8099/stream:0
[198401809ms] [ERROR] Failed to load resource: net::ERR_CONNECTION_REFUSED @ http://localhost:8099/stream:0
[198404814ms] [ERROR] Failed to load resource: net::ERR_CONNECTION_REFUSED @ http://localhost:8099/stream:0
[198407819ms] [ERROR] Failed to load resource: net::ERR_CONNECTION_REFUSED @ http://localhost:8099/stream:0
[198410822ms] [ERROR] Failed to load resource: net::ERR_CONNECTION_REFUSED @ http://localhost:8099/stream:0
[198413828ms] [ERROR] Failed to load resource: net::ERR_CONNECTION_REFUSED @ http://localhost:8099/stream:0
[198416832ms] [ERROR] Failed to load resource: net::ERR_CONNECTION_REFUSED @ http://localhost:8099/stream:0
[198419837ms] [ERROR] Failed to load resource: net::ERR_CONNECTION_REFUSED @ http://localhost:8099/stream:0
[198422842ms] [ERROR] Failed to load resource: net::ERR_CONNECTION_REFUSED @ http://localhost:8099/stream:0
[198425848ms] [ERROR] Failed to load resource: net::ERR_CONNECTION_REFUSED @ http://localhost:8099/stream:0
[198428853ms] [ERROR] Failed to load resource: net::ERR_CONNECTION_REFUSED @ http://localhost:8099/stream:0
[198431859ms] [ERROR] Failed to load resource: net::ERR_CONNECTION_REFUSED @ http://localhost:8099/stream:0
[198434865ms] [ERROR] Failed to load resource: net::ERR_CONNECTION_REFUSED @ http://localhost:8099/stream:0
[199383247ms] [ERROR] Failed to load resource: net::ERR_CONNECTION_REFUSED @ http://localhost:8099/stream:0
[199386252ms] [ERROR] Failed to load resource: net::ERR_CONNECTION_REFUSED @ http://localhost:8099/stream:0
[200360826ms] [ERROR] Failed to load resource: net::ERR_CONNECTION_REFUSED @ http://localhost:8099/stream:0
[200363831ms] [ERROR] Failed to load resource: net::ERR_CONNECTION_REFUSED @ http://localhost:8099/stream:0
[200367554ms] [ERROR] Failed to load resource: net::ERR_CONNECTION_REFUSED @ http://localhost:8099/stream:0
[200370559ms] [ERROR] Failed to load resource: net::ERR_CONNECTION_REFUSED @ http://localhost:8099/stream:0
[200373565ms] [ERROR] Failed to load resource: net::ERR_CONNECTION_REFUSED @ http://localhost:8099/stream:0
[200376570ms] [ERROR] Failed to load resource: net::ERR_CONNECTION_REFUSED @ http://localhost:8099/stream:0
[200379576ms] [ERROR] Failed to load resource: net::ERR_CONNECTION_REFUSED @ http://localhost:8099/stream:0
[200382582ms] [ERROR] Failed to load resource: net::ERR_CONNECTION_REFUSED @ http://localhost:8099/stream:0
[200385587ms] [ERROR] Failed to load resource: net::ERR_CONNECTION_REFUSED @ http://localhost:8099/stream:0
[200388592ms] [ERROR] Failed to load resource: net::ERR_CONNECTION_REFUSED @ http://localhost:8099/stream:0
[200391597ms] [ERROR] Failed to load resource: net::ERR_CONNECTION_REFUSED @ http://localhost:8099/stream:0
[200394602ms] [ERROR] Failed to load resource: net::ERR_CONNECTION_REFUSED @ http://localhost:8099/stream:0
[200397608ms] [ERROR] Failed to load resource: net::ERR_CONNECTION_REFUSED @ http://localhost:8099/stream:0
[200400614ms] [ERROR] Failed to load resource: net::ERR_CONNECTION_REFUSED @ http://localhost:8099/stream:0
[200403620ms] [ERROR] Failed to load resource: net::ERR_CONNECTION_REFUSED @ http://localhost:8099/stream:0
[200406625ms] [ERROR] Failed to load resource: net::ERR_CONNECTION_REFUSED @ http://localhost:8099/stream:0
[200409630ms] [ERROR] Failed to load resource: net::ERR_CONNECTION_REFUSED @ http://localhost:8099/stream:0
[201476268ms] [ERROR] Failed to load resource: net::ERR_CONNECTION_REFUSED @ http://localhost:8099/stream:0
[201479272ms] [ERROR] Failed to load resource: net::ERR_CONNECTION_REFUSED @ http://localhost:8099/stream:0
[202530906ms] [ERROR] Failed to load resource: net::ERR_CONNECTION_REFUSED @ http://localhost:8099/stream:0
[202533914ms] [ERROR] Failed to load resource: net::ERR_CONNECTION_REFUSED @ http://localhost:8099/stream:0
[203437228ms] [ERROR] Failed to load resource: net::ERR_CONNECTION_REFUSED @ http://localhost:8099/stream:0
[203440233ms] [ERROR] Failed to load resource: net::ERR_CONNECTION_REFUSED @ http://localhost:8099/stream:0
[203443238ms] [ERROR] Failed to load resource: net::ERR_CONNECTION_REFUSED @ http://localhost:8099/stream:0
[203446244ms] [ERROR] Failed to load resource: net::ERR_CONNECTION_REFUSED @ http://localhost:8099/stream:0
[203449251ms] [ERROR] Failed to load resource: net::ERR_CONNECTION_REFUSED @ http://localhost:8099/stream:0
[203452257ms] [ERROR] Failed to load resource: net::ERR_CONNECTION_REFUSED @ http://localhost:8099/stream:0
[203455263ms] [ERROR] Failed to load resource: net::ERR_CONNECTION_REFUSED @ http://localhost:8099/stream:0
[203458268ms] [ERROR] Failed to load resource: net::ERR_CONNECTION_REFUSED @ http://localhost:8099/stream:0
[203461273ms] [ERROR] Failed to load resource: net::ERR_CONNECTION_REFUSED @ http://localhost:8099/stream:0
[203464279ms] [ERROR] Failed to load resource: net::ERR_CONNECTION_REFUSED @ http://localhost:8099/stream:0
[203467285ms] [ERROR] Failed to load resource: net::ERR_CONNECTION_REFUSED @ http://localhost:8099/stream:0
[203470289ms] [ERROR] Failed to load resource: net::ERR_CONNECTION_REFUSED @ http://localhost:8099/stream:0
[203473294ms] [ERROR] Failed to load resource: net::ERR_CONNECTION_REFUSED @ http://localhost:8099/stream:0
[203476299ms] [ERROR] Failed to load resource: net::ERR_CONNECTION_REFUSED @ http://localhost:8099/stream:0
[203479305ms] [ERROR] Failed to load resource: net::ERR_CONNECTION_REFUSED @ http://localhost:8099/stream:0
[203482310ms] [ERROR] Failed to load resource: net::ERR_CONNECTION_REFUSED @ http://localhost:8099/stream:0
[203639839ms] [ERROR] Failed to load resource: net::ERR_CONNECTION_REFUSED @ http://localhost:8099/stream:0
[203642843ms] [ERROR] Failed to load resource: net::ERR_CONNECTION_REFUSED @ http://localhost:8099/stream:0
[203645848ms] [ERROR] Failed to load resource: net::ERR_CONNECTION_REFUSED @ http://localhost:8099/stream:0
[203648854ms] [ERROR] Failed to load resource: net::ERR_CONNECTION_REFUSED @ http://localhost:8099/stream:0
[203651859ms] [ERROR] Failed to load resource: net::ERR_CONNECTION_REFUSED @ http://localhost:8099/stream:0
[203654865ms] [ERROR] Failed to load resource: net::ERR_CONNECTION_REFUSED @ http://localhost:8099/stream:0
[203657871ms] [ERROR] Failed to load resource: net::ERR_CONNECTION_REFUSED @ http://localhost:8099/stream:0
[203660877ms] [ERROR] Failed to load resource: net::ERR_CONNECTION_REFUSED @ http://localhost:8099/stream:0
[203663883ms] [ERROR] Failed to load resource: net::ERR_CONNECTION_REFUSED @ http://localhost:8099/stream:0
[203666886ms] [ERROR] Failed to load resource: net::ERR_CONNECTION_REFUSED @ http://localhost:8099/stream:0
[203669893ms] [ERROR] Failed to load resource: net::ERR_CONNECTION_REFUSED @ http://localhost:8099/stream:0
[203672899ms] [ERROR] Failed to load resource: net::ERR_CONNECTION_REFUSED @ http://localhost:8099/stream:0
[203675905ms] [ERROR] Failed to load resource: net::ERR_CONNECTION_REFUSED @ http://localhost:8099/stream:0
[203678910ms] [ERROR] Failed to load resource: net::ERR_CONNECTION_REFUSED @ http://localhost:8099/stream:0
[203681912ms] [ERROR] Failed to load resource: net::ERR_CONNECTION_REFUSED @ http://localhost:8099/stream:0
[204017550ms] [ERROR] Failed to load resource: net::ERR_CONNECTION_REFUSED @ http://localhost:8099/stream:0
[204020557ms] [ERROR] Failed to load resource: net::ERR_CONNECTION_REFUSED @ http://localhost:8099/stream:0
[218140383ms] [ERROR] Failed to load resource: net::ERR_CONNECTION_REFUSED @ http://localhost:8099/stream:0
[218143370ms] [ERROR] Failed to load resource: net::ERR_CONNECTION_REFUSED @ http://localhost:8099/stream:0
[218146377ms] [ERROR] Failed to load resource: net::ERR_CONNECTION_REFUSED @ http://localhost:8099/stream:0
[218149385ms] [ERROR] Failed to load resource: net::ERR_CONNECTION_REFUSED @ http://localhost:8099/stream:0
[218152390ms] [ERROR] Failed to load resource: net::ERR_CONNECTION_REFUSED @ http://localhost:8099/stream:0
[218155395ms] [ERROR] Failed to load resource: net::ERR_CONNECTION_REFUSED @ http://localhost:8099/stream:0
[218158400ms] [ERROR] Failed to load resource: net::ERR_CONNECTION_REFUSED @ http://localhost:8099/stream:0
[218161409ms] [ERROR] Failed to load resource: net::ERR_CONNECTION_REFUSED @ http://localhost:8099/stream:0
[218164418ms] [ERROR] Failed to load resource: net::ERR_CONNECTION_REFUSED @ http://localhost:8099/stream:0
[218167421ms] [ERROR] Failed to load resource: net::ERR_CONNECTION_REFUSED @ http://localhost:8099/stream:0
[218170427ms] [ERROR] Failed to load resource: net::ERR_CONNECTION_REFUSED @ http://localhost:8099/stream:0
[218173430ms] [ERROR] Failed to load resource: net::ERR_CONNECTION_REFUSED @ http://localhost:8099/stream:0
[218176433ms] [ERROR] Failed to load resource: net::ERR_CONNECTION_REFUSED @ http://localhost:8099/stream:0
[218179437ms] [ERROR] Failed to load resource: net::ERR_CONNECTION_REFUSED @ http://localhost:8099/stream:0
[218182566ms] [ERROR] Failed to load resource: net::ERR_CONNECTION_REFUSED @ http://localhost:8099/stream:0
[218185573ms] [ERROR] Failed to load resource: net::ERR_CONNECTION_REFUSED @ http://localhost:8099/stream:0
[218188585ms] [ERROR] Failed to load resource: net::ERR_CONNECTION_REFUSED @ http://localhost:8099/stream:0
[218191588ms] [ERROR] Failed to load resource: net::ERR_CONNECTION_REFUSED @ http://localhost:8099/stream:0
[218194593ms] [ERROR] Failed to load resource: net::ERR_CONNECTION_REFUSED @ http://localhost:8099/stream:0
[218197606ms] [ERROR] Failed to load resource: net::ERR_CONNECTION_REFUSED @ http://localhost:8099/stream:0
[218200609ms] [ERROR] Failed to load resource: net::ERR_CONNECTION_REFUSED @ http://localhost:8099/stream:0
[218203615ms] [ERROR] Failed to load resource: net::ERR_CONNECTION_REFUSED @ http://localhost:8099/stream:0
[218206619ms] [ERROR] Failed to load resource: net::ERR_CONNECTION_REFUSED @ http://localhost:8099/stream:0
[218209627ms] [ERROR] Failed to load resource: net::ERR_CONNECTION_REFUSED @ http://localhost:8099/stream:0
[218212630ms] [ERROR] Failed to load resource: net::ERR_CONNECTION_REFUSED @ http://localhost:8099/stream:0
[218215634ms] [ERROR] Failed to load resource: net::ERR_CONNECTION_REFUSED @ http://localhost:8099/stream:0
[218218647ms] [ERROR] Failed to load resource: net::ERR_CONNECTION_REFUSED @ http://localhost:8099/stream:0
[218221650ms] [ERROR] Failed to load resource: net::ERR_CONNECTION_REFUSED @ http://localhost:8099/stream:0
[218224656ms] [ERROR] Failed to load resource: net::ERR_CONNECTION_REFUSED @ http://localhost:8099/stream:0
[218227660ms] [ERROR] Failed to load resource: net::ERR_CONNECTION_REFUSED @ http://localhost:8099/stream:0
[218230669ms] [ERROR] Failed to load resource: net::ERR_CONNECTION_REFUSED @ http://localhost:8099/stream:0
[218233679ms] [ERROR] Failed to load resource: net::ERR_CONNECTION_REFUSED @ http://localhost:8099/stream:0
[218236689ms] [ERROR] Failed to load resource: net::ERR_CONNECTION_REFUSED @ http://localhost:8099/stream:0
[218239692ms] [ERROR] Failed to load resource: net::ERR_CONNECTION_REFUSED @ http://localhost:8099/stream:0
[218242699ms] [ERROR] Failed to load resource: net::ERR_CONNECTION_REFUSED @ http://localhost:8099/stream:0
[218245704ms] [ERROR] Failed to load resource: net::ERR_CONNECTION_REFUSED @ http://localhost:8099/stream:0
[218248707ms] [ERROR] Failed to load resource: net::ERR_CONNECTION_REFUSED @ http://localhost:8099/stream:0
[218251712ms] [ERROR] Failed to load resource: net::ERR_CONNECTION_REFUSED @ http://localhost:8099/stream:0
[218254717ms] [ERROR] Failed to load resource: net::ERR_CONNECTION_REFUSED @ http://localhost:8099/stream:0
[218257728ms] [ERROR] Failed to load resource: net::ERR_CONNECTION_REFUSED @ http://localhost:8099/stream:0
[218260733ms] [ERROR] Failed to load resource: net::ERR_CONNECTION_REFUSED @ http://localhost:8099/stream:0
[218263742ms] [ERROR] Failed to load resource: net::ERR_CONNECTION_REFUSED @ http://localhost:8099/stream:0
[218266745ms] [ERROR] Failed to load resource: net::ERR_CONNECTION_REFUSED @ http://localhost:8099/stream:0
[218269749ms] [ERROR] Failed to load resource: net::ERR_CONNECTION_REFUSED @ http://localhost:8099/stream:0
[218272754ms] [ERROR] Failed to load resource: net::ERR_CONNECTION_REFUSED @ http://localhost:8099/stream:0
[218275767ms] [ERROR] Failed to load resource: net::ERR_CONNECTION_REFUSED @ http://localhost:8099/stream:0
[218278773ms] [ERROR] Failed to load resource: net::ERR_CONNECTION_REFUSED @ http://localhost:8099/stream:0
[218281777ms] [ERROR] Failed to load resource: net::ERR_CONNECTION_REFUSED @ http://localhost:8099/stream:0
[218284783ms] [ERROR] Failed to load resource: net::ERR_CONNECTION_REFUSED @ http://localhost:8099/stream:0
[218287787ms] [ERROR] Failed to load resource: net::ERR_CONNECTION_REFUSED @ http://localhost:8099/stream:0
[218290790ms] [ERROR] Failed to load resource: net::ERR_CONNECTION_REFUSED @ http://localhost:8099/stream:0
[218293798ms] [ERROR] Failed to load resource: net::ERR_CONNECTION_REFUSED @ http://localhost:8099/stream:0
[218296803ms] [ERROR] Failed to load resource: net::ERR_CONNECTION_REFUSED @ http://localhost:8099/stream:0
[218299806ms] [ERROR] Failed to load resource: net::ERR_CONNECTION_REFUSED @ http://localhost:8099/stream:0
[218302810ms] [ERROR] Failed to load resource: net::ERR_CONNECTION_REFUSED @ http://localhost:8099/stream:0
[218305814ms] [ERROR] Failed to load resource: net::ERR_CONNECTION_REFUSED @ http://localhost:8099/stream:0
[218308820ms] [ERROR] Failed to load resource: net::ERR_CONNECTION_REFUSED @ http://localhost:8099/stream:0
[218311823ms] [ERROR] Failed to load resource: net::ERR_CONNECTION_REFUSED @ http://localhost:8099/stream:0
[218314828ms] [ERROR] Failed to load resource: net::ERR_CONNECTION_REFUSED @ http://localhost:8099/stream:0
[218317831ms] [ERROR] Failed to load resource: net::ERR_CONNECTION_REFUSED @ http://localhost:8099/stream:0
[218320836ms] [ERROR] Failed to load resource: net::ERR_CONNECTION_REFUSED @ http://localhost:8099/stream:0
[218323840ms] [ERROR] Failed to load resource: net::ERR_CONNECTION_REFUSED @ http://localhost:8099/stream:0
[218326844ms] [ERROR] Failed to load resource: net::ERR_CONNECTION_REFUSED @ http://localhost:8099/stream:0
[218329848ms] [ERROR] Failed to load resource: net::ERR_CONNECTION_REFUSED @ http://localhost:8099/stream:0
[218332852ms] [ERROR] Failed to load resource: net::ERR_CONNECTION_REFUSED @ http://localhost:8099/stream:0
[218335856ms] [ERROR] Failed to load resource: net::ERR_CONNECTION_REFUSED @ http://localhost:8099/stream:0
[218338865ms] [ERROR] Failed to load resource: net::ERR_CONNECTION_REFUSED @ http://localhost:8099/stream:0
[218341869ms] [ERROR] Failed to load resource: net::ERR_CONNECTION_REFUSED @ http://localhost:8099/stream:0
[218344874ms] [ERROR] Failed to load resource: net::ERR_CONNECTION_REFUSED @ http://localhost:8099/stream:0
[218347878ms] [ERROR] Failed to load resource: net::ERR_CONNECTION_REFUSED @ http://localhost:8099/stream:0
[218350883ms] [ERROR] Failed to load resource: net::ERR_CONNECTION_REFUSED @ http://localhost:8099/stream:0
[218353888ms] [ERROR] Failed to load resource: net::ERR_CONNECTION_REFUSED @ http://localhost:8099/stream:0
[218356891ms] [ERROR] Failed to load resource: net::ERR_CONNECTION_REFUSED @ http://localhost:8099/stream:0
[218359895ms] [ERROR] Failed to load resource: net::ERR_CONNECTION_REFUSED @ http://localhost:8099/stream:0
[218362899ms] [ERROR] Failed to load resource: net::ERR_CONNECTION_REFUSED @ http://localhost:8099/stream:0
[218365902ms] [ERROR] Failed to load resource: net::ERR_CONNECTION_REFUSED @ http://localhost:8099/stream:0
[218368906ms] [ERROR] Failed to load resource: net::ERR_CONNECTION_REFUSED @ http://localhost:8099/stream:0
[218371909ms] [ERROR] Failed to load resource: net::ERR_CONNECTION_REFUSED @ http://localhost:8099/stream:0
[218374913ms] [ERROR] Failed to load resource: net::ERR_CONNECTION_REFUSED @ http://localhost:8099/stream:0
[218377917ms] [ERROR] Failed to load resource: net::ERR_CONNECTION_REFUSED @ http://localhost:8099/stream:0
[218380920ms] [ERROR] Failed to load resource: net::ERR_CONNECTION_REFUSED @ http://localhost:8099/stream:0
[218383923ms] [ERROR] Failed to load resource: net::ERR_CONNECTION_REFUSED @ http://localhost:8099/stream:0
[218386927ms] [ERROR] Failed to load resource: net::ERR_CONNECTION_REFUSED @ http://localhost:8099/stream:0
[218389930ms] [ERROR] Failed to load resource: net::ERR_CONNECTION_REFUSED @ http://localhost:8099/stream:0
[218392934ms] [ERROR] Failed to load resource: net::ERR_CONNECTION_REFUSED @ http://localhost:8099/stream:0
[218395940ms] [ERROR] Failed to load resource: net::ERR_CONNECTION_REFUSED @ http://localhost:8099/stream:0
[218398943ms] [ERROR] Failed to load resource: net::ERR_CONNECTION_REFUSED @ http://localhost:8099/stream:0
[218401947ms] [ERROR] Failed to load resource: net::ERR_CONNECTION_REFUSED @ http://localhost:8099/stream:0
[218404951ms] [ERROR] Failed to load resource: net::ERR_CONNECTION_REFUSED @ http://localhost:8099/stream:0
[218407954ms] [ERROR] Failed to load resource: net::ERR_CONNECTION_REFUSED @ http://localhost:8099/stream:0
[218410958ms] [ERROR] Failed to load resource: net::ERR_CONNECTION_REFUSED @ http://localhost:8099/stream:0
[218413967ms] [ERROR] Failed to load resource: net::ERR_CONNECTION_REFUSED @ http://localhost:8099/stream:0
[218416969ms] [ERROR] Failed to load resource: net::ERR_CONNECTION_REFUSED @ http://localhost:8099/stream:0
[218419974ms] [ERROR] Failed to load resource: net::ERR_CONNECTION_REFUSED @ http://localhost:8099/stream:0
[218422978ms] [ERROR] Failed to load resource: net::ERR_CONNECTION_REFUSED @ http://localhost:8099/stream:0
[218425982ms] [ERROR] Failed to load resource: net::ERR_CONNECTION_REFUSED @ http://localhost:8099/stream:0
[218428986ms] [ERROR] Failed to load resource: net::ERR_CONNECTION_REFUSED @ http://localhost:8099/stream:0
[218431990ms] [ERROR] Failed to load resource: net::ERR_CONNECTION_REFUSED @ http://localhost:8099/stream:0
[218434994ms] [ERROR] Failed to load resource: net::ERR_CONNECTION_REFUSED @ http://localhost:8099/stream:0
[218437998ms] [ERROR] Failed to load resource: net::ERR_CONNECTION_REFUSED @ http://localhost:8099/stream:0
[218441002ms] [ERROR] Failed to load resource: net::ERR_CONNECTION_REFUSED @ http://localhost:8099/stream:0
[218444006ms] [ERROR] Failed to load resource: net::ERR_CONNECTION_REFUSED @ http://localhost:8099/stream:0
[218447008ms] [ERROR] Failed to load resource: net::ERR_CONNECTION_REFUSED @ http://localhost:8099/stream:0
[218450011ms] [ERROR] Failed to load resource: net::ERR_CONNECTION_REFUSED @ http://localhost:8099/stream:0
[218453016ms] [ERROR] Failed to load resource: net::ERR_CONNECTION_REFUSED @ http://localhost:8099/stream:0
[218456021ms] [ERROR] Failed to load resource: net::ERR_CONNECTION_REFUSED @ http://localhost:8099/stream:0
[218459025ms] [ERROR] Failed to load resource: net::ERR_CONNECTION_REFUSED @ http://localhost:8099/stream:0
[218462028ms] [ERROR] Failed to load resource: net::ERR_CONNECTION_REFUSED @ http://localhost:8099/stream:0
[218465032ms] [ERROR] Failed to load resource: net::ERR_CONNECTION_REFUSED @ http://localhost:8099/stream:0
[218468035ms] [ERROR] Failed to load resource: net::ERR_CONNECTION_REFUSED @ http://localhost:8099/stream:0
[218471039ms] [ERROR] Failed to load resource: net::ERR_CONNECTION_REFUSED @ http://localhost:8099/stream:0
[218474042ms] [ERROR] Failed to load resource: net::ERR_CONNECTION_REFUSED @ http://localhost:8099/stream:0
[218477047ms] [ERROR] Failed to load resource: net::ERR_CONNECTION_REFUSED @ http://localhost:8099/stream:0
[218480052ms] [ERROR] Failed to load resource: net::ERR_CONNECTION_REFUSED @ http://localhost:8099/stream:0
[218483055ms] [ERROR] Failed to load resource: net::ERR_CONNECTION_REFUSED @ http://localhost:8099/stream:0
[218486059ms] [ERROR] Failed to load resource: net::ERR_CONNECTION_REFUSED @ http://localhost:8099/stream:0
[218489061ms] [ERROR] Failed to load resource: net::ERR_CONNECTION_REFUSED @ http://localhost:8099/stream:0
[218492066ms] [ERROR] Failed to load resource: net::ERR_CONNECTION_REFUSED @ http://localhost:8099/stream:0
[218495069ms] [ERROR] Failed to load resource: net::ERR_CONNECTION_REFUSED @ http://localhost:8099/stream:0
[218498072ms] [ERROR] Failed to load resource: net::ERR_CONNECTION_REFUSED @ http://localhost:8099/stream:0
[218501078ms] [ERROR] Failed to load resource: net::ERR_CONNECTION_REFUSED @ http://localhost:8099/stream:0
[218504083ms] [ERROR] Failed to load resource: net::ERR_CONNECTION_REFUSED @ http://localhost:8099/stream:0
[218507090ms] [ERROR] Failed to load resource: net::ERR_CONNECTION_REFUSED @ http://localhost:8099/stream:0
[218510094ms] [ERROR] Failed to load resource: net::ERR_CONNECTION_REFUSED @ http://localhost:8099/stream:0
[218513101ms] [ERROR] Failed to load resource: net::ERR_CONNECTION_REFUSED @ http://localhost:8099/stream:0
[218516107ms] [ERROR] Failed to load resource: net::ERR_CONNECTION_REFUSED @ http://localhost:8099/stream:0
[218519117ms] [ERROR] Failed to load resource: net::ERR_CONNECTION_REFUSED @ http://localhost:8099/stream:0
[218522390ms] [ERROR] Failed to load resource: net::ERR_CONNECTION_REFUSED @ http://localhost:8099/stream:0
[218525490ms] [ERROR] Failed to load resource: net::ERR_CONNECTION_REFUSED @ http://localhost:8099/stream:0
[218528497ms] [ERROR] Failed to load resource: net::ERR_CONNECTION_REFUSED @ http://localhost:8099/stream:0
[218531503ms] [ERROR] Failed to load resource: net::ERR_CONNECTION_REFUSED @ http://localhost:8099/stream:0
[218534506ms] [ERROR] Failed to load resource: net::ERR_CONNECTION_REFUSED @ http://localhost:8099/stream:0
[218537517ms] [ERROR] Failed to load resource: net::ERR_CONNECTION_REFUSED @ http://localhost:8099/stream:0
[218540520ms] [ERROR] Failed to load resource: net::ERR_CONNECTION_REFUSED @ http://localhost:8099/stream:0
[218543528ms] [ERROR] Failed to load resource: net::ERR_CONNECTION_REFUSED @ http://localhost:8099/stream:0
[218546538ms] [ERROR] Failed to load resource: net::ERR_CONNECTION_REFUSED @ http://localhost:8099/stream:0
[218549548ms] [ERROR] Failed to load resource: net::ERR_CONNECTION_REFUSED @ http://localhost:8099/stream:0
[218552645ms] [ERROR] Failed to load resource: net::ERR_CONNECTION_REFUSED @ http://localhost:8099/stream:0
[218555650ms] [ERROR] Failed to load resource: net::ERR_CONNECTION_REFUSED @ http://localhost:8099/stream:0
[218558660ms] [ERROR] Failed to load resource: net::ERR_CONNECTION_REFUSED @ http://localhost:8099/stream:0
[218561667ms] [ERROR] Failed to load resource: net::ERR_CONNECTION_REFUSED @ http://localhost:8099/stream:0
[218564671ms] [ERROR] Failed to load resource: net::ERR_CONNECTION_REFUSED @ http://localhost:8099/stream:0
[218567678ms] [ERROR] Failed to load resource: net::ERR_CONNECTION_REFUSED @ http://localhost:8099/stream:0
[218570686ms] [ERROR] Failed to load resource: net::ERR_CONNECTION_REFUSED @ http://localhost:8099/stream:0
[218573692ms] [ERROR] Failed to load resource: net::ERR_CONNECTION_REFUSED @ http://localhost:8099/stream:0
[218576814ms] [ERROR] Failed to load resource: net::ERR_CONNECTION_REFUSED @ http://localhost:8099/stream:0
[218579815ms] [ERROR] Failed to load resource: net::ERR_CONNECTION_REFUSED @ http://localhost:8099/stream:0
[218582820ms] [ERROR] Failed to load resource: net::ERR_CONNECTION_REFUSED @ http://localhost:8099/stream:0
[218585831ms] [ERROR] Failed to load resource: net::ERR_CONNECTION_REFUSED @ http://localhost:8099/stream:0
[218588837ms] [ERROR] Failed to load resource: net::ERR_CONNECTION_REFUSED @ http://localhost:8099/stream:0
[218591844ms] [ERROR] Failed to load resource: net::ERR_CONNECTION_REFUSED @ http://localhost:8099/stream:0
[218594851ms] [ERROR] Failed to load resource: net::ERR_CONNECTION_REFUSED @ http://localhost:8099/stream:0
[218597860ms] [ERROR] Failed to load resource: net::ERR_CONNECTION_REFUSED @ http://localhost:8099/stream:0
[218600869ms] [ERROR] Failed to load resource: net::ERR_CONNECTION_REFUSED @ http://localhost:8099/stream:0
[218603875ms] [ERROR] Failed to load resource: net::ERR_CONNECTION_REFUSED @ http://localhost:8099/stream:0
[218606879ms] [ERROR] Failed to load resource: net::ERR_CONNECTION_REFUSED @ http://localhost:8099/stream:0
[218609883ms] [ERROR] Failed to load resource: net::ERR_CONNECTION_REFUSED @ http://localhost:8099/stream:0
[218612887ms] [ERROR] Failed to load resource: net::ERR_CONNECTION_REFUSED @ http://localhost:8099/stream:0
[218615893ms] [ERROR] Failed to load resource: net::ERR_CONNECTION_REFUSED @ http://localhost:8099/stream:0
[218618896ms] [ERROR] Failed to load resource: net::ERR_CONNECTION_REFUSED @ http://localhost:8099/stream:0
[218621900ms] [ERROR] Failed to load resource: net::ERR_CONNECTION_REFUSED @ http://localhost:8099/stream:0
[218624904ms] [ERROR] Failed to load resource: net::ERR_CONNECTION_REFUSED @ http://localhost:8099/stream:0
[218627908ms] [ERROR] Failed to load resource: net::ERR_CONNECTION_REFUSED @ http://localhost:8099/stream:0
[218630912ms] [ERROR] Failed to load resource: net::ERR_CONNECTION_REFUSED @ http://localhost:8099/stream:0
[218633915ms] [ERROR] Failed to load resource: net::ERR_CONNECTION_REFUSED @ http://localhost:8099/stream:0
[218636919ms] [ERROR] Failed to load resource: net::ERR_CONNECTION_REFUSED @ http://localhost:8099/stream:0
[218639923ms] [ERROR] Failed to load resource: net::ERR_CONNECTION_REFUSED @ http://localhost:8099/stream:0
[218642927ms] [ERROR] Failed to load resource: net::ERR_CONNECTION_REFUSED @ http://localhost:8099/stream:0
[218645930ms] [ERROR] Failed to load resource: net::ERR_CONNECTION_REFUSED @ http://localhost:8099/stream:0
[218648934ms] [ERROR] Failed to load resource: net::ERR_CONNECTION_REFUSED @ http://localhost:8099/stream:0
[218651939ms] [ERROR] Failed to load resource: net::ERR_CONNECTION_REFUSED @ http://localhost:8099/stream:0
[218654942ms] [ERROR] Failed to load resource: net::ERR_CONNECTION_REFUSED @ http://localhost:8099/stream:0
[218657947ms] [ERROR] Failed to load resource: net::ERR_CONNECTION_REFUSED @ http://localhost:8099/stream:0
[218660951ms] [ERROR] Failed to load resource: net::ERR_CONNECTION_REFUSED @ http://localhost:8099/stream:0
[218663955ms] [ERROR] Failed to load resource: net::ERR_CONNECTION_REFUSED @ http://localhost:8099/stream:0
[218666958ms] [ERROR] Failed to load resource: net::ERR_CONNECTION_REFUSED @ http://localhost:8099/stream:0
[218669961ms] [ERROR] Failed to load resource: net::ERR_CONNECTION_REFUSED @ http://localhost:8099/stream:0
[218672965ms] [ERROR] Failed to load resource: net::ERR_CONNECTION_REFUSED @ http://localhost:8099/stream:0
[218675969ms] [ERROR] Failed to load resource: net::ERR_CONNECTION_REFUSED @ http://localhost:8099/stream:0
[218678974ms] [ERROR] Failed to load resource: net::ERR_CONNECTION_REFUSED @ http://localhost:8099/stream:0
[218681979ms] [ERROR] Failed to load resource: net::ERR_CONNECTION_REFUSED @ http://localhost:8099/stream:0
[218684983ms] [ERROR] Failed to load resource: net::ERR_CONNECTION_REFUSED @ http://localhost:8099/stream:0
[218687988ms] [ERROR] Failed to load resource: net::ERR_CONNECTION_REFUSED @ http://localhost:8099/stream:0
[218690992ms] [ERROR] Failed to load resource: net::ERR_CONNECTION_REFUSED @ http://localhost:8099/stream:0
[218693995ms] [ERROR] Failed to load resource: net::ERR_CONNECTION_REFUSED @ http://localhost:8099/stream:0
[218697000ms] [ERROR] Failed to load resource: net::ERR_CONNECTION_REFUSED @ http://localhost:8099/stream:0
[218700003ms] [ERROR] Failed to load resource: net::ERR_CONNECTION_REFUSED @ http://localhost:8099/stream:0
[218703008ms] [ERROR] Failed to load resource: net::ERR_CONNECTION_REFUSED @ http://localhost:8099/stream:0
[218706012ms] [ERROR] Failed to load resource: net::ERR_CONNECTION_REFUSED @ http://localhost:8099/stream:0
[218709017ms] [ERROR] Failed to load resource: net::ERR_CONNECTION_REFUSED @ http://localhost:8099/stream:0
[218712021ms] [ERROR] Failed to load resource: net::ERR_CONNECTION_REFUSED @ http://localhost:8099/stream:0
[218715026ms] [ERROR] Failed to load resource: net::ERR_CONNECTION_REFUSED @ http://localhost:8099/stream:0
[218718030ms] [ERROR] Failed to load resource: net::ERR_CONNECTION_REFUSED @ http://localhost:8099/stream:0
[218721034ms] [ERROR] Failed to load resource: net::ERR_CONNECTION_REFUSED @ http://localhost:8099/stream:0
[218724038ms] [ERROR] Failed to load resource: net::ERR_CONNECTION_REFUSED @ http://localhost:8099/stream:0
[218727043ms] [ERROR] Failed to load resource: net::ERR_CONNECTION_REFUSED @ http://localhost:8099/stream:0
[218730048ms] [ERROR] Failed to load resource: net::ERR_CONNECTION_REFUSED @ http://localhost:8099/stream:0
[218733052ms] [ERROR] Failed to load resource: net::ERR_CONNECTION_REFUSED @ http://localhost:8099/stream:0
[218736057ms] [ERROR] Failed to load resource: net::ERR_CONNECTION_REFUSED @ http://localhost:8099/stream:0
[218739062ms] [ERROR] Failed to load resource: net::ERR_CONNECTION_REFUSED @ http://localhost:8099/stream:0
[218742069ms] [ERROR] Failed to load resource: net::ERR_CONNECTION_REFUSED @ http://localhost:8099/stream:0
[218745072ms] [ERROR] Failed to load resource: net::ERR_CONNECTION_REFUSED @ http://localhost:8099/stream:0
[218748077ms] [ERROR] Failed to load resource: net::ERR_CONNECTION_REFUSED @ http://localhost:8099/stream:0
[218751080ms] [ERROR] Failed to load resource: net::ERR_CONNECTION_REFUSED @ http://localhost:8099/stream:0
[218754084ms] [ERROR] Failed to load resource: net::ERR_CONNECTION_REFUSED @ http://localhost:8099/stream:0
[218757090ms] [ERROR] Failed to load resource: net::ERR_CONNECTION_REFUSED @ http://localhost:8099/stream:0
[218760095ms] [ERROR] Failed to load resource: net::ERR_CONNECTION_REFUSED @ http://localhost:8099/stream:0
[218763099ms] [ERROR] Failed to load resource: net::ERR_CONNECTION_REFUSED @ http://localhost:8099/stream:0
[218766103ms] [ERROR] Failed to load resource: net::ERR_CONNECTION_REFUSED @ http://localhost:8099/stream:0
[218769108ms] [ERROR] Failed to load resource: net::ERR_CONNECTION_REFUSED @ http://localhost:8099/stream:0
[218772112ms] [ERROR] Failed to load resource: net::ERR_CONNECTION_REFUSED @ http://localhost:8099/stream:0
[218775117ms] [ERROR] Failed to load resource: net::ERR_CONNECTION_REFUSED @ http://localhost:8099/stream:0
[218778122ms] [ERROR] Failed to load resource: net::ERR_CONNECTION_REFUSED @ http://localhost:8099/stream:0
[218781126ms] [ERROR] Failed to load resource: net::ERR_CONNECTION_REFUSED @ http://localhost:8099/stream:0
[218784130ms] [ERROR] Failed to load resource: net::ERR_CONNECTION_REFUSED @ http://localhost:8099/stream:0
[218787135ms] [ERROR] Failed to load resource: net::ERR_CONNECTION_REFUSED @ http://localhost:8099/stream:0
[218790139ms] [ERROR] Failed to load resource: net::ERR_CONNECTION_REFUSED @ http://localhost:8099/stream:0
[218793144ms] [ERROR] Failed to load resource: net::ERR_CONNECTION_REFUSED @ http://localhost:8099/stream:0
[218796149ms] [ERROR] Failed to load resource: net::ERR_CONNECTION_REFUSED @ http://localhost:8099/stream:0
[218799155ms] [ERROR] Failed to load resource: net::ERR_CONNECTION_REFUSED @ http://localhost:8099/stream:0
[218802159ms] [ERROR] Failed to load resource: net::ERR_CONNECTION_REFUSED @ http://localhost:8099/stream:0
[218805164ms] [ERROR] Failed to load resource: net::ERR_CONNECTION_REFUSED @ http://localhost:8099/stream:0
[218808167ms] [ERROR] Failed to load resource: net::ERR_CONNECTION_REFUSED @ http://localhost:8099/stream:0
[218811172ms] [ERROR] Failed to load resource: net::ERR_CONNECTION_REFUSED @ http://localhost:8099/stream:0
[218814174ms] [ERROR] Failed to load resource: net::ERR_CONNECTION_REFUSED @ http://localhost:8099/stream:0
[218817179ms] [ERROR] Failed to load resource: net::ERR_CONNECTION_REFUSED @ http://localhost:8099/stream:0
[218820182ms] [ERROR] Failed to load resource: net::ERR_CONNECTION_REFUSED @ http://localhost:8099/stream:0
[218823187ms] [ERROR] Failed to load resource: net::ERR_CONNECTION_REFUSED @ http://localhost:8099/stream:0
[218826192ms] [ERROR] Failed to load resource: net::ERR_CONNECTION_REFUSED @ http://localhost:8099/stream:0
[218829197ms] [ERROR] Failed to load resource: net::ERR_CONNECTION_REFUSED @ http://localhost:8099/stream:0
[218832202ms] [ERROR] Failed to load resource: net::ERR_CONNECTION_REFUSED @ http://localhost:8099/stream:0
[218835208ms] [ERROR] Failed to load resource: net::ERR_CONNECTION_REFUSED @ http://localhost:8099/stream:0
[218838212ms] [ERROR] Failed to load resource: net::ERR_CONNECTION_REFUSED @ http://localhost:8099/stream:0
[218841217ms] [ERROR] Failed to load resource: net::ERR_CONNECTION_REFUSED @ http://localhost:8099/stream:0
[218844220ms] [ERROR] Failed to load resource: net::ERR_CONNECTION_REFUSED @ http://localhost:8099/stream:0
[218847224ms] [ERROR] Failed to load resource: net::ERR_CONNECTION_REFUSED @ http://localhost:8099/stream:0
[218850230ms] [ERROR] Failed to load resource: net::ERR_CONNECTION_REFUSED @ http://localhost:8099/stream:0
[218853233ms] [ERROR] Failed to load resource: net::ERR_CONNECTION_REFUSED @ http://localhost:8099/stream:0
[218856238ms] [ERROR] Failed to load resource: net::ERR_CONNECTION_REFUSED @ http://localhost:8099/stream:0
[218859240ms] [ERROR] Failed to load resource: net::ERR_CONNECTION_REFUSED @ http://localhost:8099/stream:0
[218862246ms] [ERROR] Failed to load resource: net::ERR_CONNECTION_REFUSED @ http://localhost:8099/stream:0
[218865248ms] [ERROR] Failed to load resource: net::ERR_CONNECTION_REFUSED @ http://localhost:8099/stream:0
[218868253ms] [ERROR] Failed to load resource: net::ERR_CONNECTION_REFUSED @ http://localhost:8099/stream:0
[218871257ms] [ERROR] Failed to load resource: net::ERR_CONNECTION_REFUSED @ http://localhost:8099/stream:0
[218874261ms] [ERROR] Failed to load resource: net::ERR_CONNECTION_REFUSED @ http://localhost:8099/stream:0
[218877265ms] [ERROR] Failed to load resource: net::ERR_CONNECTION_REFUSED @ http://localhost:8099/stream:0
[218880270ms] [ERROR] Failed to load resource: net::ERR_CONNECTION_REFUSED @ http://localhost:8099/stream:0
[218883275ms] [ERROR] Failed to load resource: net::ERR_CONNECTION_REFUSED @ http://localhost:8099/stream:0
[218886279ms] [ERROR] Failed to load resource: net::ERR_CONNECTION_REFUSED @ http://localhost:8099/stream:0
[218889284ms] [ERROR] Failed to load resource: net::ERR_CONNECTION_REFUSED @ http://localhost:8099/stream:0
[218892288ms] [ERROR] Failed to load resource: net::ERR_CONNECTION_REFUSED @ http://localhost:8099/stream:0
[218895293ms] [ERROR] Failed to load resource: net::ERR_CONNECTION_REFUSED @ http://localhost:8099/stream:0
[218898296ms] [ERROR] Failed to load resource: net::ERR_CONNECTION_REFUSED @ http://localhost:8099/stream:0
[218901302ms] [ERROR] Failed to load resource: net::ERR_CONNECTION_REFUSED @ http://localhost:8099/stream:0
[218904307ms] [ERROR] Failed to load resource: net::ERR_CONNECTION_REFUSED @ http://localhost:8099/stream:0
[218907310ms] [ERROR] Failed to load resource: net::ERR_CONNECTION_REFUSED @ http://localhost:8099/stream:0
[218910314ms] [ERROR] Failed to load resource: net::ERR_CONNECTION_REFUSED @ http://localhost:8099/stream:0
[218913320ms] [ERROR] Failed to load resource: net::ERR_CONNECTION_REFUSED @ http://localhost:8099/stream:0
[218916324ms] [ERROR] Failed to load resource: net::ERR_CONNECTION_REFUSED @ http://localhost:8099/stream:0
[218919329ms] [ERROR] Failed to load resource: net::ERR_CONNECTION_REFUSED @ http://localhost:8099/stream:0
[218922335ms] [ERROR] Failed to load resource: net::ERR_CONNECTION_REFUSED @ http://localhost:8099/stream:0
[218925339ms] [ERROR] Failed to load resource: net::ERR_CONNECTION_REFUSED @ http://localhost:8099/stream:0
[218928343ms] [ERROR] Failed to load resource: net::ERR_CONNECTION_REFUSED @ http://localhost:8099/stream:0
[218931347ms] [ERROR] Failed to load resource: net::ERR_CONNECTION_REFUSED @ http://localhost:8099/stream:0
[218934352ms] [ERROR] Failed to load resource: net::ERR_CONNECTION_REFUSED @ http://localhost:8099/stream:0
[218937357ms] [ERROR] Failed to load resource: net::ERR_CONNECTION_REFUSED @ http://localhost:8099/stream:0
[218940361ms] [ERROR] Failed to load resource: net::ERR_CONNECTION_REFUSED @ http://localhost:8099/stream:0
[218943365ms] [ERROR] Failed to load resource: net::ERR_CONNECTION_REFUSED @ http://localhost:8099/stream:0
[218946369ms] [ERROR] Failed to load resource: net::ERR_CONNECTION_REFUSED @ http://localhost:8099/stream:0
[218949373ms] [ERROR] Failed to load resource: net::ERR_CONNECTION_REFUSED @ http://localhost:8099/stream:0
[218952378ms] [ERROR] Failed to load resource: net::ERR_CONNECTION_REFUSED @ http://localhost:8099/stream:0
[218955382ms] [ERROR] Failed to load resource: net::ERR_CONNECTION_REFUSED @ http://localhost:8099/stream:0
[218958386ms] [ERROR] Failed to load resource: net::ERR_CONNECTION_REFUSED @ http://localhost:8099/stream:0
[218961391ms] [ERROR] Failed to load resource: net::ERR_CONNECTION_REFUSED @ http://localhost:8099/stream:0
[218964393ms] [ERROR] Failed to load resource: net::ERR_CONNECTION_REFUSED @ http://localhost:8099/stream:0
[218967399ms] [ERROR] Failed to load resource: net::ERR_CONNECTION_REFUSED @ http://localhost:8099/stream:0
[218970403ms] [ERROR] Failed to load resource: net::ERR_CONNECTION_REFUSED @ http://localhost:8099/stream:0
[218973407ms] [ERROR] Failed to load resource: net::ERR_CONNECTION_REFUSED @ http://localhost:8099/stream:0
[218976411ms] [ERROR] Failed to load resource: net::ERR_CONNECTION_REFUSED @ http://localhost:8099/stream:0
[218979414ms] [ERROR] Failed to load resource: net::ERR_CONNECTION_REFUSED @ http://localhost:8099/stream:0
[218982417ms] [ERROR] Failed to load resource: net::ERR_CONNECTION_REFUSED @ http://localhost:8099/stream:0
[218985423ms] [ERROR] Failed to load resource: net::ERR_CONNECTION_REFUSED @ http://localhost:8099/stream:0
[218988426ms] [ERROR] Failed to load resource: net::ERR_CONNECTION_REFUSED @ http://localhost:8099/stream:0
[218991432ms] [ERROR] Failed to load resource: net::ERR_CONNECTION_REFUSED @ http://localhost:8099/stream:0
[218994439ms] [ERROR] Failed to load resource: net::ERR_CONNECTION_REFUSED @ http://localhost:8099/stream:0
[218997443ms] [ERROR] Failed to load resource: net::ERR_CONNECTION_REFUSED @ http://localhost:8099/stream:0
[219000448ms] [ERROR] Failed to load resource: net::ERR_CONNECTION_REFUSED @ http://localhost:8099/stream:0
[219003456ms] [ERROR] Failed to load resource: net::ERR_CONNECTION_REFUSED @ http://localhost:8099/stream:0
[219006458ms] [ERROR] Failed to load resource: net::ERR_CONNECTION_REFUSED @ http://localhost:8099/stream:0
[219009462ms] [ERROR] Failed to load resource: net::ERR_CONNECTION_REFUSED @ http://localhost:8099/stream:0
[219012470ms] [ERROR] Failed to load resource: net::ERR_CONNECTION_REFUSED @ http://localhost:8099/stream:0
[219015474ms] [ERROR] Failed to load resource: net::ERR_CONNECTION_REFUSED @ http://localhost:8099/stream:0
[219018478ms] [ERROR] Failed to load resource: net::ERR_CONNECTION_REFUSED @ http://localhost:8099/stream:0
[219021482ms] [ERROR] Failed to load resource: net::ERR_CONNECTION_REFUSED @ http://localhost:8099/stream:0
[219024485ms] [ERROR] Failed to load resource: net::ERR_CONNECTION_REFUSED @ http://localhost:8099/stream:0
[219027489ms] [ERROR] Failed to load resource: net::ERR_CONNECTION_REFUSED @ http://localhost:8099/stream:0
[219030493ms] [ERROR] Failed to load resource: net::ERR_CONNECTION_REFUSED @ http://localhost:8099/stream:0
[219033497ms] [ERROR] Failed to load resource: net::ERR_CONNECTION_REFUSED @ http://localhost:8099/stream:0
[219036501ms] [ERROR] Failed to load resource: net::ERR_CONNECTION_REFUSED @ http://localhost:8099/stream:0
[219039504ms] [ERROR] Failed to load resource: net::ERR_CONNECTION_REFUSED @ http://localhost:8099/stream:0
[219042508ms] [ERROR] Failed to load resource: net::ERR_CONNECTION_REFUSED @ http://localhost:8099/stream:0
[219045512ms] [ERROR] Failed to load resource: net::ERR_CONNECTION_REFUSED @ http://localhost:8099/stream:0
[219048517ms] [ERROR] Failed to load resource: net::ERR_CONNECTION_REFUSED @ http://localhost:8099/stream:0
[219051520ms] [ERROR] Failed to load resource: net::ERR_CONNECTION_REFUSED @ http://localhost:8099/stream:0
[219054524ms] [ERROR] Failed to load resource: net::ERR_CONNECTION_REFUSED @ http://localhost:8099/stream:0
[219057528ms] [ERROR] Failed to load resource: net::ERR_CONNECTION_REFUSED @ http://localhost:8099/stream:0
[219060532ms] [ERROR] Failed to load resource: net::ERR_CONNECTION_REFUSED @ http://localhost:8099/stream:0
[219063536ms] [ERROR] Failed to load resource: net::ERR_CONNECTION_REFUSED @ http://localhost:8099/stream:0
[219066540ms] [ERROR] Failed to load resource: net::ERR_CONNECTION_REFUSED @ http://localhost:8099/stream:0
[219069543ms] [ERROR] Failed to load resource: net::ERR_CONNECTION_REFUSED @ http://localhost:8099/stream:0
[219072547ms] [ERROR] Failed to load resource: net::ERR_CONNECTION_REFUSED @ http://localhost:8099/stream:0
[219075551ms] [ERROR] Failed to load resource: net::ERR_CONNECTION_REFUSED @ http://localhost:8099/stream:0
[219078555ms] [ERROR] Failed to load resource: net::ERR_CONNECTION_REFUSED @ http://localhost:8099/stream:0
[219081561ms] [ERROR] Failed to load resource: net::ERR_CONNECTION_REFUSED @ http://localhost:8099/stream:0
[219084566ms] [ERROR] Failed to load resource: net::ERR_CONNECTION_REFUSED @ http://localhost:8099/stream:0
[219087570ms] [ERROR] Failed to load resource: net::ERR_CONNECTION_REFUSED @ http://localhost:8099/stream:0
[219090575ms] [ERROR] Failed to load resource: net::ERR_CONNECTION_REFUSED @ http://localhost:8099/stream:0
[219093580ms] [ERROR] Failed to load resource: net::ERR_CONNECTION_REFUSED @ http://localhost:8099/stream:0
[219096584ms] [ERROR] Failed to load resource: net::ERR_CONNECTION_REFUSED @ http://localhost:8099/stream:0
[219099589ms] [ERROR] Failed to load resource: net::ERR_CONNECTION_REFUSED @ http://localhost:8099/stream:0
[219102593ms] [ERROR] Failed to load resource: net::ERR_CONNECTION_REFUSED @ http://localhost:8099/stream:0
[219105599ms] [ERROR] Failed to load resource: net::ERR_CONNECTION_REFUSED @ http://localhost:8099/stream:0
[219108604ms] [ERROR] Failed to load resource: net::ERR_CONNECTION_REFUSED @ http://localhost:8099/stream:0
[219111607ms] [ERROR] Failed to load resource: net::ERR_CONNECTION_REFUSED @ http://localhost:8099/stream:0
[219114612ms] [ERROR] Failed to load resource: net::ERR_CONNECTION_REFUSED @ http://localhost:8099/stream:0
[219117616ms] [ERROR] Failed to load resource: net::ERR_CONNECTION_REFUSED @ http://localhost:8099/stream:0
[219120621ms] [ERROR] Failed to load resource: net::ERR_CONNECTION_REFUSED @ http://localhost:8099/stream:0
[219123626ms] [ERROR] Failed to load resource: net::ERR_CONNECTION_REFUSED @ http://localhost:8099/stream:0
[219126630ms] [ERROR] Failed to load resource: net::ERR_CONNECTION_REFUSED @ http://localhost:8099/stream:0
[219129634ms] [ERROR] Failed to load resource: net::ERR_CONNECTION_REFUSED @ http://localhost:8099/stream:0
[219132638ms] [ERROR] Failed to load resource: net::ERR_CONNECTION_REFUSED @ http://localhost:8099/stream:0
[219135642ms] [ERROR] Failed to load resource: net::ERR_CONNECTION_REFUSED @ http://localhost:8099/stream:0
[219138648ms] [ERROR] Failed to load resource: net::ERR_CONNECTION_REFUSED @ http://localhost:8099/stream:0
[219141652ms] [ERROR] Failed to load resource: net::ERR_CONNECTION_REFUSED @ http://localhost:8099/stream:0
[219144656ms] [ERROR] Failed to load resource: net::ERR_CONNECTION_REFUSED @ http://localhost:8099/stream:0
[219147662ms] [ERROR] Failed to load resource: net::ERR_CONNECTION_REFUSED @ http://localhost:8099/stream:0
[219150666ms] [ERROR] Failed to load resource: net::ERR_CONNECTION_REFUSED @ http://localhost:8099/stream:0
[219153670ms] [ERROR] Failed to load resource: net::ERR_CONNECTION_REFUSED @ http://localhost:8099/stream:0
[219156675ms] [ERROR] Failed to load resource: net::ERR_CONNECTION_REFUSED @ http://localhost:8099/stream:0
[219159680ms] [ERROR] Failed to load resource: net::ERR_CONNECTION_REFUSED @ http://localhost:8099/stream:0
[219162684ms] [ERROR] Failed to load resource: net::ERR_CONNECTION_REFUSED @ http://localhost:8099/stream:0
[219165689ms] [ERROR] Failed to load resource: net::ERR_CONNECTION_REFUSED @ http://localhost:8099/stream:0
[219168694ms] [ERROR] Failed to load resource: net::ERR_CONNECTION_REFUSED @ http://localhost:8099/stream:0
[219171698ms] [ERROR] Failed to load resource: net::ERR_CONNECTION_REFUSED @ http://localhost:8099/stream:0
[219174703ms] [ERROR] Failed to load resource: net::ERR_CONNECTION_REFUSED @ http://localhost:8099/stream:0
[219177707ms] [ERROR] Failed to load resource: net::ERR_CONNECTION_REFUSED @ http://localhost:8099/stream:0
[219180712ms] [ERROR] Failed to load resource: net::ERR_CONNECTION_REFUSED @ http://localhost:8099/stream:0
[219183718ms] [ERROR] Failed to load resource: net::ERR_CONNECTION_REFUSED @ http://localhost:8099/stream:0
[219186722ms] [ERROR] Failed to load resource: net::ERR_CONNECTION_REFUSED @ http://localhost:8099/stream:0
[219189728ms] [ERROR] Failed to load resource: net::ERR_CONNECTION_REFUSED @ http://localhost:8099/stream:0
[219192732ms] [ERROR] Failed to load resource: net::ERR_CONNECTION_REFUSED @ http://localhost:8099/stream:0
[219195737ms] [ERROR] Failed to load resource: net::ERR_CONNECTION_REFUSED @ http://localhost:8099/stream:0
[219198742ms] [ERROR] Failed to load resource: net::ERR_CONNECTION_REFUSED @ http://localhost:8099/stream:0
[219201746ms] [ERROR] Failed to load resource: net::ERR_CONNECTION_REFUSED @ http://localhost:8099/stream:0
[219204751ms] [ERROR] Failed to load resource: net::ERR_CONNECTION_REFUSED @ http://localhost:8099/stream:0
[219207756ms] [ERROR] Failed to load resource: net::ERR_CONNECTION_REFUSED @ http://localhost:8099/stream:0
[219210760ms] [ERROR] Failed to load resource: net::ERR_CONNECTION_REFUSED @ http://localhost:8099/stream:0
[219213765ms] [ERROR] Failed to load resource: net::ERR_CONNECTION_REFUSED @ http://localhost:8099/stream:0
[219216770ms] [ERROR] Failed to load resource: net::ERR_CONNECTION_REFUSED @ http://localhost:8099/stream:0
[219219774ms] [ERROR] Failed to load resource: net::ERR_CONNECTION_REFUSED @ http://localhost:8099/stream:0
[219222778ms] [ERROR] Failed to load resource: net::ERR_CONNECTION_REFUSED @ http://localhost:8099/stream:0
[219225783ms] [ERROR] Failed to load resource: net::ERR_CONNECTION_REFUSED @ http://localhost:8099/stream:0
[219228787ms] [ERROR] Failed to load resource: net::ERR_CONNECTION_REFUSED @ http://localhost:8099/stream:0
[219231791ms] [ERROR] Failed to load resource: net::ERR_CONNECTION_REFUSED @ http://localhost:8099/stream:0
[219234795ms] [ERROR] Failed to load resource: net::ERR_CONNECTION_REFUSED @ http://localhost:8099/stream:0
[219237800ms] [ERROR] Failed to load resource: net::ERR_CONNECTION_REFUSED @ http://localhost:8099/stream:0
[219240806ms] [ERROR] Failed to load resource: net::ERR_CONNECTION_REFUSED @ http://localhost:8099/stream:0
[219243811ms] [ERROR] Failed to load resource: net::ERR_CONNECTION_REFUSED @ http://localhost:8099/stream:0
[219246816ms] [ERROR] Failed to load resource: net::ERR_CONNECTION_REFUSED @ http://localhost:8099/stream:0
[219249821ms] [ERROR] Failed to load resource: net::ERR_CONNECTION_REFUSED @ http://localhost:8099/stream:0
[219252827ms] [ERROR] Failed to load resource: net::ERR_CONNECTION_REFUSED @ http://localhost:8099/stream:0
[219255831ms] [ERROR] Failed to load resource: net::ERR_CONNECTION_REFUSED @ http://localhost:8099/stream:0
[219258836ms] [ERROR] Failed to load resource: net::ERR_CONNECTION_REFUSED @ http://localhost:8099/stream:0
[219261841ms] [ERROR] Failed to load resource: net::ERR_CONNECTION_REFUSED @ http://localhost:8099/stream:0
[219264845ms] [ERROR] Failed to load resource: net::ERR_CONNECTION_REFUSED @ http://localhost:8099/stream:0
[219267850ms] [ERROR] Failed to load resource: net::ERR_CONNECTION_REFUSED @ http://localhost:8099/stream:0
[219270855ms] [ERROR] Failed to load resource: net::ERR_CONNECTION_REFUSED @ http://localhost:8099/stream:0
[219273859ms] [ERROR] Failed to load resource: net::ERR_CONNECTION_REFUSED @ http://localhost:8099/stream:0
[219276863ms] [ERROR] Failed to load resource: net::ERR_CONNECTION_REFUSED @ http://localhost:8099/stream:0
[219279868ms] [ERROR] Failed to load resource: net::ERR_CONNECTION_REFUSED @ http://localhost:8099/stream:0
[219282874ms] [ERROR] Failed to load resource: net::ERR_CONNECTION_REFUSED @ http://localhost:8099/stream:0
[219285880ms] [ERROR] Failed to load resource: net::ERR_CONNECTION_REFUSED @ http://localhost:8099/stream:0
[219288884ms] [ERROR] Failed to load resource: net::ERR_CONNECTION_REFUSED @ http://localhost:8099/stream:0
[219291889ms] [ERROR] Failed to load resource: net::ERR_CONNECTION_REFUSED @ http://localhost:8099/stream:0
[219294893ms] [ERROR] Failed to load resource: net::ERR_CONNECTION_REFUSED @ http://localhost:8099/stream:0
[219297896ms] [ERROR] Failed to load resource: net::ERR_CONNECTION_REFUSED @ http://localhost:8099/stream:0
[219300903ms] [ERROR] Failed to load resource: net::ERR_CONNECTION_REFUSED @ http://localhost:8099/stream:0
[219303907ms] [ERROR] Failed to load resource: net::ERR_CONNECTION_REFUSED @ http://localhost:8099/stream:0
[219306911ms] [ERROR] Failed to load resource: net::ERR_CONNECTION_REFUSED @ http://localhost:8099/stream:0
[219309915ms] [ERROR] Failed to load resource: net::ERR_CONNECTION_REFUSED @ http://localhost:8099/stream:0
[219312919ms] [ERROR] Failed to load resource: net::ERR_CONNECTION_REFUSED @ http://localhost:8099/stream:0
[219315924ms] [ERROR] Failed to load resource: net::ERR_CONNECTION_REFUSED @ http://localhost:8099/stream:0
[219318929ms] [ERROR] Failed to load resource: net::ERR_CONNECTION_REFUSED @ http://localhost:8099/stream:0
[219321934ms] [ERROR] Failed to load resource: net::ERR_CONNECTION_REFUSED @ http://localhost:8099/stream:0
[219324939ms] [ERROR] Failed to load resource: net::ERR_CONNECTION_REFUSED @ http://localhost:8099/stream:0
[219327943ms] [ERROR] Failed to load resource: net::ERR_CONNECTION_REFUSED @ http://localhost:8099/stream:0
[219330948ms] [ERROR] Failed to load resource: net::ERR_CONNECTION_REFUSED @ http://localhost:8099/stream:0
[219333952ms] [ERROR] Failed to load resource: net::ERR_CONNECTION_REFUSED @ http://localhost:8099/stream:0
[219336957ms] [ERROR] Failed to load resource: net::ERR_CONNECTION_REFUSED @ http://localhost:8099/stream:0
[219339961ms] [ERROR] Failed to load resource: net::ERR_CONNECTION_REFUSED @ http://localhost:8099/stream:0
[219342967ms] [ERROR] Failed to load resource: net::ERR_CONNECTION_REFUSED @ http://localhost:8099/stream:0
[219345972ms] [ERROR] Failed to load resource: net::ERR_CONNECTION_REFUSED @ http://localhost:8099/stream:0
[219348977ms] [ERROR] Failed to load resource: net::ERR_CONNECTION_REFUSED @ http://localhost:8099/stream:0
[219351982ms] [ERROR] Failed to load resource: net::ERR_CONNECTION_REFUSED @ http://localhost:8099/stream:0
[219354986ms] [ERROR] Failed to load resource: net::ERR_CONNECTION_REFUSED @ http://localhost:8099/stream:0
[219357991ms] [ERROR] Failed to load resource: net::ERR_CONNECTION_REFUSED @ http://localhost:8099/stream:0
[219360995ms] [ERROR] Failed to load resource: net::ERR_CONNECTION_REFUSED @ http://localhost:8099/stream:0
[219364000ms] [ERROR] Failed to load resource: net::ERR_CONNECTION_REFUSED @ http://localhost:8099/stream:0
[219367005ms] [ERROR] Failed to load resource: net::ERR_CONNECTION_REFUSED @ http://localhost:8099/stream:0
[219370009ms] [ERROR] Failed to load resource: net::ERR_CONNECTION_REFUSED @ http://localhost:8099/stream:0
[219373015ms] [ERROR] Failed to load resource: net::ERR_CONNECTION_REFUSED @ http://localhost:8099/stream:0
[219376019ms] [ERROR] Failed to load resource: net::ERR_CONNECTION_REFUSED @ http://localhost:8099/stream:0
[219379023ms] [ERROR] Failed to load resource: net::ERR_CONNECTION_REFUSED @ http://localhost:8099/stream:0
[219382028ms] [ERROR] Failed to load resource: net::ERR_CONNECTION_REFUSED @ http://localhost:8099/stream:0
[219385033ms] [ERROR] Failed to load resource: net::ERR_CONNECTION_REFUSED @ http://localhost:8099/stream:0
[219388037ms] [ERROR] Failed to load resource: net::ERR_CONNECTION_REFUSED @ http://localhost:8099/stream:0
[219391041ms] [ERROR] Failed to load resource: net::ERR_CONNECTION_REFUSED @ http://localhost:8099/stream:0
[219394046ms] [ERROR] Failed to load resource: net::ERR_CONNECTION_REFUSED @ http://localhost:8099/stream:0
[219397050ms] [ERROR] Failed to load resource: net::ERR_CONNECTION_REFUSED @ http://localhost:8099/stream:0
[219400056ms] [ERROR] Failed to load resource: net::ERR_CONNECTION_REFUSED @ http://localhost:8099/stream:0
[219403062ms] [ERROR] Failed to load resource: net::ERR_CONNECTION_REFUSED @ http://localhost:8099/stream:0
[219406067ms] [ERROR] Failed to load resource: net::ERR_CONNECTION_REFUSED @ http://localhost:8099/stream:0
[219409072ms] [ERROR] Failed to load resource: net::ERR_CONNECTION_REFUSED @ http://localhost:8099/stream:0
[219412077ms] [ERROR] Failed to load resource: net::ERR_CONNECTION_REFUSED @ http://localhost:8099/stream:0
[219415082ms] [ERROR] Failed to load resource: net::ERR_CONNECTION_REFUSED @ http://localhost:8099/stream:0
[219418087ms] [ERROR] Failed to load resource: net::ERR_CONNECTION_REFUSED @ http://localhost:8099/stream:0
[219421091ms] [ERROR] Failed to load resource: net::ERR_CONNECTION_REFUSED @ http://localhost:8099/stream:0
[219424095ms] [ERROR] Failed to load resource: net::ERR_CONNECTION_REFUSED @ http://localhost:8099/stream:0
[219427100ms] [ERROR] Failed to load resource: net::ERR_CONNECTION_REFUSED @ http://localhost:8099/stream:0
[219430104ms] [ERROR] Failed to load resource: net::ERR_CONNECTION_REFUSED @ http://localhost:8099/stream:0
[219433109ms] [ERROR] Failed to load resource: net::ERR_CONNECTION_REFUSED @ http://localhost:8099/stream:0
[219436113ms] [ERROR] Failed to load resource: net::ERR_CONNECTION_REFUSED @ http://localhost:8099/stream:0
[219439118ms] [ERROR] Failed to load resource: net::ERR_CONNECTION_REFUSED @ http://localhost:8099/stream:0
[219442121ms] [ERROR] Failed to load resource: net::ERR_CONNECTION_REFUSED @ http://localhost:8099/stream:0
[219445126ms] [ERROR] Failed to load resource: net::ERR_CONNECTION_REFUSED @ http://localhost:8099/stream:0
[219448130ms] [ERROR] Failed to load resource: net::ERR_CONNECTION_REFUSED @ http://localhost:8099/stream:0
[219451135ms] [ERROR] Failed to load resource: net::ERR_CONNECTION_REFUSED @ http://localhost:8099/stream:0
[219454139ms] [ERROR] Failed to load resource: net::ERR_CONNECTION_REFUSED @ http://localhost:8099/stream:0
[219457145ms] [ERROR] Failed to load resource: net::ERR_CONNECTION_REFUSED @ http://localhost:8099/stream:0
[219460149ms] [ERROR] Failed to load resource: net::ERR_CONNECTION_REFUSED @ http://localhost:8099/stream:0
[219463153ms] [ERROR] Failed to load resource: net::ERR_CONNECTION_REFUSED @ http://localhost:8099/stream:0
[219466157ms] [ERROR] Failed to load resource: net::ERR_CONNECTION_REFUSED @ http://localhost:8099/stream:0
[219469161ms] [ERROR] Failed to load resource: net::ERR_CONNECTION_REFUSED @ http://localhost:8099/stream:0
[219472164ms] [ERROR] Failed to load resource: net::ERR_CONNECTION_REFUSED @ http://localhost:8099/stream:0
[219475176ms] [ERROR] Failed to load resource: net::ERR_CONNECTION_REFUSED @ http://localhost:8099/stream:0
[219478179ms] [ERROR] Failed to load resource: net::ERR_CONNECTION_REFUSED @ http://localhost:8099/stream:0
[219481184ms] [ERROR] Failed to load resource: net::ERR_CONNECTION_REFUSED @ http://localhost:8099/stream:0
[219484188ms] [ERROR] Failed to load resource: net::ERR_CONNECTION_REFUSED @ http://localhost:8099/stream:0
[219487193ms] [ERROR] Failed to load resource: net::ERR_CONNECTION_REFUSED @ http://localhost:8099/stream:0
[219490198ms] [ERROR] Failed to load resource: net::ERR_CONNECTION_REFUSED @ http://localhost:8099/stream:0
[219493203ms] [ERROR] Failed to load resource: net::ERR_CONNECTION_REFUSED @ http://localhost:8099/stream:0
[219496208ms] [ERROR] Failed to load resource: net::ERR_CONNECTION_REFUSED @ http://localhost:8099/stream:0
[219499213ms] [ERROR] Failed to load resource: net::ERR_CONNECTION_REFUSED @ http://localhost:8099/stream:0
[219502217ms] [ERROR] Failed to load resource: net::ERR_CONNECTION_REFUSED @ http://localhost:8099/stream:0
[219505222ms] [ERROR] Failed to load resource: net::ERR_CONNECTION_REFUSED @ http://localhost:8099/stream:0
[219508227ms] [ERROR] Failed to load resource: net::ERR_CONNECTION_REFUSED @ http://localhost:8099/stream:0
[219511230ms] [ERROR] Failed to load resource: net::ERR_CONNECTION_REFUSED @ http://localhost:8099/stream:0
[219514235ms] [ERROR] Failed to load resource: net::ERR_CONNECTION_REFUSED @ http://localhost:8099/stream:0
[219517238ms] [ERROR] Failed to load resource: net::ERR_CONNECTION_REFUSED @ http://localhost:8099/stream:0
[219520243ms] [ERROR] Failed to load resource: net::ERR_CONNECTION_REFUSED @ http://localhost:8099/stream:0
[219523248ms] [ERROR] Failed to load resource: net::ERR_CONNECTION_REFUSED @ http://localhost:8099/stream:0
[219526252ms] [ERROR] Failed to load resource: net::ERR_CONNECTION_REFUSED @ http://localhost:8099/stream:0
[219529256ms] [ERROR] Failed to load resource: net::ERR_CONNECTION_REFUSED @ http://localhost:8099/stream:0
[219532265ms] [ERROR] Failed to load resource: net::ERR_CONNECTION_REFUSED @ http://localhost:8099/stream:0
[219535269ms] [ERROR] Failed to load resource: net::ERR_CONNECTION_REFUSED @ http://localhost:8099/stream:0
[219538272ms] [ERROR] Failed to load resource: net::ERR_CONNECTION_REFUSED @ http://localhost:8099/stream:0
[219541277ms] [ERROR] Failed to load resource: net::ERR_CONNECTION_REFUSED @ http://localhost:8099/stream:0
[219544283ms] [ERROR] Failed to load resource: net::ERR_CONNECTION_REFUSED @ http://localhost:8099/stream:0
[219547287ms] [ERROR] Failed to load resource: net::ERR_CONNECTION_REFUSED @ http://localhost:8099/stream:0
[219550291ms] [ERROR] Failed to load resource: net::ERR_CONNECTION_REFUSED @ http://localhost:8099/stream:0
[219553296ms] [ERROR] Failed to load resource: net::ERR_CONNECTION_REFUSED @ http://localhost:8099/stream:0
[219556300ms] [ERROR] Failed to load resource: net::ERR_CONNECTION_REFUSED @ http://localhost:8099/stream:0
[219559304ms] [ERROR] Failed to load resource: net::ERR_CONNECTION_REFUSED @ http://localhost:8099/stream:0
[219562308ms] [ERROR] Failed to load resource: net::ERR_CONNECTION_REFUSED @ http://localhost:8099/stream:0
[219565316ms] [ERROR] Failed to load resource: net::ERR_CONNECTION_REFUSED @ http://localhost:8099/stream:0
[219568320ms] [ERROR] Failed to load resource: net::ERR_CONNECTION_REFUSED @ http://localhost:8099/stream:0
[219571324ms] [ERROR] Failed to load resource: net::ERR_CONNECTION_REFUSED @ http://localhost:8099/stream:0
[219574328ms] [ERROR] Failed to load resource: net::ERR_CONNECTION_REFUSED @ http://localhost:8099/stream:0
[219577335ms] [ERROR] Failed to load resource: net::ERR_CONNECTION_REFUSED @ http://localhost:8099/stream:0
[219580339ms] [ERROR] Failed to load resource: net::ERR_CONNECTION_REFUSED @ http://localhost:8099/stream:0
[219583344ms] [ERROR] Failed to load resource: net::ERR_CONNECTION_REFUSED @ http://localhost:8099/stream:0
[219586348ms] [ERROR] Failed to load resource: net::ERR_CONNECTION_REFUSED @ http://localhost:8099/stream:0
[219589352ms] [ERROR] Failed to load resource: net::ERR_CONNECTION_REFUSED @ http://localhost:8099/stream:0
[219592356ms] [ERROR] Failed to load resource: net::ERR_CONNECTION_REFUSED @ http://localhost:8099/stream:0
[219595361ms] [ERROR] Failed to load resource: net::ERR_CONNECTION_REFUSED @ http://localhost:8099/stream:0
[219598366ms] [ERROR] Failed to load resource: net::ERR_CONNECTION_REFUSED @ http://localhost:8099/stream:0
[219601370ms] [ERROR] Failed to load resource: net::ERR_CONNECTION_REFUSED @ http://localhost:8099/stream:0
[219604375ms] [ERROR] Failed to load resource: net::ERR_CONNECTION_REFUSED @ http://localhost:8099/stream:0
[219607380ms] [ERROR] Failed to load resource: net::ERR_CONNECTION_REFUSED @ http://localhost:8099/stream:0
[219610386ms] [ERROR] Failed to load resource: net::ERR_CONNECTION_REFUSED @ http://localhost:8099/stream:0
[219613389ms] [ERROR] Failed to load resource: net::ERR_CONNECTION_REFUSED @ http://localhost:8099/stream:0
[219616394ms] [ERROR] Failed to load resource: net::ERR_CONNECTION_REFUSED @ http://localhost:8099/stream:0
[219619397ms] [ERROR] Failed to load resource: net::ERR_CONNECTION_REFUSED @ http://localhost:8099/stream:0
[219622401ms] [ERROR] Failed to load resource: net::ERR_CONNECTION_REFUSED @ http://localhost:8099/stream:0
[219625405ms] [ERROR] Failed to load resource: net::ERR_CONNECTION_REFUSED @ http://localhost:8099/stream:0
[219628410ms] [ERROR] Failed to load resource: net::ERR_CONNECTION_REFUSED @ http://localhost:8099/stream:0
[219631415ms] [ERROR] Failed to load resource: net::ERR_CONNECTION_REFUSED @ http://localhost:8099/stream:0
[219634419ms] [ERROR] Failed to load resource: net::ERR_CONNECTION_REFUSED @ http://localhost:8099/stream:0
[219637424ms] [ERROR] Failed to load resource: net::ERR_CONNECTION_REFUSED @ http://localhost:8099/stream:0
[219640427ms] [ERROR] Failed to load resource: net::ERR_CONNECTION_REFUSED @ http://localhost:8099/stream:0
[219643432ms] [ERROR] Failed to load resource: net::ERR_CONNECTION_REFUSED @ http://localhost:8099/stream:0
[219646437ms] [ERROR] Failed to load resource: net::ERR_CONNECTION_REFUSED @ http://localhost:8099/stream:0
[219649441ms] [ERROR] Failed to load resource: net::ERR_CONNECTION_REFUSED @ http://localhost:8099/stream:0
[219652446ms] [ERROR] Failed to load resource: net::ERR_CONNECTION_REFUSED @ http://localhost:8099/stream:0
[219655451ms] [ERROR] Failed to load resource: net::ERR_CONNECTION_REFUSED @ http://localhost:8099/stream:0
[219658455ms] [ERROR] Failed to load resource: net::ERR_CONNECTION_REFUSED @ http://localhost:8099/stream:0
[219661460ms] [ERROR] Failed to load resource: net::ERR_CONNECTION_REFUSED @ http://localhost:8099/stream:0
[219664465ms] [ERROR] Failed to load resource: net::ERR_CONNECTION_REFUSED @ http://localhost:8099/stream:0
[219667470ms] [ERROR] Failed to load resource: net::ERR_CONNECTION_REFUSED @ http://localhost:8099/stream:0
[219670474ms] [ERROR] Failed to load resource: net::ERR_CONNECTION_REFUSED @ http://localhost:8099/stream:0
[219673479ms] [ERROR] Failed to load resource: net::ERR_CONNECTION_REFUSED @ http://localhost:8099/stream:0
[219676484ms] [ERROR] Failed to load resource: net::ERR_CONNECTION_REFUSED @ http://localhost:8099/stream:0
[219679490ms] [ERROR] Failed to load resource: net::ERR_CONNECTION_REFUSED @ http://localhost:8099/stream:0
[219682494ms] [ERROR] Failed to load resource: net::ERR_CONNECTION_REFUSED @ http://localhost:8099/stream:0
[219685498ms] [ERROR] Failed to load resource: net::ERR_CONNECTION_REFUSED @ http://localhost:8099/stream:0
[219688503ms] [ERROR] Failed to load resource: net::ERR_CONNECTION_REFUSED @ http://localhost:8099/stream:0
[219691507ms] [ERROR] Failed to load resource: net::ERR_CONNECTION_REFUSED @ http://localhost:8099/stream:0
[219694512ms] [ERROR] Failed to load resource: net::ERR_CONNECTION_REFUSED @ http://localhost:8099/stream:0
[219697516ms] [ERROR] Failed to load resource: net::ERR_CONNECTION_REFUSED @ http://localhost:8099/stream:0
[219700522ms] [ERROR] Failed to load resource: net::ERR_CONNECTION_REFUSED @ http://localhost:8099/stream:0
[219703524ms] [ERROR] Failed to load resource: net::ERR_CONNECTION_REFUSED @ http://localhost:8099/stream:0
[219706529ms] [ERROR] Failed to load resource: net::ERR_CONNECTION_REFUSED @ http://localhost:8099/stream:0
[219709534ms] [ERROR] Failed to load resource: net::ERR_CONNECTION_REFUSED @ http://localhost:8099/stream:0
[219712538ms] [ERROR] Failed to load resource: net::ERR_CONNECTION_REFUSED @ http://localhost:8099/stream:0
[219715545ms] [ERROR] Failed to load resource: net::ERR_CONNECTION_REFUSED @ http://localhost:8099/stream:0
[219718549ms] [ERROR] Failed to load resource: net::ERR_CONNECTION_REFUSED @ http://localhost:8099/stream:0
[219721554ms] [ERROR] Failed to load resource: net::ERR_CONNECTION_REFUSED @ http://localhost:8099/stream:0
[219724558ms] [ERROR] Failed to load resource: net::ERR_CONNECTION_REFUSED @ http://localhost:8099/stream:0
[219727563ms] [ERROR] Failed to load resource: net::ERR_CONNECTION_REFUSED @ http://localhost:8099/stream:0
[219730569ms] [ERROR] Failed to load resource: net::ERR_CONNECTION_REFUSED @ http://localhost:8099/stream:0
[219733574ms] [ERROR] Failed to load resource: net::ERR_CONNECTION_REFUSED @ http://localhost:8099/stream:0
[219736579ms] [ERROR] Failed to load resource: net::ERR_CONNECTION_REFUSED @ http://localhost:8099/stream:0
[219739583ms] [ERROR] Failed to load resource: net::ERR_CONNECTION_REFUSED @ http://localhost:8099/stream:0
[219742588ms] [ERROR] Failed to load resource: net::ERR_CONNECTION_REFUSED @ http://localhost:8099/stream:0
[219745592ms] [ERROR] Failed to load resource: net::ERR_CONNECTION_REFUSED @ http://localhost:8099/stream:0
[219748597ms] [ERROR] Failed to load resource: net::ERR_CONNECTION_REFUSED @ http://localhost:8099/stream:0
[219751602ms] [ERROR] Failed to load resource: net::ERR_CONNECTION_REFUSED @ http://localhost:8099/stream:0
[219754607ms] [ERROR] Failed to load resource: net::ERR_CONNECTION_REFUSED @ http://localhost:8099/stream:0
[219757612ms] [ERROR] Failed to load resource: net::ERR_CONNECTION_REFUSED @ http://localhost:8099/stream:0
[219760616ms] [ERROR] Failed to load resource: net::ERR_CONNECTION_REFUSED @ http://localhost:8099/stream:0
[219763619ms] [ERROR] Failed to load resource: net::ERR_CONNECTION_REFUSED @ http://localhost:8099/stream:0
[219766624ms] [ERROR] Failed to load resource: net::ERR_CONNECTION_REFUSED @ http://localhost:8099/stream:0
[219769628ms] [ERROR] Failed to load resource: net::ERR_CONNECTION_REFUSED @ http://localhost:8099/stream:0
[219772633ms] [ERROR] Failed to load resource: net::ERR_CONNECTION_REFUSED @ http://localhost:8099/stream:0
[219775637ms] [ERROR] Failed to load resource: net::ERR_CONNECTION_REFUSED @ http://localhost:8099/stream:0
[219778642ms] [ERROR] Failed to load resource: net::ERR_CONNECTION_REFUSED @ http://localhost:8099/stream:0
[219781647ms] [ERROR] Failed to load resource: net::ERR_CONNECTION_REFUSED @ http://localhost:8099/stream:0
[219784653ms] [ERROR] Failed to load resource: net::ERR_CONNECTION_REFUSED @ http://localhost:8099/stream:0
[219787657ms] [ERROR] Failed to load resource: net::ERR_CONNECTION_REFUSED @ http://localhost:8099/stream:0
[219790662ms] [ERROR] Failed to load resource: net::ERR_CONNECTION_REFUSED @ http://localhost:8099/stream:0
[219793667ms] [ERROR] Failed to load resource: net::ERR_CONNECTION_REFUSED @ http://localhost:8099/stream:0
[219796672ms] [ERROR] Failed to load resource: net::ERR_CONNECTION_REFUSED @ http://localhost:8099/stream:0
[219799677ms] [ERROR] Failed to load resource: net::ERR_CONNECTION_REFUSED @ http://localhost:8099/stream:0
[219802680ms] [ERROR] Failed to load resource: net::ERR_CONNECTION_REFUSED @ http://localhost:8099/stream:0
[219805684ms] [ERROR] Failed to load resource: net::ERR_CONNECTION_REFUSED @ http://localhost:8099/stream:0
[219808690ms] [ERROR] Failed to load resource: net::ERR_CONNECTION_REFUSED @ http://localhost:8099/stream:0
[219811694ms] [ERROR] Failed to load resource: net::ERR_CONNECTION_REFUSED @ http://localhost:8099/stream:0
[219814699ms] [ERROR] Failed to load resource: net::ERR_CONNECTION_REFUSED @ http://localhost:8099/stream:0
[219817703ms] [ERROR] Failed to load resource: net::ERR_CONNECTION_REFUSED @ http://localhost:8099/stream:0
[219820708ms] [ERROR] Failed to load resource: net::ERR_CONNECTION_REFUSED @ http://localhost:8099/stream:0
[219823713ms] [ERROR] Failed to load resource: net::ERR_CONNECTION_REFUSED @ http://localhost:8099/stream:0
[219826718ms] [ERROR] Failed to load resource: net::ERR_CONNECTION_REFUSED @ http://localhost:8099/stream:0
[219829723ms] [ERROR] Failed to load resource: net::ERR_CONNECTION_REFUSED @ http://localhost:8099/stream:0
[219832729ms] [ERROR] Failed to load resource: net::ERR_CONNECTION_REFUSED @ http://localhost:8099/stream:0
[219835734ms] [ERROR] Failed to load resource: net::ERR_CONNECTION_REFUSED @ http://localhost:8099/stream:0
[219838738ms] [ERROR] Failed to load resource: net::ERR_CONNECTION_REFUSED @ http://localhost:8099/stream:0
[219841743ms] [ERROR] Failed to load resource: net::ERR_CONNECTION_REFUSED @ http://localhost:8099/stream:0
[219844748ms] [ERROR] Failed to load resource: net::ERR_CONNECTION_REFUSED @ http://localhost:8099/stream:0
[219847753ms] [ERROR] Failed to load resource: net::ERR_CONNECTION_REFUSED @ http://localhost:8099/stream:0
[219850758ms] [ERROR] Failed to load resource: net::ERR_CONNECTION_REFUSED @ http://localhost:8099/stream:0
[219853762ms] [ERROR] Failed to load resource: net::ERR_CONNECTION_REFUSED @ http://localhost:8099/stream:0
[219856767ms] [ERROR] Failed to load resource: net::ERR_CONNECTION_REFUSED @ http://localhost:8099/stream:0
[219859770ms] [ERROR] Failed to load resource: net::ERR_CONNECTION_REFUSED @ http://localhost:8099/stream:0
[219862775ms] [ERROR] Failed to load resource: net::ERR_CONNECTION_REFUSED @ http://localhost:8099/stream:0
[219865780ms] [ERROR] Failed to load resource: net::ERR_CONNECTION_REFUSED @ http://localhost:8099/stream:0
[219868785ms] [ERROR] Failed to load resource: net::ERR_CONNECTION_REFUSED @ http://localhost:8099/stream:0
[219871789ms] [ERROR] Failed to load resource: net::ERR_CONNECTION_REFUSED @ http://localhost:8099/stream:0
[219874794ms] [ERROR] Failed to load resource: net::ERR_CONNECTION_REFUSED @ http://localhost:8099/stream:0
[219877798ms] [ERROR] Failed to load resource: net::ERR_CONNECTION_REFUSED @ http://localhost:8099/stream:0
[219880802ms] [ERROR] Failed to load resource: net::ERR_CONNECTION_REFUSED @ http://localhost:8099/stream:0
[219883806ms] [ERROR] Failed to load resource: net::ERR_CONNECTION_REFUSED @ http://localhost:8099/stream:0
[219886811ms] [ERROR] Failed to load resource: net::ERR_CONNECTION_REFUSED @ http://localhost:8099/stream:0
[219889815ms] [ERROR] Failed to load resource: net::ERR_CONNECTION_REFUSED @ http://localhost:8099/stream:0
[219892820ms] [ERROR] Failed to load resource: net::ERR_CONNECTION_REFUSED @ http://localhost:8099/stream:0
[219895825ms] [ERROR] Failed to load resource: net::ERR_CONNECTION_REFUSED @ http://localhost:8099/stream:0
[219898833ms] [ERROR] Failed to load resource: net::ERR_CONNECTION_REFUSED @ http://localhost:8099/stream:0
[219901837ms] [ERROR] Failed to load resource: net::ERR_CONNECTION_REFUSED @ http://localhost:8099/stream:0
[219904841ms] [ERROR] Failed to load resource: net::ERR_CONNECTION_REFUSED @ http://localhost:8099/stream:0
[219907844ms] [ERROR] Failed to load resource: net::ERR_CONNECTION_REFUSED @ http://localhost:8099/stream:0
[219910848ms] [ERROR] Failed to load resource: net::ERR_CONNECTION_REFUSED @ http://localhost:8099/stream:0
[219913852ms] [ERROR] Failed to load resource: net::ERR_CONNECTION_REFUSED @ http://localhost:8099/stream:0
[219916856ms] [ERROR] Failed to load resource: net::ERR_CONNECTION_REFUSED @ http://localhost:8099/stream:0
[219919859ms] [ERROR] Failed to load resource: net::ERR_CONNECTION_REFUSED @ http://localhost:8099/stream:0
[219922863ms] [ERROR] Failed to load resource: net::ERR_CONNECTION_REFUSED @ http://localhost:8099/stream:0
[219925866ms] [ERROR] Failed to load resource: net::ERR_CONNECTION_REFUSED @ http://localhost:8099/stream:0
[219928872ms] [ERROR] Failed to load resource: net::ERR_CONNECTION_REFUSED @ http://localhost:8099/stream:0
[219931875ms] [ERROR] Failed to load resource: net::ERR_CONNECTION_REFUSED @ http://localhost:8099/stream:0
[219934878ms] [ERROR] Failed to load resource: net::ERR_CONNECTION_REFUSED @ http://localhost:8099/stream:0
[219937883ms] [ERROR] Failed to load resource: net::ERR_CONNECTION_REFUSED @ http://localhost:8099/stream:0
[219940887ms] [ERROR] Failed to load resource: net::ERR_CONNECTION_REFUSED @ http://localhost:8099/stream:0
[219943895ms] [ERROR] Failed to load resource: net::ERR_CONNECTION_REFUSED @ http://localhost:8099/stream:0
[219946897ms] [ERROR] Failed to load resource: net::ERR_CONNECTION_REFUSED @ http://localhost:8099/stream:0
[219949901ms] [ERROR] Failed to load resource: net::ERR_CONNECTION_REFUSED @ http://localhost:8099/stream:0
[219952906ms] [ERROR] Failed to load resource: net::ERR_CONNECTION_REFUSED @ http://localhost:8099/stream:0
[219956019ms] [ERROR] Failed to load resource: net::ERR_CONNECTION_REFUSED @ http://localhost:8099/stream:0
[219959022ms] [ERROR] Failed to load resource: net::ERR_CONNECTION_REFUSED @ http://localhost:8099/stream:0
[219962025ms] [ERROR] Failed to load resource: net::ERR_CONNECTION_REFUSED @ http://localhost:8099/stream:0
[219965031ms] [ERROR] Failed to load resource: net::ERR_CONNECTION_REFUSED @ http://localhost:8099/stream:0
[219968035ms] [ERROR] Failed to load resource: net::ERR_CONNECTION_REFUSED @ http://localhost:8099/stream:0
[219971038ms] [ERROR] Failed to load resource: net::ERR_CONNECTION_REFUSED @ http://localhost:8099/stream:0
[219974043ms] [ERROR] Failed to load resource: net::ERR_CONNECTION_REFUSED @ http://localhost:8099/stream:0
[219977048ms] [ERROR] Failed to load resource: net::ERR_CONNECTION_REFUSED @ http://localhost:8099/stream:0
[219980054ms] [ERROR] Failed to load resource: net::ERR_CONNECTION_REFUSED @ http://localhost:8099/stream:0
[219983058ms] [ERROR] Failed to load resource: net::ERR_CONNECTION_REFUSED @ http://localhost:8099/stream:0
[219986061ms] [ERROR] Failed to load resource: net::ERR_CONNECTION_REFUSED @ http://localhost:8099/stream:0
[219989066ms] [ERROR] Failed to load resource: net::ERR_CONNECTION_REFUSED @ http://localhost:8099/stream:0
[219992069ms] [ERROR] Failed to load resource: net::ERR_CONNECTION_REFUSED @ http://localhost:8099/stream:0
[219995075ms] [ERROR] Failed to load resource: net::ERR_CONNECTION_REFUSED @ http://localhost:8099/stream:0
[219998079ms] [ERROR] Failed to load resource: net::ERR_CONNECTION_REFUSED @ http://localhost:8099/stream:0
[220001085ms] [ERROR] Failed to load resource: net::ERR_CONNECTION_REFUSED @ http://localhost:8099/stream:0
[220004090ms] [ERROR] Failed to load resource: net::ERR_CONNECTION_REFUSED @ http://localhost:8099/stream:0
[220007097ms] [ERROR] Failed to load resource: net::ERR_CONNECTION_REFUSED @ http://localhost:8099/stream:0
[220010103ms] [ERROR] Failed to load resource: net::ERR_CONNECTION_REFUSED @ http://localhost:8099/stream:0
[220013108ms] [ERROR] Failed to load resource: net::ERR_CONNECTION_REFUSED @ http://localhost:8099/stream:0
[220016115ms] [ERROR] Failed to load resource: net::ERR_CONNECTION_REFUSED @ http://localhost:8099/stream:0
[220019119ms] [ERROR] Failed to load resource: net::ERR_CONNECTION_REFUSED @ http://localhost:8099/stream:0
[220022125ms] [ERROR] Failed to load resource: net::ERR_CONNECTION_REFUSED @ http://localhost:8099/stream:0
[220025131ms] [ERROR] Failed to load resource: net::ERR_CONNECTION_REFUSED @ http://localhost:8099/stream:0
[220028136ms] [ERROR] Failed to load resource: net::ERR_CONNECTION_REFUSED @ http://localhost:8099/stream:0
[220031141ms] [ERROR] Failed to load resource: net::ERR_CONNECTION_REFUSED @ http://localhost:8099/stream:0
[220034146ms] [ERROR] Failed to load resource: net::ERR_CONNECTION_REFUSED @ http://localhost:8099/stream:0
[220037149ms] [ERROR] Failed to load resource: net::ERR_CONNECTION_REFUSED @ http://localhost:8099/stream:0
[220040153ms] [ERROR] Failed to load resource: net::ERR_CONNECTION_REFUSED @ http://localhost:8099/stream:0
[220043158ms] [ERROR] Failed to load resource: net::ERR_CONNECTION_REFUSED @ http://localhost:8099/stream:0
[220046163ms] [ERROR] Failed to load resource: net::ERR_CONNECTION_REFUSED @ http://localhost:8099/stream:0
[220049168ms] [ERROR] Failed to load resource: net::ERR_CONNECTION_REFUSED @ http://localhost:8099/stream:0
[220052172ms] [ERROR] Failed to load resource: net::ERR_CONNECTION_REFUSED @ http://localhost:8099/stream:0
[220055176ms] [ERROR] Failed to load resource: net::ERR_CONNECTION_REFUSED @ http://localhost:8099/stream:0
[220058181ms] [ERROR] Failed to load resource: net::ERR_CONNECTION_REFUSED @ http://localhost:8099/stream:0
[220061184ms] [ERROR] Failed to load resource: net::ERR_CONNECTION_REFUSED @ http://localhost:8099/stream:0
[220064187ms] [ERROR] Failed to load resource: net::ERR_CONNECTION_REFUSED @ http://localhost:8099/stream:0
[220067192ms] [ERROR] Failed to load resource: net::ERR_CONNECTION_REFUSED @ http://localhost:8099/stream:0
[220070232ms] [ERROR] Failed to load resource: net::ERR_CONNECTION_REFUSED @ http://localhost:8099/stream:0
[220073237ms] [ERROR] Failed to load resource: net::ERR_CONNECTION_REFUSED @ http://localhost:8099/stream:0
[220076239ms] [ERROR] Failed to load resource: net::ERR_CONNECTION_REFUSED @ http://localhost:8099/stream:0
[220079243ms] [ERROR] Failed to load resource: net::ERR_CONNECTION_REFUSED @ http://localhost:8099/stream:0
[220082247ms] [ERROR] Failed to load resource: net::ERR_CONNECTION_REFUSED @ http://localhost:8099/stream:0
[220085251ms] [ERROR] Failed to load resource: net::ERR_CONNECTION_REFUSED @ http://localhost:8099/stream:0
[220088256ms] [ERROR] Failed to load resource: net::ERR_CONNECTION_REFUSED @ http://localhost:8099/stream:0
[220091261ms] [ERROR] Failed to load resource: net::ERR_CONNECTION_REFUSED @ http://localhost:8099/stream:0
[220094265ms] [ERROR] Failed to load resource: net::ERR_CONNECTION_REFUSED @ http://localhost:8099/stream:0
[220097270ms] [ERROR] Failed to load resource: net::ERR_CONNECTION_REFUSED @ http://localhost:8099/stream:0
[220100274ms] [ERROR] Failed to load resource: net::ERR_CONNECTION_REFUSED @ http://localhost:8099/stream:0
[220103278ms] [ERROR] Failed to load resource: net::ERR_CONNECTION_REFUSED @ http://localhost:8099/stream:0
[220106283ms] [ERROR] Failed to load resource: net::ERR_CONNECTION_REFUSED @ http://localhost:8099/stream:0
[220109288ms] [ERROR] Failed to load resource: net::ERR_CONNECTION_REFUSED @ http://localhost:8099/stream:0
[220112293ms] [ERROR] Failed to load resource: net::ERR_CONNECTION_REFUSED @ http://localhost:8099/stream:0
[220115297ms] [ERROR] Failed to load resource: net::ERR_CONNECTION_REFUSED @ http://localhost:8099/stream:0
[220118301ms] [ERROR] Failed to load resource: net::ERR_CONNECTION_REFUSED @ http://localhost:8099/stream:0
[220121306ms] [ERROR] Failed to load resource: net::ERR_CONNECTION_REFUSED @ http://localhost:8099/stream:0
[220124310ms] [ERROR] Failed to load resource: net::ERR_CONNECTION_REFUSED @ http://localhost:8099/stream:0
[220127315ms] [ERROR] Failed to load resource: net::ERR_CONNECTION_REFUSED @ http://localhost:8099/stream:0
[220130320ms] [ERROR] Failed to load resource: net::ERR_CONNECTION_REFUSED @ http://localhost:8099/stream:0
[220133325ms] [ERROR] Failed to load resource: net::ERR_CONNECTION_REFUSED @ http://localhost:8099/stream:0
[220136329ms] [ERROR] Failed to load resource: net::ERR_CONNECTION_REFUSED @ http://localhost:8099/stream:0
[220139333ms] [ERROR] Failed to load resource: net::ERR_CONNECTION_REFUSED @ http://localhost:8099/stream:0
[220142338ms] [ERROR] Failed to load resource: net::ERR_CONNECTION_REFUSED @ http://localhost:8099/stream:0
[220145343ms] [ERROR] Failed to load resource: net::ERR_CONNECTION_REFUSED @ http://localhost:8099/stream:0
[220148348ms] [ERROR] Failed to load resource: net::ERR_CONNECTION_REFUSED @ http://localhost:8099/stream:0
[220151352ms] [ERROR] Failed to load resource: net::ERR_CONNECTION_REFUSED @ http://localhost:8099/stream:0
[220154357ms] [ERROR] Failed to load resource: net::ERR_CONNECTION_REFUSED @ http://localhost:8099/stream:0
[220157363ms] [ERROR] Failed to load resource: net::ERR_CONNECTION_REFUSED @ http://localhost:8099/stream:0
[220160366ms] [ERROR] Failed to load resource: net::ERR_CONNECTION_REFUSED @ http://localhost:8099/stream:0
[220163371ms] [ERROR] Failed to load resource: net::ERR_CONNECTION_REFUSED @ http://localhost:8099/stream:0
[220166375ms] [ERROR] Failed to load resource: net::ERR_CONNECTION_REFUSED @ http://localhost:8099/stream:0
[220169379ms] [ERROR] Failed to load resource: net::ERR_CONNECTION_REFUSED @ http://localhost:8099/stream:0
[220172383ms] [ERROR] Failed to load resource: net::ERR_CONNECTION_REFUSED @ http://localhost:8099/stream:0
[220175389ms] [ERROR] Failed to load resource: net::ERR_CONNECTION_REFUSED @ http://localhost:8099/stream:0
[220178394ms] [ERROR] Failed to load resource: net::ERR_CONNECTION_REFUSED @ http://localhost:8099/stream:0
[220181399ms] [ERROR] Failed to load resource: net::ERR_CONNECTION_REFUSED @ http://localhost:8099/stream:0
[220184403ms] [ERROR] Failed to load resource: net::ERR_CONNECTION_REFUSED @ http://localhost:8099/stream:0
[220187408ms] [ERROR] Failed to load resource: net::ERR_CONNECTION_REFUSED @ http://localhost:8099/stream:0
[220190413ms] [ERROR] Failed to load resource: net::ERR_CONNECTION_REFUSED @ http://localhost:8099/stream:0
[220193419ms] [ERROR] Failed to load resource: net::ERR_CONNECTION_REFUSED @ http://localhost:8099/stream:0
[220196424ms] [ERROR] Failed to load resource: net::ERR_CONNECTION_REFUSED @ http://localhost:8099/stream:0
[220199429ms] [ERROR] Failed to load resource: net::ERR_CONNECTION_REFUSED @ http://localhost:8099/stream:0
[220202433ms] [ERROR] Failed to load resource: net::ERR_CONNECTION_REFUSED @ http://localhost:8099/stream:0
[220205438ms] [ERROR] Failed to load resource: net::ERR_CONNECTION_REFUSED @ http://localhost:8099/stream:0
[220208441ms] [ERROR] Failed to load resource: net::ERR_CONNECTION_REFUSED @ http://localhost:8099/stream:0
[220211446ms] [ERROR] Failed to load resource: net::ERR_CONNECTION_REFUSED @ http://localhost:8099/stream:0
[220214450ms] [ERROR] Failed to load resource: net::ERR_CONNECTION_REFUSED @ http://localhost:8099/stream:0
[220217454ms] [ERROR] Failed to load resource: net::ERR_CONNECTION_REFUSED @ http://localhost:8099/stream:0
[220220458ms] [ERROR] Failed to load resource: net::ERR_CONNECTION_REFUSED @ http://localhost:8099/stream:0
[220223463ms] [ERROR] Failed to load resource: net::ERR_CONNECTION_REFUSED @ http://localhost:8099/stream:0
[220226466ms] [ERROR] Failed to load resource: net::ERR_CONNECTION_REFUSED @ http://localhost:8099/stream:0
[220229470ms] [ERROR] Failed to load resource: net::ERR_CONNECTION_REFUSED @ http://localhost:8099/stream:0
[220232474ms] [ERROR] Failed to load resource: net::ERR_CONNECTION_REFUSED @ http://localhost:8099/stream:0
[220235479ms] [ERROR] Failed to load resource: net::ERR_CONNECTION_REFUSED @ http://localhost:8099/stream:0
[220238483ms] [ERROR] Failed to load resource: net::ERR_CONNECTION_REFUSED @ http://localhost:8099/stream:0
[220241488ms] [ERROR] Failed to load resource: net::ERR_CONNECTION_REFUSED @ http://localhost:8099/stream:0
[220244493ms] [ERROR] Failed to load resource: net::ERR_CONNECTION_REFUSED @ http://localhost:8099/stream:0
[220247498ms] [ERROR] Failed to load resource: net::ERR_CONNECTION_REFUSED @ http://localhost:8099/stream:0
[220250502ms] [ERROR] Failed to load resource: net::ERR_CONNECTION_REFUSED @ http://localhost:8099/stream:0
[220253507ms] [ERROR] Failed to load resource: net::ERR_CONNECTION_REFUSED @ http://localhost:8099/stream:0
[220256511ms] [ERROR] Failed to load resource: net::ERR_CONNECTION_REFUSED @ http://localhost:8099/stream:0
[220259516ms] [ERROR] Failed to load resource: net::ERR_CONNECTION_REFUSED @ http://localhost:8099/stream:0
[220262521ms] [ERROR] Failed to load resource: net::ERR_CONNECTION_REFUSED @ http://localhost:8099/stream:0
[220265526ms] [ERROR] Failed to load resource: net::ERR_CONNECTION_REFUSED @ http://localhost:8099/stream:0
[220268530ms] [ERROR] Failed to load resource: net::ERR_CONNECTION_REFUSED @ http://localhost:8099/stream:0
[220271534ms] [ERROR] Failed to load resource: net::ERR_CONNECTION_REFUSED @ http://localhost:8099/stream:0
[220274559ms] [ERROR] Failed to load resource: net::ERR_CONNECTION_REFUSED @ http://localhost:8099/stream:0
[220277565ms] [ERROR] Failed to load resource: net::ERR_CONNECTION_REFUSED @ http://localhost:8099/stream:0
[220280572ms] [ERROR] Failed to load resource: net::ERR_CONNECTION_REFUSED @ http://localhost:8099/stream:0
[220283576ms] [ERROR] Failed to load resource: net::ERR_CONNECTION_REFUSED @ http://localhost:8099/stream:0
[220286582ms] [ERROR] Failed to load resource: net::ERR_CONNECTION_REFUSED @ http://localhost:8099/stream:0
[220289587ms] [ERROR] Failed to load resource: net::ERR_CONNECTION_REFUSED @ http://localhost:8099/stream:0
[220292598ms] [ERROR] Failed to load resource: net::ERR_CONNECTION_REFUSED @ http://localhost:8099/stream:0
[220295603ms] [ERROR] Failed to load resource: net::ERR_CONNECTION_REFUSED @ http://localhost:8099/stream:0
[220298609ms] [ERROR] Failed to load resource: net::ERR_CONNECTION_REFUSED @ http://localhost:8099/stream:0
[220301613ms] [ERROR] Failed to load resource: net::ERR_CONNECTION_REFUSED @ http://localhost:8099/stream:0
[220304618ms] [ERROR] Failed to load resource: net::ERR_CONNECTION_REFUSED @ http://localhost:8099/stream:0
[220307623ms] [ERROR] Failed to load resource: net::ERR_CONNECTION_REFUSED @ http://localhost:8099/stream:0
[220310626ms] [ERROR] Failed to load resource: net::ERR_CONNECTION_REFUSED @ http://localhost:8099/stream:0
[220313631ms] [ERROR] Failed to load resource: net::ERR_CONNECTION_REFUSED @ http://localhost:8099/stream:0
[220316635ms] [ERROR] Failed to load resource: net::ERR_CONNECTION_REFUSED @ http://localhost:8099/stream:0
[220319638ms] [ERROR] Failed to load resource: net::ERR_CONNECTION_REFUSED @ http://localhost:8099/stream:0
[220322642ms] [ERROR] Failed to load resource: net::ERR_CONNECTION_REFUSED @ http://localhost:8099/stream:0
[220325645ms] [ERROR] Failed to load resource: net::ERR_CONNECTION_REFUSED @ http://localhost:8099/stream:0
[220328648ms] [ERROR] Failed to load resource: net::ERR_CONNECTION_REFUSED @ http://localhost:8099/stream:0
[220331653ms] [ERROR] Failed to load resource: net::ERR_CONNECTION_REFUSED @ http://localhost:8099/stream:0
[220334657ms] [ERROR] Failed to load resource: net::ERR_CONNECTION_REFUSED @ http://localhost:8099/stream:0
[220337660ms] [ERROR] Failed to load resource: net::ERR_CONNECTION_REFUSED @ http://localhost:8099/stream:0
[220340664ms] [ERROR] Failed to load resource: net::ERR_CONNECTION_REFUSED @ http://localhost:8099/stream:0
[220343668ms] [ERROR] Failed to load resource: net::ERR_CONNECTION_REFUSED @ http://localhost:8099/stream:0
[220346672ms] [ERROR] Failed to load resource: net::ERR_CONNECTION_REFUSED @ http://localhost:8099/stream:0
[220349675ms] [ERROR] Failed to load resource: net::ERR_CONNECTION_REFUSED @ http://localhost:8099/stream:0
[220352679ms] [ERROR] Failed to load resource: net::ERR_CONNECTION_REFUSED @ http://localhost:8099/stream:0
[220355691ms] [ERROR] Failed to load resource: net::ERR_CONNECTION_REFUSED @ http://localhost:8099/stream:0
[220358696ms] [ERROR] Failed to load resource: net::ERR_CONNECTION_REFUSED @ http://localhost:8099/stream:0
[220361700ms] [ERROR] Failed to load resource: net::ERR_CONNECTION_REFUSED @ http://localhost:8099/stream:0
[220364707ms] [ERROR] Failed to load resource: net::ERR_CONNECTION_REFUSED @ http://localhost:8099/stream:0
[220367712ms] [ERROR] Failed to load resource: net::ERR_CONNECTION_REFUSED @ http://localhost:8099/stream:0
[220370720ms] [ERROR] Failed to load resource: net::ERR_CONNECTION_REFUSED @ http://localhost:8099/stream:0
[220373724ms] [ERROR] Failed to load resource: net::ERR_CONNECTION_REFUSED @ http://localhost:8099/stream:0
[220376732ms] [ERROR] Failed to load resource: net::ERR_CONNECTION_REFUSED @ http://localhost:8099/stream:0
[220379735ms] [ERROR] Failed to load resource: net::ERR_CONNECTION_REFUSED @ http://localhost:8099/stream:0
[220382739ms] [ERROR] Failed to load resource: net::ERR_CONNECTION_REFUSED @ http://localhost:8099/stream:0
[220385744ms] [ERROR] Failed to load resource: net::ERR_CONNECTION_REFUSED @ http://localhost:8099/stream:0
[220388747ms] [ERROR] Failed to load resource: net::ERR_CONNECTION_REFUSED @ http://localhost:8099/stream:0
[220391752ms] [ERROR] Failed to load resource: net::ERR_CONNECTION_REFUSED @ http://localhost:8099/stream:0
[220394758ms] [ERROR] Failed to load resource: net::ERR_CONNECTION_REFUSED @ http://localhost:8099/stream:0
[220397762ms] [ERROR] Failed to load resource: net::ERR_CONNECTION_REFUSED @ http://localhost:8099/stream:0
[220400767ms] [ERROR] Failed to load resource: net::ERR_CONNECTION_REFUSED @ http://localhost:8099/stream:0
[220403772ms] [ERROR] Failed to load resource: net::ERR_CONNECTION_REFUSED @ http://localhost:8099/stream:0
[220406777ms] [ERROR] Failed to load resource: net::ERR_CONNECTION_REFUSED @ http://localhost:8099/stream:0
[220409781ms] [ERROR] Failed to load resource: net::ERR_CONNECTION_REFUSED @ http://localhost:8099/stream:0
[220412786ms] [ERROR] Failed to load resource: net::ERR_CONNECTION_REFUSED @ http://localhost:8099/stream:0
[220415790ms] [ERROR] Failed to load resource: net::ERR_CONNECTION_REFUSED @ http://localhost:8099/stream:0
[220418794ms] [ERROR] Failed to load resource: net::ERR_CONNECTION_REFUSED @ http://localhost:8099/stream:0
[220421799ms] [ERROR] Failed to load resource: net::ERR_CONNECTION_REFUSED @ http://localhost:8099/stream:0
[220424803ms] [ERROR] Failed to load resource: net::ERR_CONNECTION_REFUSED @ http://localhost:8099/stream:0
[220427807ms] [ERROR] Failed to load resource: net::ERR_CONNECTION_REFUSED @ http://localhost:8099/stream:0
[220430811ms] [ERROR] Failed to load resource: net::ERR_CONNECTION_REFUSED @ http://localhost:8099/stream:0
[220433815ms] [ERROR] Failed to load resource: net::ERR_CONNECTION_REFUSED @ http://localhost:8099/stream:0
[220436818ms] [ERROR] Failed to load resource: net::ERR_CONNECTION_REFUSED @ http://localhost:8099/stream:0
[220439821ms] [ERROR] Failed to load resource: net::ERR_CONNECTION_REFUSED @ http://localhost:8099/stream:0
[220442824ms] [ERROR] Failed to load resource: net::ERR_CONNECTION_REFUSED @ http://localhost:8099/stream:0
[220445827ms] [ERROR] Failed to load resource: net::ERR_CONNECTION_REFUSED @ http://localhost:8099/stream:0
[220448833ms] [ERROR] Failed to load resource: net::ERR_CONNECTION_REFUSED @ http://localhost:8099/stream:0
[220451837ms] [ERROR] Failed to load resource: net::ERR_CONNECTION_REFUSED @ http://localhost:8099/stream:0
[220454840ms] [ERROR] Failed to load resource: net::ERR_CONNECTION_REFUSED @ http://localhost:8099/stream:0
[220457844ms] [ERROR] Failed to load resource: net::ERR_CONNECTION_REFUSED @ http://localhost:8099/stream:0
[220460848ms] [ERROR] Failed to load resource: net::ERR_CONNECTION_REFUSED @ http://localhost:8099/stream:0
[220463851ms] [ERROR] Failed to load resource: net::ERR_CONNECTION_REFUSED @ http://localhost:8099/stream:0
[220466855ms] [ERROR] Failed to load resource: net::ERR_CONNECTION_REFUSED @ http://localhost:8099/stream:0
[220469858ms] [ERROR] Failed to load resource: net::ERR_CONNECTION_REFUSED @ http://localhost:8099/stream:0
[220472863ms] [ERROR] Failed to load resource: net::ERR_CONNECTION_REFUSED @ http://localhost:8099/stream:0
[220475867ms] [ERROR] Failed to load resource: net::ERR_CONNECTION_REFUSED @ http://localhost:8099/stream:0
[220478872ms] [ERROR] Failed to load resource: net::ERR_CONNECTION_REFUSED @ http://localhost:8099/stream:0
[220481876ms] [ERROR] Failed to load resource: net::ERR_CONNECTION_REFUSED @ http://localhost:8099/stream:0
[220484881ms] [ERROR] Failed to load resource: net::ERR_CONNECTION_REFUSED @ http://localhost:8099/stream:0
[220487885ms] [ERROR] Failed to load resource: net::ERR_CONNECTION_REFUSED @ http://localhost:8099/stream:0
[220490890ms] [ERROR] Failed to load resource: net::ERR_CONNECTION_REFUSED @ http://localhost:8099/stream:0
[220493893ms] [ERROR] Failed to load resource: net::ERR_CONNECTION_REFUSED @ http://localhost:8099/stream:0
[220496898ms] [ERROR] Failed to load resource: net::ERR_CONNECTION_REFUSED @ http://localhost:8099/stream:0
[220499902ms] [ERROR] Failed to load resource: net::ERR_CONNECTION_REFUSED @ http://localhost:8099/stream:0
[220502997ms] [ERROR] Failed to load resource: net::ERR_CONNECTION_REFUSED @ http://localhost:8099/stream:0
[220506003ms] [ERROR] Failed to load resource: net::ERR_CONNECTION_REFUSED @ http://localhost:8099/stream:0
[220509006ms] [ERROR] Failed to load resource: net::ERR_CONNECTION_REFUSED @ http://localhost:8099/stream:0
[220512017ms] [ERROR] Failed to load resource: net::ERR_CONNECTION_REFUSED @ http://localhost:8099/stream:0
[220515023ms] [ERROR] Failed to load resource: net::ERR_CONNECTION_REFUSED @ http://localhost:8099/stream:0
[220518027ms] [ERROR] Failed to load resource: net::ERR_CONNECTION_REFUSED @ http://localhost:8099/stream:0
[220521033ms] [ERROR] Failed to load resource: net::ERR_CONNECTION_REFUSED @ http://localhost:8099/stream:0
[220524036ms] [ERROR] Failed to load resource: net::ERR_CONNECTION_REFUSED @ http://localhost:8099/stream:0
[220527046ms] [ERROR] Failed to load resource: net::ERR_CONNECTION_REFUSED @ http://localhost:8099/stream:0
[220530051ms] [ERROR] Failed to load resource: net::ERR_CONNECTION_REFUSED @ http://localhost:8099/stream:0
[220533055ms] [ERROR] Failed to load resource: net::ERR_CONNECTION_REFUSED @ http://localhost:8099/stream:0
[220536061ms] [ERROR] Failed to load resource: net::ERR_CONNECTION_REFUSED @ http://localhost:8099/stream:0
[220539064ms] [ERROR] Failed to load resource: net::ERR_CONNECTION_REFUSED @ http://localhost:8099/stream:0
[220542069ms] [ERROR] Failed to load resource: net::ERR_CONNECTION_REFUSED @ http://localhost:8099/stream:0
[220545074ms] [ERROR] Failed to load resource: net::ERR_CONNECTION_REFUSED @ http://localhost:8099/stream:0
[220548080ms] [ERROR] Failed to load resource: net::ERR_CONNECTION_REFUSED @ http://localhost:8099/stream:0
[220551084ms] [ERROR] Failed to load resource: net::ERR_CONNECTION_REFUSED @ http://localhost:8099/stream:0
[220554087ms] [ERROR] Failed to load resource: net::ERR_CONNECTION_REFUSED @ http://localhost:8099/stream:0
[220557090ms] [ERROR] Failed to load resource: net::ERR_CONNECTION_REFUSED @ http://localhost:8099/stream:0
[220560096ms] [ERROR] Failed to load resource: net::ERR_CONNECTION_REFUSED @ http://localhost:8099/stream:0
[220563100ms] [ERROR] Failed to load resource: net::ERR_CONNECTION_REFUSED @ http://localhost:8099/stream:0
[220566104ms] [ERROR] Failed to load resource: net::ERR_CONNECTION_REFUSED @ http://localhost:8099/stream:0
[220569107ms] [ERROR] Failed to load resource: net::ERR_CONNECTION_REFUSED @ http://localhost:8099/stream:0
[220572112ms] [ERROR] Failed to load resource: net::ERR_CONNECTION_REFUSED @ http://localhost:8099/stream:0
[220575116ms] [ERROR] Failed to load resource: net::ERR_CONNECTION_REFUSED @ http://localhost:8099/stream:0
[220578119ms] [ERROR] Failed to load resource: net::ERR_CONNECTION_REFUSED @ http://localhost:8099/stream:0
[220581123ms] [ERROR] Failed to load resource: net::ERR_CONNECTION_REFUSED @ http://localhost:8099/stream:0
[220584126ms] [ERROR] Failed to load resource: net::ERR_CONNECTION_REFUSED @ http://localhost:8099/stream:0
[220587130ms] [ERROR] Failed to load resource: net::ERR_CONNECTION_REFUSED @ http://localhost:8099/stream:0
[220590133ms] [ERROR] Failed to load resource: net::ERR_CONNECTION_REFUSED @ http://localhost:8099/stream:0
[220593138ms] [ERROR] Failed to load resource: net::ERR_CONNECTION_REFUSED @ http://localhost:8099/stream:0
[220596142ms] [ERROR] Failed to load resource: net::ERR_CONNECTION_REFUSED @ http://localhost:8099/stream:0
[220599145ms] [ERROR] Failed to load resource: net::ERR_CONNECTION_REFUSED @ http://localhost:8099/stream:0
[220602149ms] [ERROR] Failed to load resource: net::ERR_CONNECTION_REFUSED @ http://localhost:8099/stream:0
[220605153ms] [ERROR] Failed to load resource: net::ERR_CONNECTION_REFUSED @ http://localhost:8099/stream:0
[220608156ms] [ERROR] Failed to load resource: net::ERR_CONNECTION_REFUSED @ http://localhost:8099/stream:0
[220611159ms] [ERROR] Failed to load resource: net::ERR_CONNECTION_REFUSED @ http://localhost:8099/stream:0
[220614165ms] [ERROR] Failed to load resource: net::ERR_CONNECTION_REFUSED @ http://localhost:8099/stream:0
[220617169ms] [ERROR] Failed to load resource: net::ERR_CONNECTION_REFUSED @ http://localhost:8099/stream:0
[220620173ms] [ERROR] Failed to load resource: net::ERR_CONNECTION_REFUSED @ http://localhost:8099/stream:0
[220623180ms] [ERROR] Failed to load resource: net::ERR_CONNECTION_REFUSED @ http://localhost:8099/stream:0
[220626185ms] [ERROR] Failed to load resource: net::ERR_CONNECTION_REFUSED @ http://localhost:8099/stream:0
[220629190ms] [ERROR] Failed to load resource: net::ERR_CONNECTION_REFUSED @ http://localhost:8099/stream:0
[220632193ms] [ERROR] Failed to load resource: net::ERR_CONNECTION_REFUSED @ http://localhost:8099/stream:0
[220635197ms] [ERROR] Failed to load resource: net::ERR_CONNECTION_REFUSED @ http://localhost:8099/stream:0
[220638202ms] [ERROR] Failed to load resource: net::ERR_CONNECTION_REFUSED @ http://localhost:8099/stream:0
[220641206ms] [ERROR] Failed to load resource: net::ERR_CONNECTION_REFUSED @ http://localhost:8099/stream:0
[220644210ms] [ERROR] Failed to load resource: net::ERR_CONNECTION_REFUSED @ http://localhost:8099/stream:0
[220647214ms] [ERROR] Failed to load resource: net::ERR_CONNECTION_REFUSED @ http://localhost:8099/stream:0
[220650219ms] [ERROR] Failed to load resource: net::ERR_CONNECTION_REFUSED @ http://localhost:8099/stream:0
[220653223ms] [ERROR] Failed to load resource: net::ERR_CONNECTION_REFUSED @ http://localhost:8099/stream:0
[220656228ms] [ERROR] Failed to load resource: net::ERR_CONNECTION_REFUSED @ http://localhost:8099/stream:0
[220659232ms] [ERROR] Failed to load resource: net::ERR_CONNECTION_REFUSED @ http://localhost:8099/stream:0
[220662237ms] [ERROR] Failed to load resource: net::ERR_CONNECTION_REFUSED @ http://localhost:8099/stream:0
[220665240ms] [ERROR] Failed to load resource: net::ERR_CONNECTION_REFUSED @ http://localhost:8099/stream:0
[220668246ms] [ERROR] Failed to load resource: net::ERR_CONNECTION_REFUSED @ http://localhost:8099/stream:0
[220671249ms] [ERROR] Failed to load resource: net::ERR_CONNECTION_REFUSED @ http://localhost:8099/stream:0
[220674252ms] [ERROR] Failed to load resource: net::ERR_CONNECTION_REFUSED @ http://localhost:8099/stream:0
[220677256ms] [ERROR] Failed to load resource: net::ERR_CONNECTION_REFUSED @ http://localhost:8099/stream:0
[220680261ms] [ERROR] Failed to load resource: net::ERR_CONNECTION_REFUSED @ http://localhost:8099/stream:0
[220683266ms] [ERROR] Failed to load resource: net::ERR_CONNECTION_REFUSED @ http://localhost:8099/stream:0
[220686271ms] [ERROR] Failed to load resource: net::ERR_CONNECTION_REFUSED @ http://localhost:8099/stream:0
[220689275ms] [ERROR] Failed to load resource: net::ERR_CONNECTION_REFUSED @ http://localhost:8099/stream:0
[220692281ms] [ERROR] Failed to load resource: net::ERR_CONNECTION_REFUSED @ http://localhost:8099/stream:0
[220695284ms] [ERROR] Failed to load resource: net::ERR_CONNECTION_REFUSED @ http://localhost:8099/stream:0
[220698289ms] [ERROR] Failed to load resource: net::ERR_CONNECTION_REFUSED @ http://localhost:8099/stream:0
[220701293ms] [ERROR] Failed to load resource: net::ERR_CONNECTION_REFUSED @ http://localhost:8099/stream:0
[220704298ms] [ERROR] Failed to load resource: net::ERR_CONNECTION_REFUSED @ http://localhost:8099/stream:0
[220707302ms] [ERROR] Failed to load resource: net::ERR_CONNECTION_REFUSED @ http://localhost:8099/stream:0
[220710306ms] [ERROR] Failed to load resource: net::ERR_CONNECTION_REFUSED @ http://localhost:8099/stream:0
[220713311ms] [ERROR] Failed to load resource: net::ERR_CONNECTION_REFUSED @ http://localhost:8099/stream:0
[220716316ms] [ERROR] Failed to load resource: net::ERR_CONNECTION_REFUSED @ http://localhost:8099/stream:0
[220719320ms] [ERROR] Failed to load resource: net::ERR_CONNECTION_REFUSED @ http://localhost:8099/stream:0
[220722324ms] [ERROR] Failed to load resource: net::ERR_CONNECTION_REFUSED @ http://localhost:8099/stream:0
[220725329ms] [ERROR] Failed to load resource: net::ERR_CONNECTION_REFUSED @ http://localhost:8099/stream:0
[220728333ms] [ERROR] Failed to load resource: net::ERR_CONNECTION_REFUSED @ http://localhost:8099/stream:0
[220731337ms] [ERROR] Failed to load resource: net::ERR_CONNECTION_REFUSED @ http://localhost:8099/stream:0
[220734341ms] [ERROR] Failed to load resource: net::ERR_CONNECTION_REFUSED @ http://localhost:8099/stream:0
[220737346ms] [ERROR] Failed to load resource: net::ERR_CONNECTION_REFUSED @ http://localhost:8099/stream:0
[220740349ms] [ERROR] Failed to load resource: net::ERR_CONNECTION_REFUSED @ http://localhost:8099/stream:0
[220743354ms] [ERROR] Failed to load resource: net::ERR_CONNECTION_REFUSED @ http://localhost:8099/stream:0
[220746359ms] [ERROR] Failed to load resource: net::ERR_CONNECTION_REFUSED @ http://localhost:8099/stream:0
[220749364ms] [ERROR] Failed to load resource: net::ERR_CONNECTION_REFUSED @ http://localhost:8099/stream:0
[220752368ms] [ERROR] Failed to load resource: net::ERR_CONNECTION_REFUSED @ http://localhost:8099/stream:0
[220755373ms] [ERROR] Failed to load resource: net::ERR_CONNECTION_REFUSED @ http://localhost:8099/stream:0
[220758377ms] [ERROR] Failed to load resource: net::ERR_CONNECTION_REFUSED @ http://localhost:8099/stream:0
[220761381ms] [ERROR] Failed to load resource: net::ERR_CONNECTION_REFUSED @ http://localhost:8099/stream:0
[220764386ms] [ERROR] Failed to load resource: net::ERR_CONNECTION_REFUSED @ http://localhost:8099/stream:0
[220767390ms] [ERROR] Failed to load resource: net::ERR_CONNECTION_REFUSED @ http://localhost:8099/stream:0
[220770392ms] [ERROR] Failed to load resource: net::ERR_CONNECTION_REFUSED @ http://localhost:8099/stream:0
[220773399ms] [ERROR] Failed to load resource: net::ERR_CONNECTION_REFUSED @ http://localhost:8099/stream:0
[220776403ms] [ERROR] Failed to load resource: net::ERR_CONNECTION_REFUSED @ http://localhost:8099/stream:0
[220779408ms] [ERROR] Failed to load resource: net::ERR_CONNECTION_REFUSED @ http://localhost:8099/stream:0
[220782412ms] [ERROR] Failed to load resource: net::ERR_CONNECTION_REFUSED @ http://localhost:8099/stream:0
[220785415ms] [ERROR] Failed to load resource: net::ERR_CONNECTION_REFUSED @ http://localhost:8099/stream:0
[220788421ms] [ERROR] Failed to load resource: net::ERR_CONNECTION_REFUSED @ http://localhost:8099/stream:0
[220791425ms] [ERROR] Failed to load resource: net::ERR_CONNECTION_REFUSED @ http://localhost:8099/stream:0
[220794429ms] [ERROR] Failed to load resource: net::ERR_CONNECTION_REFUSED @ http://localhost:8099/stream:0
[220797434ms] [ERROR] Failed to load resource: net::ERR_CONNECTION_REFUSED @ http://localhost:8099/stream:0
[220800438ms] [ERROR] Failed to load resource: net::ERR_CONNECTION_REFUSED @ http://localhost:8099/stream:0
[220803442ms] [ERROR] Failed to load resource: net::ERR_CONNECTION_REFUSED @ http://localhost:8099/stream:0
[220806447ms] [ERROR] Failed to load resource: net::ERR_CONNECTION_REFUSED @ http://localhost:8099/stream:0
[220809452ms] [ERROR] Failed to load resource: net::ERR_CONNECTION_REFUSED @ http://localhost:8099/stream:0
[220812457ms] [ERROR] Failed to load resource: net::ERR_CONNECTION_REFUSED @ http://localhost:8099/stream:0
[220815463ms] [ERROR] Failed to load resource: net::ERR_CONNECTION_REFUSED @ http://localhost:8099/stream:0
[220818467ms] [ERROR] Failed to load resource: net::ERR_CONNECTION_REFUSED @ http://localhost:8099/stream:0
[220821471ms] [ERROR] Failed to load resource: net::ERR_CONNECTION_REFUSED @ http://localhost:8099/stream:0
[220824476ms] [ERROR] Failed to load resource: net::ERR_CONNECTION_REFUSED @ http://localhost:8099/stream:0
[220827480ms] [ERROR] Failed to load resource: net::ERR_CONNECTION_REFUSED @ http://localhost:8099/stream:0
[220830484ms] [ERROR] Failed to load resource: net::ERR_CONNECTION_REFUSED @ http://localhost:8099/stream:0
[220833489ms] [ERROR] Failed to load resource: net::ERR_CONNECTION_REFUSED @ http://localhost:8099/stream:0
[220836493ms] [ERROR] Failed to load resource: net::ERR_CONNECTION_REFUSED @ http://localhost:8099/stream:0
[220839497ms] [ERROR] Failed to load resource: net::ERR_CONNECTION_REFUSED @ http://localhost:8099/stream:0
[220842501ms] [ERROR] Failed to load resource: net::ERR_CONNECTION_REFUSED @ http://localhost:8099/stream:0
[220845506ms] [ERROR] Failed to load resource: net::ERR_CONNECTION_REFUSED @ http://localhost:8099/stream:0
[220848510ms] [ERROR] Failed to load resource: net::ERR_CONNECTION_REFUSED @ http://localhost:8099/stream:0
[220851514ms] [ERROR] Failed to load resource: net::ERR_CONNECTION_REFUSED @ http://localhost:8099/stream:0
[220854517ms] [ERROR] Failed to load resource: net::ERR_CONNECTION_REFUSED @ http://localhost:8099/stream:0
[220857522ms] [ERROR] Failed to load resource: net::ERR_CONNECTION_REFUSED @ http://localhost:8099/stream:0
[220860527ms] [ERROR] Failed to load resource: net::ERR_CONNECTION_REFUSED @ http://localhost:8099/stream:0
[220863531ms] [ERROR] Failed to load resource: net::ERR_CONNECTION_REFUSED @ http://localhost:8099/stream:0
[220866536ms] [ERROR] Failed to load resource: net::ERR_CONNECTION_REFUSED @ http://localhost:8099/stream:0
[220869540ms] [ERROR] Failed to load resource: net::ERR_CONNECTION_REFUSED @ http://localhost:8099/stream:0
[220872545ms] [ERROR] Failed to load resource: net::ERR_CONNECTION_REFUSED @ http://localhost:8099/stream:0
[220875549ms] [ERROR] Failed to load resource: net::ERR_CONNECTION_REFUSED @ http://localhost:8099/stream:0
[220878554ms] [ERROR] Failed to load resource: net::ERR_CONNECTION_REFUSED @ http://localhost:8099/stream:0
[220881558ms] [ERROR] Failed to load resource: net::ERR_CONNECTION_REFUSED @ http://localhost:8099/stream:0
[220884563ms] [ERROR] Failed to load resource: net::ERR_CONNECTION_REFUSED @ http://localhost:8099/stream:0
[220887568ms] [ERROR] Failed to load resource: net::ERR_CONNECTION_REFUSED @ http://localhost:8099/stream:0
[220890572ms] [ERROR] Failed to load resource: net::ERR_CONNECTION_REFUSED @ http://localhost:8099/stream:0
[220893577ms] [ERROR] Failed to load resource: net::ERR_CONNECTION_REFUSED @ http://localhost:8099/stream:0
[220896582ms] [ERROR] Failed to load resource: net::ERR_CONNECTION_REFUSED @ http://localhost:8099/stream:0
[220899586ms] [ERROR] Failed to load resource: net::ERR_CONNECTION_REFUSED @ http://localhost:8099/stream:0
[220902591ms] [ERROR] Failed to load resource: net::ERR_CONNECTION_REFUSED @ http://localhost:8099/stream:0
[220905595ms] [ERROR] Failed to load resource: net::ERR_CONNECTION_REFUSED @ http://localhost:8099/stream:0
[220908601ms] [ERROR] Failed to load resource: net::ERR_CONNECTION_REFUSED @ http://localhost:8099/stream:0
[220911606ms] [ERROR] Failed to load resource: net::ERR_CONNECTION_REFUSED @ http://localhost:8099/stream:0
[220914611ms] [ERROR] Failed to load resource: net::ERR_CONNECTION_REFUSED @ http://localhost:8099/stream:0
[220917615ms] [ERROR] Failed to load resource: net::ERR_CONNECTION_REFUSED @ http://localhost:8099/stream:0
[220920618ms] [ERROR] Failed to load resource: net::ERR_CONNECTION_REFUSED @ http://localhost:8099/stream:0
[220923622ms] [ERROR] Failed to load resource: net::ERR_CONNECTION_REFUSED @ http://localhost:8099/stream:0
[220926626ms] [ERROR] Failed to load resource: net::ERR_CONNECTION_REFUSED @ http://localhost:8099/stream:0
[220929631ms] [ERROR] Failed to load resource: net::ERR_CONNECTION_REFUSED @ http://localhost:8099/stream:0
[220932636ms] [ERROR] Failed to load resource: net::ERR_CONNECTION_REFUSED @ http://localhost:8099/stream:0
[220935641ms] [ERROR] Failed to load resource: net::ERR_CONNECTION_REFUSED @ http://localhost:8099/stream:0
[220938646ms] [ERROR] Failed to load resource: net::ERR_CONNECTION_REFUSED @ http://localhost:8099/stream:0
[220941649ms] [ERROR] Failed to load resource: net::ERR_CONNECTION_REFUSED @ http://localhost:8099/stream:0
[220944653ms] [ERROR] Failed to load resource: net::ERR_CONNECTION_REFUSED @ http://localhost:8099/stream:0
[220947658ms] [ERROR] Failed to load resource: net::ERR_CONNECTION_REFUSED @ http://localhost:8099/stream:0
[220950662ms] [ERROR] Failed to load resource: net::ERR_CONNECTION_REFUSED @ http://localhost:8099/stream:0
[220953666ms] [ERROR] Failed to load resource: net::ERR_CONNECTION_REFUSED @ http://localhost:8099/stream:0
[220956670ms] [ERROR] Failed to load resource: net::ERR_CONNECTION_REFUSED @ http://localhost:8099/stream:0
[220959675ms] [ERROR] Failed to load resource: net::ERR_CONNECTION_REFUSED @ http://localhost:8099/stream:0
[220962680ms] [ERROR] Failed to load resource: net::ERR_CONNECTION_REFUSED @ http://localhost:8099/stream:0
[220965684ms] [ERROR] Failed to load resource: net::ERR_CONNECTION_REFUSED @ http://localhost:8099/stream:0
[220968688ms] [ERROR] Failed to load resource: net::ERR_CONNECTION_REFUSED @ http://localhost:8099/stream:0
[220971692ms] [ERROR] Failed to load resource: net::ERR_CONNECTION_REFUSED @ http://localhost:8099/stream:0
[220974697ms] [ERROR] Failed to load resource: net::ERR_CONNECTION_REFUSED @ http://localhost:8099/stream:0
[220977702ms] [ERROR] Failed to load resource: net::ERR_CONNECTION_REFUSED @ http://localhost:8099/stream:0
[220980707ms] [ERROR] Failed to load resource: net::ERR_CONNECTION_REFUSED @ http://localhost:8099/stream:0
[220983712ms] [ERROR] Failed to load resource: net::ERR_CONNECTION_REFUSED @ http://localhost:8099/stream:0
[220986717ms] [ERROR] Failed to load resource: net::ERR_CONNECTION_REFUSED @ http://localhost:8099/stream:0
[220989722ms] [ERROR] Failed to load resource: net::ERR_CONNECTION_REFUSED @ http://localhost:8099/stream:0
[220992726ms] [ERROR] Failed to load resource: net::ERR_CONNECTION_REFUSED @ http://localhost:8099/stream:0
[220995731ms] [ERROR] Failed to load resource: net::ERR_CONNECTION_REFUSED @ http://localhost:8099/stream:0
[220998735ms] [ERROR] Failed to load resource: net::ERR_CONNECTION_REFUSED @ http://localhost:8099/stream:0
[221001740ms] [ERROR] Failed to load resource: net::ERR_CONNECTION_REFUSED @ http://localhost:8099/stream:0
[221004745ms] [ERROR] Failed to load resource: net::ERR_CONNECTION_REFUSED @ http://localhost:8099/stream:0
[221007749ms] [ERROR] Failed to load resource: net::ERR_CONNECTION_REFUSED @ http://localhost:8099/stream:0
[221010753ms] [ERROR] Failed to load resource: net::ERR_CONNECTION_REFUSED @ http://localhost:8099/stream:0
[221013758ms] [ERROR] Failed to load resource: net::ERR_CONNECTION_REFUSED @ http://localhost:8099/stream:0
[221016762ms] [ERROR] Failed to load resource: net::ERR_CONNECTION_REFUSED @ http://localhost:8099/stream:0
[221019767ms] [ERROR] Failed to load resource: net::ERR_CONNECTION_REFUSED @ http://localhost:8099/stream:0
[221022771ms] [ERROR] Failed to load resource: net::ERR_CONNECTION_REFUSED @ http://localhost:8099/stream:0
[221025775ms] [ERROR] Failed to load resource: net::ERR_CONNECTION_REFUSED @ http://localhost:8099/stream:0
[221028779ms] [ERROR] Failed to load resource: net::ERR_CONNECTION_REFUSED @ http://localhost:8099/stream:0
[221031784ms] [ERROR] Failed to load resource: net::ERR_CONNECTION_REFUSED @ http://localhost:8099/stream:0
[221034789ms] [ERROR] Failed to load resource: net::ERR_CONNECTION_REFUSED @ http://localhost:8099/stream:0
[221037794ms] [ERROR] Failed to load resource: net::ERR_CONNECTION_REFUSED @ http://localhost:8099/stream:0
[221040798ms] [ERROR] Failed to load resource: net::ERR_CONNECTION_REFUSED @ http://localhost:8099/stream:0
[221043803ms] [ERROR] Failed to load resource: net::ERR_CONNECTION_REFUSED @ http://localhost:8099/stream:0
[221046809ms] [ERROR] Failed to load resource: net::ERR_CONNECTION_REFUSED @ http://localhost:8099/stream:0
[221049812ms] [ERROR] Failed to load resource: net::ERR_CONNECTION_REFUSED @ http://localhost:8099/stream:0
[221052817ms] [ERROR] Failed to load resource: net::ERR_CONNECTION_REFUSED @ http://localhost:8099/stream:0
[221055822ms] [ERROR] Failed to load resource: net::ERR_CONNECTION_REFUSED @ http://localhost:8099/stream:0
[221058827ms] [ERROR] Failed to load resource: net::ERR_CONNECTION_REFUSED @ http://localhost:8099/stream:0
[221061832ms] [ERROR] Failed to load resource: net::ERR_CONNECTION_REFUSED @ http://localhost:8099/stream:0
[221064837ms] [ERROR] Failed to load resource: net::ERR_CONNECTION_REFUSED @ http://localhost:8099/stream:0
[221067840ms] [ERROR] Failed to load resource: net::ERR_CONNECTION_REFUSED @ http://localhost:8099/stream:0
[221070846ms] [ERROR] Failed to load resource: net::ERR_CONNECTION_REFUSED @ http://localhost:8099/stream:0
[221073850ms] [ERROR] Failed to load resource: net::ERR_CONNECTION_REFUSED @ http://localhost:8099/stream:0
[221076855ms] [ERROR] Failed to load resource: net::ERR_CONNECTION_REFUSED @ http://localhost:8099/stream:0
[221079859ms] [ERROR] Failed to load resource: net::ERR_CONNECTION_REFUSED @ http://localhost:8099/stream:0
[221082864ms] [ERROR] Failed to load resource: net::ERR_CONNECTION_REFUSED @ http://localhost:8099/stream:0
[221085869ms] [ERROR] Failed to load resource: net::ERR_CONNECTION_REFUSED @ http://localhost:8099/stream:0
[221088874ms] [ERROR] Failed to load resource: net::ERR_CONNECTION_REFUSED @ http://localhost:8099/stream:0
[221091878ms] [ERROR] Failed to load resource: net::ERR_CONNECTION_REFUSED @ http://localhost:8099/stream:0
[221094883ms] [ERROR] Failed to load resource: net::ERR_CONNECTION_REFUSED @ http://localhost:8099/stream:0
[221097888ms] [ERROR] Failed to load resource: net::ERR_CONNECTION_REFUSED @ http://localhost:8099/stream:0
[221100893ms] [ERROR] Failed to load resource: net::ERR_CONNECTION_REFUSED @ http://localhost:8099/stream:0
[221103897ms] [ERROR] Failed to load resource: net::ERR_CONNECTION_REFUSED @ http://localhost:8099/stream:0
[221106902ms] [ERROR] Failed to load resource: net::ERR_CONNECTION_REFUSED @ http://localhost:8099/stream:0
[221109906ms] [ERROR] Failed to load resource: net::ERR_CONNECTION_REFUSED @ http://localhost:8099/stream:0
[221112912ms] [ERROR] Failed to load resource: net::ERR_CONNECTION_REFUSED @ http://localhost:8099/stream:0
[221115916ms] [ERROR] Failed to load resource: net::ERR_CONNECTION_REFUSED @ http://localhost:8099/stream:0
[221118920ms] [ERROR] Failed to load resource: net::ERR_CONNECTION_REFUSED @ http://localhost:8099/stream:0
[221121925ms] [ERROR] Failed to load resource: net::ERR_CONNECTION_REFUSED @ http://localhost:8099/stream:0
[221124929ms] [ERROR] Failed to load resource: net::ERR_CONNECTION_REFUSED @ http://localhost:8099/stream:0
[221127934ms] [ERROR] Failed to load resource: net::ERR_CONNECTION_REFUSED @ http://localhost:8099/stream:0
[221130938ms] [ERROR] Failed to load resource: net::ERR_CONNECTION_REFUSED @ http://localhost:8099/stream:0
[221133942ms] [ERROR] Failed to load resource: net::ERR_CONNECTION_REFUSED @ http://localhost:8099/stream:0
[221136947ms] [ERROR] Failed to load resource: net::ERR_CONNECTION_REFUSED @ http://localhost:8099/stream:0
[221139951ms] [ERROR] Failed to load resource: net::ERR_CONNECTION_REFUSED @ http://localhost:8099/stream:0
[221142955ms] [ERROR] Failed to load resource: net::ERR_CONNECTION_REFUSED @ http://localhost:8099/stream:0
[221145962ms] [ERROR] Failed to load resource: net::ERR_CONNECTION_REFUSED @ http://localhost:8099/stream:0
[221148967ms] [ERROR] Failed to load resource: net::ERR_CONNECTION_REFUSED @ http://localhost:8099/stream:0
[221151971ms] [ERROR] Failed to load resource: net::ERR_CONNECTION_REFUSED @ http://localhost:8099/stream:0
[221154975ms] [ERROR] Failed to load resource: net::ERR_CONNECTION_REFUSED @ http://localhost:8099/stream:0
[221157979ms] [ERROR] Failed to load resource: net::ERR_CONNECTION_REFUSED @ http://localhost:8099/stream:0
[221160983ms] [ERROR] Failed to load resource: net::ERR_CONNECTION_REFUSED @ http://localhost:8099/stream:0
[221163988ms] [ERROR] Failed to load resource: net::ERR_CONNECTION_REFUSED @ http://localhost:8099/stream:0
[221166992ms] [ERROR] Failed to load resource: net::ERR_CONNECTION_REFUSED @ http://localhost:8099/stream:0
[221169997ms] [ERROR] Failed to load resource: net::ERR_CONNECTION_REFUSED @ http://localhost:8099/stream:0
[221173001ms] [ERROR] Failed to load resource: net::ERR_CONNECTION_REFUSED @ http://localhost:8099/stream:0
[221176004ms] [ERROR] Failed to load resource: net::ERR_CONNECTION_REFUSED @ http://localhost:8099/stream:0
[221179008ms] [ERROR] Failed to load resource: net::ERR_CONNECTION_REFUSED @ http://localhost:8099/stream:0
[221182012ms] [ERROR] Failed to load resource: net::ERR_CONNECTION_REFUSED @ http://localhost:8099/stream:0
[221185016ms] [ERROR] Failed to load resource: net::ERR_CONNECTION_REFUSED @ http://localhost:8099/stream:0
[221188021ms] [ERROR] Failed to load resource: net::ERR_CONNECTION_REFUSED @ http://localhost:8099/stream:0
[221191025ms] [ERROR] Failed to load resource: net::ERR_CONNECTION_REFUSED @ http://localhost:8099/stream:0
[221194029ms] [ERROR] Failed to load resource: net::ERR_CONNECTION_REFUSED @ http://localhost:8099/stream:0
[221197033ms] [ERROR] Failed to load resource: net::ERR_CONNECTION_REFUSED @ http://localhost:8099/stream:0
[221200037ms] [ERROR] Failed to load resource: net::ERR_CONNECTION_REFUSED @ http://localhost:8099/stream:0
[221203042ms] [ERROR] Failed to load resource: net::ERR_CONNECTION_REFUSED @ http://localhost:8099/stream:0
[221206046ms] [ERROR] Failed to load resource: net::ERR_CONNECTION_REFUSED @ http://localhost:8099/stream:0
[221209051ms] [ERROR] Failed to load resource: net::ERR_CONNECTION_REFUSED @ http://localhost:8099/stream:0
[221212056ms] [ERROR] Failed to load resource: net::ERR_CONNECTION_REFUSED @ http://localhost:8099/stream:0
[221215060ms] [ERROR] Failed to load resource: net::ERR_CONNECTION_REFUSED @ http://localhost:8099/stream:0
[221218065ms] [ERROR] Failed to load resource: net::ERR_CONNECTION_REFUSED @ http://localhost:8099/stream:0
[221221069ms] [ERROR] Failed to load resource: net::ERR_CONNECTION_REFUSED @ http://localhost:8099/stream:0
[221224073ms] [ERROR] Failed to load resource: net::ERR_CONNECTION_REFUSED @ http://localhost:8099/stream:0
[221227078ms] [ERROR] Failed to load resource: net::ERR_CONNECTION_REFUSED @ http://localhost:8099/stream:0
[221230083ms] [ERROR] Failed to load resource: net::ERR_CONNECTION_REFUSED @ http://localhost:8099/stream:0
[221233088ms] [ERROR] Failed to load resource: net::ERR_CONNECTION_REFUSED @ http://localhost:8099/stream:0
[221236093ms] [ERROR] Failed to load resource: net::ERR_CONNECTION_REFUSED @ http://localhost:8099/stream:0
[221239097ms] [ERROR] Failed to load resource: net::ERR_CONNECTION_REFUSED @ http://localhost:8099/stream:0
[221242102ms] [ERROR] Failed to load resource: net::ERR_CONNECTION_REFUSED @ http://localhost:8099/stream:0
[221245107ms] [ERROR] Failed to load resource: net::ERR_CONNECTION_REFUSED @ http://localhost:8099/stream:0
[221248112ms] [ERROR] Failed to load resource: net::ERR_CONNECTION_REFUSED @ http://localhost:8099/stream:0
[221251115ms] [ERROR] Failed to load resource: net::ERR_CONNECTION_REFUSED @ http://localhost:8099/stream:0
[221254119ms] [ERROR] Failed to load resource: net::ERR_CONNECTION_REFUSED @ http://localhost:8099/stream:0
[221257124ms] [ERROR] Failed to load resource: net::ERR_CONNECTION_REFUSED @ http://localhost:8099/stream:0
[221260127ms] [ERROR] Failed to load resource: net::ERR_CONNECTION_REFUSED @ http://localhost:8099/stream:0
[221263131ms] [ERROR] Failed to load resource: net::ERR_CONNECTION_REFUSED @ http://localhost:8099/stream:0
[221266136ms] [ERROR] Failed to load resource: net::ERR_CONNECTION_REFUSED @ http://localhost:8099/stream:0
[221269139ms] [ERROR] Failed to load resource: net::ERR_CONNECTION_REFUSED @ http://localhost:8099/stream:0
[221272145ms] [ERROR] Failed to load resource: net::ERR_CONNECTION_REFUSED @ http://localhost:8099/stream:0
[221275149ms] [ERROR] Failed to load resource: net::ERR_CONNECTION_REFUSED @ http://localhost:8099/stream:0
[221278153ms] [ERROR] Failed to load resource: net::ERR_CONNECTION_REFUSED @ http://localhost:8099/stream:0
[221281156ms] [ERROR] Failed to load resource: net::ERR_CONNECTION_REFUSED @ http://localhost:8099/stream:0
[221284161ms] [ERROR] Failed to load resource: net::ERR_CONNECTION_REFUSED @ http://localhost:8099/stream:0
[221287165ms] [ERROR] Failed to load resource: net::ERR_CONNECTION_REFUSED @ http://localhost:8099/stream:0
[221290170ms] [ERROR] Failed to load resource: net::ERR_CONNECTION_REFUSED @ http://localhost:8099/stream:0
[221293176ms] [ERROR] Failed to load resource: net::ERR_CONNECTION_REFUSED @ http://localhost:8099/stream:0
[221296179ms] [ERROR] Failed to load resource: net::ERR_CONNECTION_REFUSED @ http://localhost:8099/stream:0
[221299184ms] [ERROR] Failed to load resource: net::ERR_CONNECTION_REFUSED @ http://localhost:8099/stream:0
[221302188ms] [ERROR] Failed to load resource: net::ERR_CONNECTION_REFUSED @ http://localhost:8099/stream:0
[221305193ms] [ERROR] Failed to load resource: net::ERR_CONNECTION_REFUSED @ http://localhost:8099/stream:0
[221308197ms] [ERROR] Failed to load resource: net::ERR_CONNECTION_REFUSED @ http://localhost:8099/stream:0
[221311202ms] [ERROR] Failed to load resource: net::ERR_CONNECTION_REFUSED @ http://localhost:8099/stream:0
[221314206ms] [ERROR] Failed to load resource: net::ERR_CONNECTION_REFUSED @ http://localhost:8099/stream:0
[221317211ms] [ERROR] Failed to load resource: net::ERR_CONNECTION_REFUSED @ http://localhost:8099/stream:0
[221320216ms] [ERROR] Failed to load resource: net::ERR_CONNECTION_REFUSED @ http://localhost:8099/stream:0
[221323220ms] [ERROR] Failed to load resource: net::ERR_CONNECTION_REFUSED @ http://localhost:8099/stream:0
[221326225ms] [ERROR] Failed to load resource: net::ERR_CONNECTION_REFUSED @ http://localhost:8099/stream:0
[221329229ms] [ERROR] Failed to load resource: net::ERR_CONNECTION_REFUSED @ http://localhost:8099/stream:0
[221332233ms] [ERROR] Failed to load resource: net::ERR_CONNECTION_REFUSED @ http://localhost:8099/stream:0
[221335238ms] [ERROR] Failed to load resource: net::ERR_CONNECTION_REFUSED @ http://localhost:8099/stream:0
[221338242ms] [ERROR] Failed to load resource: net::ERR_CONNECTION_REFUSED @ http://localhost:8099/stream:0
[221341247ms] [ERROR] Failed to load resource: net::ERR_CONNECTION_REFUSED @ http://localhost:8099/stream:0
[221344252ms] [ERROR] Failed to load resource: net::ERR_CONNECTION_REFUSED @ http://localhost:8099/stream:0
[221347257ms] [ERROR] Failed to load resource: net::ERR_CONNECTION_REFUSED @ http://localhost:8099/stream:0
[221350261ms] [ERROR] Failed to load resource: net::ERR_CONNECTION_REFUSED @ http://localhost:8099/stream:0
[221353266ms] [ERROR] Failed to load resource: net::ERR_CONNECTION_REFUSED @ http://localhost:8099/stream:0
[221356270ms] [ERROR] Failed to load resource: net::ERR_CONNECTION_REFUSED @ http://localhost:8099/stream:0
[221359275ms] [ERROR] Failed to load resource: net::ERR_CONNECTION_REFUSED @ http://localhost:8099/stream:0
[221362279ms] [ERROR] Failed to load resource: net::ERR_CONNECTION_REFUSED @ http://localhost:8099/stream:0
[221365284ms] [ERROR] Failed to load resource: net::ERR_CONNECTION_REFUSED @ http://localhost:8099/stream:0
[221368289ms] [ERROR] Failed to load resource: net::ERR_CONNECTION_REFUSED @ http://localhost:8099/stream:0
[221371293ms] [ERROR] Failed to load resource: net::ERR_CONNECTION_REFUSED @ http://localhost:8099/stream:0
[221374297ms] [ERROR] Failed to load resource: net::ERR_CONNECTION_REFUSED @ http://localhost:8099/stream:0
[221377302ms] [ERROR] Failed to load resource: net::ERR_CONNECTION_REFUSED @ http://localhost:8099/stream:0
[221380307ms] [ERROR] Failed to load resource: net::ERR_CONNECTION_REFUSED @ http://localhost:8099/stream:0
[221383311ms] [ERROR] Failed to load resource: net::ERR_CONNECTION_REFUSED @ http://localhost:8099/stream:0
[221386315ms] [ERROR] Failed to load resource: net::ERR_CONNECTION_REFUSED @ http://localhost:8099/stream:0
[221389320ms] [ERROR] Failed to load resource: net::ERR_CONNECTION_REFUSED @ http://localhost:8099/stream:0
[221392324ms] [ERROR] Failed to load resource: net::ERR_CONNECTION_REFUSED @ http://localhost:8099/stream:0
[221395328ms] [ERROR] Failed to load resource: net::ERR_CONNECTION_REFUSED @ http://localhost:8099/stream:0
[221398333ms] [ERROR] Failed to load resource: net::ERR_CONNECTION_REFUSED @ http://localhost:8099/stream:0
[221401337ms] [ERROR] Failed to load resource: net::ERR_CONNECTION_REFUSED @ http://localhost:8099/stream:0
[221404342ms] [ERROR] Failed to load resource: net::ERR_CONNECTION_REFUSED @ http://localhost:8099/stream:0
[221407347ms] [ERROR] Failed to load resource: net::ERR_CONNECTION_REFUSED @ http://localhost:8099/stream:0
[221410351ms] [ERROR] Failed to load resource: net::ERR_CONNECTION_REFUSED @ http://localhost:8099/stream:0
[221413356ms] [ERROR] Failed to load resource: net::ERR_CONNECTION_REFUSED @ http://localhost:8099/stream:0
[221416361ms] [ERROR] Failed to load resource: net::ERR_CONNECTION_REFUSED @ http://localhost:8099/stream:0
[221419365ms] [ERROR] Failed to load resource: net::ERR_CONNECTION_REFUSED @ http://localhost:8099/stream:0
[221422369ms] [ERROR] Failed to load resource: net::ERR_CONNECTION_REFUSED @ http://localhost:8099/stream:0
[221425374ms] [ERROR] Failed to load resource: net::ERR_CONNECTION_REFUSED @ http://localhost:8099/stream:0
[221428377ms] [ERROR] Failed to load resource: net::ERR_CONNECTION_REFUSED @ http://localhost:8099/stream:0
[221431381ms] [ERROR] Failed to load resource: net::ERR_CONNECTION_REFUSED @ http://localhost:8099/stream:0
[221434388ms] [ERROR] Failed to load resource: net::ERR_CONNECTION_REFUSED @ http://localhost:8099/stream:0
[221437391ms] [ERROR] Failed to load resource: net::ERR_CONNECTION_REFUSED @ http://localhost:8099/stream:0
[221440396ms] [ERROR] Failed to load resource: net::ERR_CONNECTION_REFUSED @ http://localhost:8099/stream:0
[221443400ms] [ERROR] Failed to load resource: net::ERR_CONNECTION_REFUSED @ http://localhost:8099/stream:0
[221446404ms] [ERROR] Failed to load resource: net::ERR_CONNECTION_REFUSED @ http://localhost:8099/stream:0
[221449409ms] [ERROR] Failed to load resource: net::ERR_CONNECTION_REFUSED @ http://localhost:8099/stream:0
[221452413ms] [ERROR] Failed to load resource: net::ERR_CONNECTION_REFUSED @ http://localhost:8099/stream:0
[221455418ms] [ERROR] Failed to load resource: net::ERR_CONNECTION_REFUSED @ http://localhost:8099/stream:0
[221458422ms] [ERROR] Failed to load resource: net::ERR_CONNECTION_REFUSED @ http://localhost:8099/stream:0
[221461427ms] [ERROR] Failed to load resource: net::ERR_CONNECTION_REFUSED @ http://localhost:8099/stream:0
[221464431ms] [ERROR] Failed to load resource: net::ERR_CONNECTION_REFUSED @ http://localhost:8099/stream:0
[221467436ms] [ERROR] Failed to load resource: net::ERR_CONNECTION_REFUSED @ http://localhost:8099/stream:0
[221470441ms] [ERROR] Failed to load resource: net::ERR_CONNECTION_REFUSED @ http://localhost:8099/stream:0
[221473445ms] [ERROR] Failed to load resource: net::ERR_CONNECTION_REFUSED @ http://localhost:8099/stream:0
[221476450ms] [ERROR] Failed to load resource: net::ERR_CONNECTION_REFUSED @ http://localhost:8099/stream:0
[221479454ms] [ERROR] Failed to load resource: net::ERR_CONNECTION_REFUSED @ http://localhost:8099/stream:0
[221482458ms] [ERROR] Failed to load resource: net::ERR_CONNECTION_REFUSED @ http://localhost:8099/stream:0
[221485462ms] [ERROR] Failed to load resource: net::ERR_CONNECTION_REFUSED @ http://localhost:8099/stream:0
[221488467ms] [ERROR] Failed to load resource: net::ERR_CONNECTION_REFUSED @ http://localhost:8099/stream:0
[221491472ms] [ERROR] Failed to load resource: net::ERR_CONNECTION_REFUSED @ http://localhost:8099/stream:0
[221494476ms] [ERROR] Failed to load resource: net::ERR_CONNECTION_REFUSED @ http://localhost:8099/stream:0
[221497481ms] [ERROR] Failed to load resource: net::ERR_CONNECTION_REFUSED @ http://localhost:8099/stream:0
[221500485ms] [ERROR] Failed to load resource: net::ERR_CONNECTION_REFUSED @ http://localhost:8099/stream:0
[221503490ms] [ERROR] Failed to load resource: net::ERR_CONNECTION_REFUSED @ http://localhost:8099/stream:0
[221506495ms] [ERROR] Failed to load resource: net::ERR_CONNECTION_REFUSED @ http://localhost:8099/stream:0
[221509500ms] [ERROR] Failed to load resource: net::ERR_CONNECTION_REFUSED @ http://localhost:8099/stream:0
[221512505ms] [ERROR] Failed to load resource: net::ERR_CONNECTION_REFUSED @ http://localhost:8099/stream:0
[221515511ms] [ERROR] Failed to load resource: net::ERR_CONNECTION_REFUSED @ http://localhost:8099/stream:0
[221518516ms] [ERROR] Failed to load resource: net::ERR_CONNECTION_REFUSED @ http://localhost:8099/stream:0
[221521521ms] [ERROR] Failed to load resource: net::ERR_CONNECTION_REFUSED @ http://localhost:8099/stream:0
[221524524ms] [ERROR] Failed to load resource: net::ERR_CONNECTION_REFUSED @ http://localhost:8099/stream:0
[221527529ms] [ERROR] Failed to load resource: net::ERR_CONNECTION_REFUSED @ http://localhost:8099/stream:0
[221530533ms] [ERROR] Failed to load resource: net::ERR_CONNECTION_REFUSED @ http://localhost:8099/stream:0
[221533537ms] [ERROR] Failed to load resource: net::ERR_CONNECTION_REFUSED @ http://localhost:8099/stream:0
[221536542ms] [ERROR] Failed to load resource: net::ERR_CONNECTION_REFUSED @ http://localhost:8099/stream:0
[221539547ms] [ERROR] Failed to load resource: net::ERR_CONNECTION_REFUSED @ http://localhost:8099/stream:0
[221542552ms] [ERROR] Failed to load resource: net::ERR_CONNECTION_REFUSED @ http://localhost:8099/stream:0
[221545557ms] [ERROR] Failed to load resource: net::ERR_CONNECTION_REFUSED @ http://localhost:8099/stream:0
[221548562ms] [ERROR] Failed to load resource: net::ERR_CONNECTION_REFUSED @ http://localhost:8099/stream:0
[221551566ms] [ERROR] Failed to load resource: net::ERR_CONNECTION_REFUSED @ http://localhost:8099/stream:0
[221554570ms] [ERROR] Failed to load resource: net::ERR_CONNECTION_REFUSED @ http://localhost:8099/stream:0
[221557575ms] [ERROR] Failed to load resource: net::ERR_CONNECTION_REFUSED @ http://localhost:8099/stream:0
[221560578ms] [ERROR] Failed to load resource: net::ERR_CONNECTION_REFUSED @ http://localhost:8099/stream:0
[221563582ms] [ERROR] Failed to load resource: net::ERR_CONNECTION_REFUSED @ http://localhost:8099/stream:0
[221566587ms] [ERROR] Failed to load resource: net::ERR_CONNECTION_REFUSED @ http://localhost:8099/stream:0
[221569592ms] [ERROR] Failed to load resource: net::ERR_CONNECTION_REFUSED @ http://localhost:8099/stream:0
[221572596ms] [ERROR] Failed to load resource: net::ERR_CONNECTION_REFUSED @ http://localhost:8099/stream:0
[221575601ms] [ERROR] Failed to load resource: net::ERR_CONNECTION_REFUSED @ http://localhost:8099/stream:0
[221578605ms] [ERROR] Failed to load resource: net::ERR_CONNECTION_REFUSED @ http://localhost:8099/stream:0
[221581610ms] [ERROR] Failed to load resource: net::ERR_CONNECTION_REFUSED @ http://localhost:8099/stream:0
[221584640ms] [ERROR] Failed to load resource: net::ERR_CONNECTION_REFUSED @ http://localhost:8099/stream:0
[221587648ms] [ERROR] Failed to load resource: net::ERR_CONNECTION_REFUSED @ http://localhost:8099/stream:0
[221590655ms] [ERROR] Failed to load resource: net::ERR_CONNECTION_REFUSED @ http://localhost:8099/stream:0
[221614220ms] [ERROR] Failed to load resource: net::ERR_CONNECTION_REFUSED @ http://localhost:8099/stream:0
[221617225ms] [ERROR] Failed to load resource: net::ERR_CONNECTION_REFUSED @ http://localhost:8099/stream:0
[221620230ms] [ERROR] Failed to load resource: net::ERR_CONNECTION_REFUSED @ http://localhost:8099/stream:0
[221623235ms] [ERROR] Failed to load resource: net::ERR_CONNECTION_REFUSED @ http://localhost:8099/stream:0
[221626242ms] [ERROR] Failed to load resource: net::ERR_CONNECTION_REFUSED @ http://localhost:8099/stream:0
[221629247ms] [ERROR] Failed to load resource: net::ERR_CONNECTION_REFUSED @ http://localhost:8099/stream:0
[221632252ms] [ERROR] Failed to load resource: net::ERR_CONNECTION_REFUSED @ http://localhost:8099/stream:0
[221635257ms] [ERROR] Failed to load resource: net::ERR_CONNECTION_REFUSED @ http://localhost:8099/stream:0
[221638263ms] [ERROR] Failed to load resource: net::ERR_CONNECTION_REFUSED @ http://localhost:8099/stream:0
[221641269ms] [ERROR] Failed to load resource: net::ERR_CONNECTION_REFUSED @ http://localhost:8099/stream:0
[221644274ms] [ERROR] Failed to load resource: net::ERR_CONNECTION_REFUSED @ http://localhost:8099/stream:0
[221647281ms] [ERROR] Failed to load resource: net::ERR_CONNECTION_REFUSED @ http://localhost:8099/stream:0
[221650286ms] [ERROR] Failed to load resource: net::ERR_CONNECTION_REFUSED @ http://localhost:8099/stream:0
[221653290ms] [ERROR] Failed to load resource: net::ERR_CONNECTION_REFUSED @ http://localhost:8099/stream:0
[221656296ms] [ERROR] Failed to load resource: net::ERR_CONNECTION_REFUSED @ http://localhost:8099/stream:0
[221659299ms] [ERROR] Failed to load resource: net::ERR_CONNECTION_REFUSED @ http://localhost:8099/stream:0
[221723585ms] [ERROR] Failed to load resource: net::ERR_CONNECTION_REFUSED @ http://localhost:8099/stream:0
[221726591ms] [ERROR] Failed to load resource: net::ERR_CONNECTION_REFUSED @ http://localhost:8099/stream:0
[221729597ms] [ERROR] Failed to load resource: net::ERR_CONNECTION_REFUSED @ http://localhost:8099/stream:0
[221732604ms] [ERROR] Failed to load resource: net::ERR_CONNECTION_REFUSED @ http://localhost:8099/stream:0
[221735611ms] [ERROR] Failed to load resource: net::ERR_CONNECTION_REFUSED @ http://localhost:8099/stream:0
[221738616ms] [ERROR] Failed to load resource: net::ERR_CONNECTION_REFUSED @ http://localhost:8099/stream:0
[221741620ms] [ERROR] Failed to load resource: net::ERR_CONNECTION_REFUSED @ http://localhost:8099/stream:0
[221744626ms] [ERROR] Failed to load resource: net::ERR_CONNECTION_REFUSED @ http://localhost:8099/stream:0
[221747634ms] [ERROR] Failed to load resource: net::ERR_CONNECTION_REFUSED @ http://localhost:8099/stream:0
[221750639ms] [ERROR] Failed to load resource: net::ERR_CONNECTION_REFUSED @ http://localhost:8099/stream:0
[221753644ms] [ERROR] Failed to load resource: net::ERR_CONNECTION_REFUSED @ http://localhost:8099/stream:0
[221756649ms] [ERROR] Failed to load resource: net::ERR_CONNECTION_REFUSED @ http://localhost:8099/stream:0
[221759655ms] [ERROR] Failed to load resource: net::ERR_CONNECTION_REFUSED @ http://localhost:8099/stream:0
[221762661ms] [ERROR] Failed to load resource: net::ERR_CONNECTION_REFUSED @ http://localhost:8099/stream:0
[221765665ms] [ERROR] Failed to load resource: net::ERR_CONNECTION_REFUSED @ http://localhost:8099/stream:0
[221776888ms] [ERROR] Failed to load resource: net::ERR_CONNECTION_REFUSED @ http://localhost:8099/stream:0
[221779892ms] [ERROR] Failed to load resource: net::ERR_CONNECTION_REFUSED @ http://localhost:8099/stream:0
[221782898ms] [ERROR] Failed to load resource: net::ERR_CONNECTION_REFUSED @ http://localhost:8099/stream:0
[221785903ms] [ERROR] Failed to load resource: net::ERR_CONNECTION_REFUSED @ http://localhost:8099/stream:0
[221788907ms] [ERROR] Failed to load resource: net::ERR_CONNECTION_REFUSED @ http://localhost:8099/stream:0
[221791912ms] [ERROR] Failed to load resource: net::ERR_CONNECTION_REFUSED @ http://localhost:8099/stream:0
[221794918ms] [ERROR] Failed to load resource: net::ERR_CONNECTION_REFUSED @ http://localhost:8099/stream:0
[221797923ms] [ERROR] Failed to load resource: net::ERR_CONNECTION_REFUSED @ http://localhost:8099/stream:0
[221800927ms] [ERROR] Failed to load resource: net::ERR_CONNECTION_REFUSED @ http://localhost:8099/stream:0
[221803931ms] [ERROR] Failed to load resource: net::ERR_CONNECTION_REFUSED @ http://localhost:8099/stream:0
[221806935ms] [ERROR] Failed to load resource: net::ERR_CONNECTION_REFUSED @ http://localhost:8099/stream:0
[221809940ms] [ERROR] Failed to load resource: net::ERR_CONNECTION_REFUSED @ http://localhost:8099/stream:0
[221812945ms] [ERROR] Failed to load resource: net::ERR_CONNECTION_REFUSED @ http://localhost:8099/stream:0
[221815949ms] [ERROR] Failed to load resource: net::ERR_CONNECTION_REFUSED @ http://localhost:8099/stream:0
[221818955ms] [ERROR] Failed to load resource: net::ERR_CONNECTION_REFUSED @ http://localhost:8099/stream:0
[221821958ms] [ERROR] Failed to load resource: net::ERR_CONNECTION_REFUSED @ http://localhost:8099/stream:0
[221912239ms] [ERROR] Failed to load resource: net::ERR_CONNECTION_REFUSED @ http://localhost:8099/stream:0
[221915244ms] [ERROR] Failed to load resource: net::ERR_CONNECTION_REFUSED @ http://localhost:8099/stream:0
[221918250ms] [ERROR] Failed to load resource: net::ERR_CONNECTION_REFUSED @ http://localhost:8099/stream:0
[221921256ms] [ERROR] Failed to load resource: net::ERR_CONNECTION_REFUSED @ http://localhost:8099/stream:0
[221924260ms] [ERROR] Failed to load resource: net::ERR_CONNECTION_REFUSED @ http://localhost:8099/stream:0
[221927264ms] [ERROR] Failed to load resource: net::ERR_CONNECTION_REFUSED @ http://localhost:8099/stream:0
[221930270ms] [ERROR] Failed to load resource: net::ERR_CONNECTION_REFUSED @ http://localhost:8099/stream:0
[221933276ms] [ERROR] Failed to load resource: net::ERR_CONNECTION_REFUSED @ http://localhost:8099/stream:0
[221936281ms] [ERROR] Failed to load resource: net::ERR_CONNECTION_REFUSED @ http://localhost:8099/stream:0
[221939287ms] [ERROR] Failed to load resource: net::ERR_CONNECTION_REFUSED @ http://localhost:8099/stream:0
[221942292ms] [ERROR] Failed to load resource: net::ERR_CONNECTION_REFUSED @ http://localhost:8099/stream:0
[221945297ms] [ERROR] Failed to load resource: net::ERR_CONNECTION_REFUSED @ http://localhost:8099/stream:0
[221948303ms] [ERROR] Failed to load resource: net::ERR_CONNECTION_REFUSED @ http://localhost:8099/stream:0
[221951308ms] [ERROR] Failed to load resource: net::ERR_CONNECTION_REFUSED @ http://localhost:8099/stream:0
[221954314ms] [ERROR] Failed to load resource: net::ERR_CONNECTION_REFUSED @ http://localhost:8099/stream:0
[221957320ms] [ERROR] Failed to load resource: net::ERR_CONNECTION_REFUSED @ http://localhost:8099/stream:0
[222058621ms] [ERROR] Failed to load resource: net::ERR_CONNECTION_REFUSED @ http://localhost:8099/stream:0
[222061627ms] [ERROR] Failed to load resource: net::ERR_CONNECTION_REFUSED @ http://localhost:8099/stream:0
[222064632ms] [ERROR] Failed to load resource: net::ERR_CONNECTION_REFUSED @ http://localhost:8099/stream:0
[222067639ms] [ERROR] Failed to load resource: net::ERR_CONNECTION_REFUSED @ http://localhost:8099/stream:0
[222070644ms] [ERROR] Failed to load resource: net::ERR_CONNECTION_REFUSED @ http://localhost:8099/stream:0
[222073648ms] [ERROR] Failed to load resource: net::ERR_CONNECTION_REFUSED @ http://localhost:8099/stream:0
[222076651ms] [ERROR] Failed to load resource: net::ERR_CONNECTION_REFUSED @ http://localhost:8099/stream:0
[222079656ms] [ERROR] Failed to load resource: net::ERR_CONNECTION_REFUSED @ http://localhost:8099/stream:0
[222082660ms] [ERROR] Failed to load resource: net::ERR_CONNECTION_REFUSED @ http://localhost:8099/stream:0
[222085665ms] [ERROR] Failed to load resource: net::ERR_CONNECTION_REFUSED @ http://localhost:8099/stream:0
[222088669ms] [ERROR] Failed to load resource: net::ERR_CONNECTION_REFUSED @ http://localhost:8099/stream:0
[222091675ms] [ERROR] Failed to load resource: net::ERR_CONNECTION_REFUSED @ http://localhost:8099/stream:0
[222094680ms] [ERROR] Failed to load resource: net::ERR_CONNECTION_REFUSED @ http://localhost:8099/stream:0
[222097688ms] [ERROR] Failed to load resource: net::ERR_CONNECTION_REFUSED @ http://localhost:8099/stream:0
[222100694ms] [ERROR] Failed to load resource: net::ERR_CONNECTION_REFUSED @ http://localhost:8099/stream:0
[222203927ms] [ERROR] Failed to load resource: net::ERR_CONNECTION_REFUSED @ http://localhost:8099/stream:0
[222206932ms] [ERROR] Failed to load resource: net::ERR_CONNECTION_REFUSED @ http://localhost:8099/stream:0
[222209938ms] [ERROR] Failed to load resource: net::ERR_CONNECTION_REFUSED @ http://localhost:8099/stream:0
[222212942ms] [ERROR] Failed to load resource: net::ERR_CONNECTION_REFUSED @ http://localhost:8099/stream:0
[222215946ms] [ERROR] Failed to load resource: net::ERR_CONNECTION_REFUSED @ http://localhost:8099/stream:0
[222218951ms] [ERROR] Failed to load resource: net::ERR_CONNECTION_REFUSED @ http://localhost:8099/stream:0
[222221954ms] [ERROR] Failed to load resource: net::ERR_CONNECTION_REFUSED @ http://localhost:8099/stream:0
[222224959ms] [ERROR] Failed to load resource: net::ERR_CONNECTION_REFUSED @ http://localhost:8099/stream:0
[222227963ms] [ERROR] Failed to load resource: net::ERR_CONNECTION_REFUSED @ http://localhost:8099/stream:0
[222230968ms] [ERROR] Failed to load resource: net::ERR_CONNECTION_REFUSED @ http://localhost:8099/stream:0
[222233973ms] [ERROR] Failed to load resource: net::ERR_CONNECTION_REFUSED @ http://localhost:8099/stream:0
[222236979ms] [ERROR] Failed to load resource: net::ERR_CONNECTION_REFUSED @ http://localhost:8099/stream:0
[222239984ms] [ERROR] Failed to load resource: net::ERR_CONNECTION_REFUSED @ http://localhost:8099/stream:0
[222242988ms] [ERROR] Failed to load resource: net::ERR_CONNECTION_REFUSED @ http://localhost:8099/stream:0
[222245994ms] [ERROR] Failed to load resource: net::ERR_CONNECTION_REFUSED @ http://localhost:8099/stream:0
[222248998ms] [ERROR] Failed to load resource: net::ERR_CONNECTION_REFUSED @ http://localhost:8099/stream:0
[222344016ms] [ERROR] Failed to load resource: net::ERR_CONNECTION_REFUSED @ http://localhost:8099/stream:0
[222347019ms] [ERROR] Failed to load resource: net::ERR_CONNECTION_REFUSED @ http://localhost:8099/stream:0
[222350026ms] [ERROR] Failed to load resource: net::ERR_CONNECTION_REFUSED @ http://localhost:8099/stream:0
[222353031ms] [ERROR] Failed to load resource: net::ERR_CONNECTION_REFUSED @ http://localhost:8099/stream:0
[222356036ms] [ERROR] Failed to load resource: net::ERR_CONNECTION_REFUSED @ http://localhost:8099/stream:0
[222359040ms] [ERROR] Failed to load resource: net::ERR_CONNECTION_REFUSED @ http://localhost:8099/stream:0
[222362045ms] [ERROR] Failed to load resource: net::ERR_CONNECTION_REFUSED @ http://localhost:8099/stream:0
[222365051ms] [ERROR] Failed to load resource: net::ERR_CONNECTION_REFUSED @ http://localhost:8099/stream:0
[222368056ms] [ERROR] Failed to load resource: net::ERR_CONNECTION_REFUSED @ http://localhost:8099/stream:0
[222371061ms] [ERROR] Failed to load resource: net::ERR_CONNECTION_REFUSED @ http://localhost:8099/stream:0
[222374066ms] [ERROR] Failed to load resource: net::ERR_CONNECTION_REFUSED @ http://localhost:8099/stream:0
[222377071ms] [ERROR] Failed to load resource: net::ERR_CONNECTION_REFUSED @ http://localhost:8099/stream:0
[222380077ms] [ERROR] Failed to load resource: net::ERR_CONNECTION_REFUSED @ http://localhost:8099/stream:0
[222383082ms] [ERROR] Failed to load resource: net::ERR_CONNECTION_REFUSED @ http://localhost:8099/stream:0
[222386086ms] [ERROR] Failed to load resource: net::ERR_CONNECTION_REFUSED @ http://localhost:8099/stream:0
[222389105ms] [ERROR] Failed to load resource: net::ERR_CONNECTION_REFUSED @ http://localhost:8099/stream:0
[222465515ms] [ERROR] Failed to load resource: net::ERR_CONNECTION_REFUSED @ http://localhost:8099/stream:0
[222468520ms] [ERROR] Failed to load resource: net::ERR_CONNECTION_REFUSED @ http://localhost:8099/stream:0
[222471524ms] [ERROR] Failed to load resource: net::ERR_CONNECTION_REFUSED @ http://localhost:8099/stream:0
[222474528ms] [ERROR] Failed to load resource: net::ERR_CONNECTION_REFUSED @ http://localhost:8099/stream:0
[222477533ms] [ERROR] Failed to load resource: net::ERR_CONNECTION_REFUSED @ http://localhost:8099/stream:0
[222480539ms] [ERROR] Failed to load resource: net::ERR_CONNECTION_REFUSED @ http://localhost:8099/stream:0
[222483545ms] [ERROR] Failed to load resource: net::ERR_CONNECTION_REFUSED @ http://localhost:8099/stream:0
[222486549ms] [ERROR] Failed to load resource: net::ERR_CONNECTION_REFUSED @ http://localhost:8099/stream:0
[222489556ms] [ERROR] Failed to load resource: net::ERR_CONNECTION_REFUSED @ http://localhost:8099/stream:0
[222492561ms] [ERROR] Failed to load resource: net::ERR_CONNECTION_REFUSED @ http://localhost:8099/stream:0
[222495567ms] [ERROR] Failed to load resource: net::ERR_CONNECTION_REFUSED @ http://localhost:8099/stream:0
[222498572ms] [ERROR] Failed to load resource: net::ERR_CONNECTION_REFUSED @ http://localhost:8099/stream:0
[222501577ms] [ERROR] Failed to load resource: net::ERR_CONNECTION_REFUSED @ http://localhost:8099/stream:0
[222504584ms] [ERROR] Failed to load resource: net::ERR_CONNECTION_REFUSED @ http://localhost:8099/stream:0
[222507589ms] [ERROR] Failed to load resource: net::ERR_CONNECTION_REFUSED @ http://localhost:8099/stream:0
[222532040ms] [ERROR] Failed to load resource: net::ERR_CONNECTION_REFUSED @ http://localhost:8099/stream:0
[222535092ms] [ERROR] Failed to load resource: net::ERR_CONNECTION_REFUSED @ http://localhost:8099/stream:0
[222538093ms] [ERROR] Failed to load resource: net::ERR_CONNECTION_REFUSED @ http://localhost:8099/stream:0
[222541099ms] [ERROR] Failed to load resource: net::ERR_CONNECTION_REFUSED @ http://localhost:8099/stream:0
[222544103ms] [ERROR] Failed to load resource: net::ERR_CONNECTION_REFUSED @ http://localhost:8099/stream:0
[222547111ms] [ERROR] Failed to load resource: net::ERR_CONNECTION_REFUSED @ http://localhost:8099/stream:0
[222550115ms] [ERROR] Failed to load resource: net::ERR_CONNECTION_REFUSED @ http://localhost:8099/stream:0
[222553118ms] [ERROR] Failed to load resource: net::ERR_CONNECTION_REFUSED @ http://localhost:8099/stream:0
[222556123ms] [ERROR] Failed to load resource: net::ERR_CONNECTION_REFUSED @ http://localhost:8099/stream:0
[222559129ms] [ERROR] Failed to load resource: net::ERR_CONNECTION_REFUSED @ http://localhost:8099/stream:0
[222562133ms] [ERROR] Failed to load resource: net::ERR_CONNECTION_REFUSED @ http://localhost:8099/stream:0
[222565139ms] [ERROR] Failed to load resource: net::ERR_CONNECTION_REFUSED @ http://localhost:8099/stream:0
[222568143ms] [ERROR] Failed to load resource: net::ERR_CONNECTION_REFUSED @ http://localhost:8099/stream:0
[222571147ms] [ERROR] Failed to load resource: net::ERR_CONNECTION_REFUSED @ http://localhost:8099/stream:0
[222574152ms] [ERROR] Failed to load resource: net::ERR_CONNECTION_REFUSED @ http://localhost:8099/stream:0
[222577158ms] [ERROR] Failed to load resource: net::ERR_CONNECTION_REFUSED @ http://localhost:8099/stream:0
[222580162ms] [ERROR] Failed to load resource: net::ERR_CONNECTION_REFUSED @ http://localhost:8099/stream:0
[222583167ms] [ERROR] Failed to load resource: net::ERR_CONNECTION_REFUSED @ http://localhost:8099/stream:0
[222586171ms] [ERROR] Failed to load resource: net::ERR_CONNECTION_REFUSED @ http://localhost:8099/stream:0
[222589175ms] [ERROR] Failed to load resource: net::ERR_CONNECTION_REFUSED @ http://localhost:8099/stream:0
[222592179ms] [ERROR] Failed to load resource: net::ERR_CONNECTION_REFUSED @ http://localhost:8099/stream:0
[222595184ms] [ERROR] Failed to load resource: net::ERR_CONNECTION_REFUSED @ http://localhost:8099/stream:0
[222598189ms] [ERROR] Failed to load resource: net::ERR_CONNECTION_REFUSED @ http://localhost:8099/stream:0
[222601194ms] [ERROR] Failed to load resource: net::ERR_CONNECTION_REFUSED @ http://localhost:8099/stream:0
[222604199ms] [ERROR] Failed to load resource: net::ERR_CONNECTION_REFUSED @ http://localhost:8099/stream:0
[222607204ms] [ERROR] Failed to load resource: net::ERR_CONNECTION_REFUSED @ http://localhost:8099/stream:0
[222610208ms] [ERROR] Failed to load resource: net::ERR_CONNECTION_REFUSED @ http://localhost:8099/stream:0
[222613213ms] [ERROR] Failed to load resource: net::ERR_CONNECTION_REFUSED @ http://localhost:8099/stream:0
[222616218ms] [ERROR] Failed to load resource: net::ERR_CONNECTION_REFUSED @ http://localhost:8099/stream:0
[222619222ms] [ERROR] Failed to load resource: net::ERR_CONNECTION_REFUSED @ http://localhost:8099/stream:0
[222622226ms] [ERROR] Failed to load resource: net::ERR_CONNECTION_REFUSED @ http://localhost:8099/stream:0
[222625231ms] [ERROR] Failed to load resource: net::ERR_CONNECTION_REFUSED @ http://localhost:8099/stream:0
[222628237ms] [ERROR] Failed to load resource: net::ERR_CONNECTION_REFUSED @ http://localhost:8099/stream:0
[222631243ms] [ERROR] Failed to load resource: net::ERR_CONNECTION_REFUSED @ http://localhost:8099/stream:0
[222634248ms] [ERROR] Failed to load resource: net::ERR_CONNECTION_REFUSED @ http://localhost:8099/stream:0
[222637253ms] [ERROR] Failed to load resource: net::ERR_CONNECTION_REFUSED @ http://localhost:8099/stream:0
[222640257ms] [ERROR] Failed to load resource: net::ERR_CONNECTION_REFUSED @ http://localhost:8099/stream:0
[222643261ms] [ERROR] Failed to load resource: net::ERR_CONNECTION_REFUSED @ http://localhost:8099/stream:0
[222646265ms] [ERROR] Failed to load resource: net::ERR_CONNECTION_REFUSED @ http://localhost:8099/stream:0
[222649271ms] [ERROR] Failed to load resource: net::ERR_CONNECTION_REFUSED @ http://localhost:8099/stream:0
[222652275ms] [ERROR] Failed to load resource: net::ERR_CONNECTION_REFUSED @ http://localhost:8099/stream:0
[222655280ms] [ERROR] Failed to load resource: net::ERR_CONNECTION_REFUSED @ http://localhost:8099/stream:0
[222658284ms] [ERROR] Failed to load resource: net::ERR_CONNECTION_REFUSED @ http://localhost:8099/stream:0
[222661290ms] [ERROR] Failed to load resource: net::ERR_CONNECTION_REFUSED @ http://localhost:8099/stream:0
[222664295ms] [ERROR] Failed to load resource: net::ERR_CONNECTION_REFUSED @ http://localhost:8099/stream:0
[222667299ms] [ERROR] Failed to load resource: net::ERR_CONNECTION_REFUSED @ http://localhost:8099/stream:0
[222670303ms] [ERROR] Failed to load resource: net::ERR_CONNECTION_REFUSED @ http://localhost:8099/stream:0
[222673308ms] [ERROR] Failed to load resource: net::ERR_CONNECTION_REFUSED @ http://localhost:8099/stream:0
[222676313ms] [ERROR] Failed to load resource: net::ERR_CONNECTION_REFUSED @ http://localhost:8099/stream:0
[222679317ms] [ERROR] Failed to load resource: net::ERR_CONNECTION_REFUSED @ http://localhost:8099/stream:0
[222682322ms] [ERROR] Failed to load resource: net::ERR_CONNECTION_REFUSED @ http://localhost:8099/stream:0
[222685327ms] [ERROR] Failed to load resource: net::ERR_CONNECTION_REFUSED @ http://localhost:8099/stream:0
[222688331ms] [ERROR] Failed to load resource: net::ERR_CONNECTION_REFUSED @ http://localhost:8099/stream:0
[222691336ms] [ERROR] Failed to load resource: net::ERR_CONNECTION_REFUSED @ http://localhost:8099/stream:0
[222694341ms] [ERROR] Failed to load resource: net::ERR_CONNECTION_REFUSED @ http://localhost:8099/stream:0
[222697345ms] [ERROR] Failed to load resource: net::ERR_CONNECTION_REFUSED @ http://localhost:8099/stream:0
[222700350ms] [ERROR] Failed to load resource: net::ERR_CONNECTION_REFUSED @ http://localhost:8099/stream:0
[222703354ms] [ERROR] Failed to load resource: net::ERR_CONNECTION_REFUSED @ http://localhost:8099/stream:0
[222706359ms] [ERROR] Failed to load resource: net::ERR_CONNECTION_REFUSED @ http://localhost:8099/stream:0
[222709364ms] [ERROR] Failed to load resource: net::ERR_CONNECTION_REFUSED @ http://localhost:8099/stream:0
[222712368ms] [ERROR] Failed to load resource: net::ERR_CONNECTION_REFUSED @ http://localhost:8099/stream:0
[222715373ms] [ERROR] Failed to load resource: net::ERR_CONNECTION_REFUSED @ http://localhost:8099/stream:0
[222718378ms] [ERROR] Failed to load resource: net::ERR_CONNECTION_REFUSED @ http://localhost:8099/stream:0
[222721383ms] [ERROR] Failed to load resource: net::ERR_CONNECTION_REFUSED @ http://localhost:8099/stream:0
[222724388ms] [ERROR] Failed to load resource: net::ERR_CONNECTION_REFUSED @ http://localhost:8099/stream:0
[222727396ms] [ERROR] Failed to load resource: net::ERR_CONNECTION_REFUSED @ http://localhost:8099/stream:0
[222730400ms] [ERROR] Failed to load resource: net::ERR_CONNECTION_REFUSED @ http://localhost:8099/stream:0
[222733404ms] [ERROR] Failed to load resource: net::ERR_CONNECTION_REFUSED @ http://localhost:8099/stream:0
[222736409ms] [ERROR] Failed to load resource: net::ERR_CONNECTION_REFUSED @ http://localhost:8099/stream:0
[222739414ms] [ERROR] Failed to load resource: net::ERR_CONNECTION_REFUSED @ http://localhost:8099/stream:0
[222742418ms] [ERROR] Failed to load resource: net::ERR_CONNECTION_REFUSED @ http://localhost:8099/stream:0
[222745423ms] [ERROR] Failed to load resource: net::ERR_CONNECTION_REFUSED @ http://localhost:8099/stream:0
[222748428ms] [ERROR] Failed to load resource: net::ERR_CONNECTION_REFUSED @ http://localhost:8099/stream:0
[222751432ms] [ERROR] Failed to load resource: net::ERR_CONNECTION_REFUSED @ http://localhost:8099/stream:0
[222754436ms] [ERROR] Failed to load resource: net::ERR_CONNECTION_REFUSED @ http://localhost:8099/stream:0
[222757441ms] [ERROR] Failed to load resource: net::ERR_CONNECTION_REFUSED @ http://localhost:8099/stream:0
[222760444ms] [ERROR] Failed to load resource: net::ERR_CONNECTION_REFUSED @ http://localhost:8099/stream:0
[222763449ms] [ERROR] Failed to load resource: net::ERR_CONNECTION_REFUSED @ http://localhost:8099/stream:0
[222766453ms] [ERROR] Failed to load resource: net::ERR_CONNECTION_REFUSED @ http://localhost:8099/stream:0
[222769458ms] [ERROR] Failed to load resource: net::ERR_CONNECTION_REFUSED @ http://localhost:8099/stream:0
[222772461ms] [ERROR] Failed to load resource: net::ERR_CONNECTION_REFUSED @ http://localhost:8099/stream:0
[222775467ms] [ERROR] Failed to load resource: net::ERR_CONNECTION_REFUSED @ http://localhost:8099/stream:0
[222778472ms] [ERROR] Failed to load resource: net::ERR_CONNECTION_REFUSED @ http://localhost:8099/stream:0
[222781476ms] [ERROR] Failed to load resource: net::ERR_CONNECTION_REFUSED @ http://localhost:8099/stream:0
[222784481ms] [ERROR] Failed to load resource: net::ERR_CONNECTION_REFUSED @ http://localhost:8099/stream:0
[222787485ms] [ERROR] Failed to load resource: net::ERR_CONNECTION_REFUSED @ http://localhost:8099/stream:0
[222790490ms] [ERROR] Failed to load resource: net::ERR_CONNECTION_REFUSED @ http://localhost:8099/stream:0
[222793494ms] [ERROR] Failed to load resource: net::ERR_CONNECTION_REFUSED @ http://localhost:8099/stream:0
[222796498ms] [ERROR] Failed to load resource: net::ERR_CONNECTION_REFUSED @ http://localhost:8099/stream:0
[222799503ms] [ERROR] Failed to load resource: net::ERR_CONNECTION_REFUSED @ http://localhost:8099/stream:0
[222802508ms] [ERROR] Failed to load resource: net::ERR_CONNECTION_REFUSED @ http://localhost:8099/stream:0
[222805512ms] [ERROR] Failed to load resource: net::ERR_CONNECTION_REFUSED @ http://localhost:8099/stream:0
[222808517ms] [ERROR] Failed to load resource: net::ERR_CONNECTION_REFUSED @ http://localhost:8099/stream:0
[222811522ms] [ERROR] Failed to load resource: net::ERR_CONNECTION_REFUSED @ http://localhost:8099/stream:0
[222814527ms] [ERROR] Failed to load resource: net::ERR_CONNECTION_REFUSED @ http://localhost:8099/stream:0
[222817531ms] [ERROR] Failed to load resource: net::ERR_CONNECTION_REFUSED @ http://localhost:8099/stream:0
[222820536ms] [ERROR] Failed to load resource: net::ERR_CONNECTION_REFUSED @ http://localhost:8099/stream:0
[222823541ms] [ERROR] Failed to load resource: net::ERR_CONNECTION_REFUSED @ http://localhost:8099/stream:0
[222826546ms] [ERROR] Failed to load resource: net::ERR_CONNECTION_REFUSED @ http://localhost:8099/stream:0
[222829551ms] [ERROR] Failed to load resource: net::ERR_CONNECTION_REFUSED @ http://localhost:8099/stream:0
[222832556ms] [ERROR] Failed to load resource: net::ERR_CONNECTION_REFUSED @ http://localhost:8099/stream:0
[222835560ms] [ERROR] Failed to load resource: net::ERR_CONNECTION_REFUSED @ http://localhost:8099/stream:0
[222838565ms] [ERROR] Failed to load resource: net::ERR_CONNECTION_REFUSED @ http://localhost:8099/stream:0
[222841569ms] [ERROR] Failed to load resource: net::ERR_CONNECTION_REFUSED @ http://localhost:8099/stream:0
[222844573ms] [ERROR] Failed to load resource: net::ERR_CONNECTION_REFUSED @ http://localhost:8099/stream:0
[222847579ms] [ERROR] Failed to load resource: net::ERR_CONNECTION_REFUSED @ http://localhost:8099/stream:0
[222850583ms] [ERROR] Failed to load resource: net::ERR_CONNECTION_REFUSED @ http://localhost:8099/stream:0
[222853587ms] [ERROR] Failed to load resource: net::ERR_CONNECTION_REFUSED @ http://localhost:8099/stream:0
[222856591ms] [ERROR] Failed to load resource: net::ERR_CONNECTION_REFUSED @ http://localhost:8099/stream:0
[222859596ms] [ERROR] Failed to load resource: net::ERR_CONNECTION_REFUSED @ http://localhost:8099/stream:0
[222862600ms] [ERROR] Failed to load resource: net::ERR_CONNECTION_REFUSED @ http://localhost:8099/stream:0
[222865604ms] [ERROR] Failed to load resource: net::ERR_CONNECTION_REFUSED @ http://localhost:8099/stream:0
[222868609ms] [ERROR] Failed to load resource: net::ERR_CONNECTION_REFUSED @ http://localhost:8099/stream:0
[222871700ms] [ERROR] Failed to load resource: net::ERR_CONNECTION_REFUSED @ http://localhost:8099/stream:0
[222874714ms] [ERROR] Failed to load resource: net::ERR_CONNECTION_REFUSED @ http://localhost:8099/stream:0
[222877730ms] [ERROR] Failed to load resource: net::ERR_CONNECTION_REFUSED @ http://localhost:8099/stream:0
[222880736ms] [ERROR] Failed to load resource: net::ERR_CONNECTION_REFUSED @ http://localhost:8099/stream:0
[222883742ms] [ERROR] Failed to load resource: net::ERR_CONNECTION_REFUSED @ http://localhost:8099/stream:0
[222886746ms] [ERROR] Failed to load resource: net::ERR_CONNECTION_REFUSED @ http://localhost:8099/stream:0
[222889749ms] [ERROR] Failed to load resource: net::ERR_CONNECTION_REFUSED @ http://localhost:8099/stream:0
[222892758ms] [ERROR] Failed to load resource: net::ERR_CONNECTION_REFUSED @ http://localhost:8099/stream:0
[222895768ms] [ERROR] Failed to load resource: net::ERR_CONNECTION_REFUSED @ http://localhost:8099/stream:0
[222898780ms] [ERROR] Failed to load resource: net::ERR_CONNECTION_REFUSED @ http://localhost:8099/stream:0
[222901782ms] [ERROR] Failed to load resource: net::ERR_CONNECTION_REFUSED @ http://localhost:8099/stream:0
[222904786ms] [ERROR] Failed to load resource: net::ERR_CONNECTION_REFUSED @ http://localhost:8099/stream:0
[222907790ms] [ERROR] Failed to load resource: net::ERR_CONNECTION_REFUSED @ http://localhost:8099/stream:0
[222910795ms] [ERROR] Failed to load resource: net::ERR_CONNECTION_REFUSED @ http://localhost:8099/stream:0
[222913798ms] [ERROR] Failed to load resource: net::ERR_CONNECTION_REFUSED @ http://localhost:8099/stream:0
[222916805ms] [ERROR] Failed to load resource: net::ERR_CONNECTION_REFUSED @ http://localhost:8099/stream:0
[222919815ms] [ERROR] Failed to load resource: net::ERR_CONNECTION_REFUSED @ http://localhost:8099/stream:0
[222922821ms] [ERROR] Failed to load resource: net::ERR_CONNECTION_REFUSED @ http://localhost:8099/stream:0
[222925827ms] [ERROR] Failed to load resource: net::ERR_CONNECTION_REFUSED @ http://localhost:8099/stream:0
[222928837ms] [ERROR] Failed to load resource: net::ERR_CONNECTION_REFUSED @ http://localhost:8099/stream:0
[222931842ms] [ERROR] Failed to load resource: net::ERR_CONNECTION_REFUSED @ http://localhost:8099/stream:0
[222934847ms] [ERROR] Failed to load resource: net::ERR_CONNECTION_REFUSED @ http://localhost:8099/stream:0
[222937856ms] [ERROR] Failed to load resource: net::ERR_CONNECTION_REFUSED @ http://localhost:8099/stream:0
[222940859ms] [ERROR] Failed to load resource: net::ERR_CONNECTION_REFUSED @ http://localhost:8099/stream:0
[222943864ms] [ERROR] Failed to load resource: net::ERR_CONNECTION_REFUSED @ http://localhost:8099/stream:0
[222946868ms] [ERROR] Failed to load resource: net::ERR_CONNECTION_REFUSED @ http://localhost:8099/stream:0
[222949874ms] [ERROR] Failed to load resource: net::ERR_CONNECTION_REFUSED @ http://localhost:8099/stream:0
[222952882ms] [ERROR] Failed to load resource: net::ERR_CONNECTION_REFUSED @ http://localhost:8099/stream:0
[222955886ms] [ERROR] Failed to load resource: net::ERR_CONNECTION_REFUSED @ http://localhost:8099/stream:0
[222958889ms] [ERROR] Failed to load resource: net::ERR_CONNECTION_REFUSED @ http://localhost:8099/stream:0
[222961893ms] [ERROR] Failed to load resource: net::ERR_CONNECTION_REFUSED @ http://localhost:8099/stream:0
[222964895ms] [ERROR] Failed to load resource: net::ERR_CONNECTION_REFUSED @ http://localhost:8099/stream:0
[222967901ms] [ERROR] Failed to load resource: net::ERR_CONNECTION_REFUSED @ http://localhost:8099/stream:0
[222970904ms] [ERROR] Failed to load resource: net::ERR_CONNECTION_REFUSED @ http://localhost:8099/stream:0
[222973911ms] [ERROR] Failed to load resource: net::ERR_CONNECTION_REFUSED @ http://localhost:8099/stream:0
[222976914ms] [ERROR] Failed to load resource: net::ERR_CONNECTION_REFUSED @ http://localhost:8099/stream:0
[222979921ms] [ERROR] Failed to load resource: net::ERR_CONNECTION_REFUSED @ http://localhost:8099/stream:0
[222982926ms] [ERROR] Failed to load resource: net::ERR_CONNECTION_REFUSED @ http://localhost:8099/stream:0
[222985929ms] [ERROR] Failed to load resource: net::ERR_CONNECTION_REFUSED @ http://localhost:8099/stream:0
[222988934ms] [ERROR] Failed to load resource: net::ERR_CONNECTION_REFUSED @ http://localhost:8099/stream:0
[222991938ms] [ERROR] Failed to load resource: net::ERR_CONNECTION_REFUSED @ http://localhost:8099/stream:0
[222994942ms] [ERROR] Failed to load resource: net::ERR_CONNECTION_REFUSED @ http://localhost:8099/stream:0
[222997947ms] [ERROR] Failed to load resource: net::ERR_CONNECTION_REFUSED @ http://localhost:8099/stream:0
[223001009ms] [ERROR] Failed to load resource: net::ERR_CONNECTION_REFUSED @ http://localhost:8099/stream:0
[223004011ms] [ERROR] Failed to load resource: net::ERR_CONNECTION_REFUSED @ http://localhost:8099/stream:0
[223007016ms] [ERROR] Failed to load resource: net::ERR_CONNECTION_REFUSED @ http://localhost:8099/stream:0
[223010020ms] [ERROR] Failed to load resource: net::ERR_CONNECTION_REFUSED @ http://localhost:8099/stream:0
[223013025ms] [ERROR] Failed to load resource: net::ERR_CONNECTION_REFUSED @ http://localhost:8099/stream:0
[223016030ms] [ERROR] Failed to load resource: net::ERR_CONNECTION_REFUSED @ http://localhost:8099/stream:0
[223019033ms] [ERROR] Failed to load resource: net::ERR_CONNECTION_REFUSED @ http://localhost:8099/stream:0
[223022039ms] [ERROR] Failed to load resource: net::ERR_CONNECTION_REFUSED @ http://localhost:8099/stream:0
[223025044ms] [ERROR] Failed to load resource: net::ERR_CONNECTION_REFUSED @ http://localhost:8099/stream:0
[223028049ms] [ERROR] Failed to load resource: net::ERR_CONNECTION_REFUSED @ http://localhost:8099/stream:0
[223031054ms] [ERROR] Failed to load resource: net::ERR_CONNECTION_REFUSED @ http://localhost:8099/stream:0
[223034058ms] [ERROR] Failed to load resource: net::ERR_CONNECTION_REFUSED @ http://localhost:8099/stream:0
[223037062ms] [ERROR] Failed to load resource: net::ERR_CONNECTION_REFUSED @ http://localhost:8099/stream:0
[223040067ms] [ERROR] Failed to load resource: net::ERR_CONNECTION_REFUSED @ http://localhost:8099/stream:0
[223043071ms] [ERROR] Failed to load resource: net::ERR_CONNECTION_REFUSED @ http://localhost:8099/stream:0
[223046076ms] [ERROR] Failed to load resource: net::ERR_CONNECTION_REFUSED @ http://localhost:8099/stream:0
[223049081ms] [ERROR] Failed to load resource: net::ERR_CONNECTION_REFUSED @ http://localhost:8099/stream:0
[223052086ms] [ERROR] Failed to load resource: net::ERR_CONNECTION_REFUSED @ http://localhost:8099/stream:0
[223055091ms] [ERROR] Failed to load resource: net::ERR_CONNECTION_REFUSED @ http://localhost:8099/stream:0
[223058096ms] [ERROR] Failed to load resource: net::ERR_CONNECTION_REFUSED @ http://localhost:8099/stream:0
[223061101ms] [ERROR] Failed to load resource: net::ERR_CONNECTION_REFUSED @ http://localhost:8099/stream:0
[223064105ms] [ERROR] Failed to load resource: net::ERR_CONNECTION_REFUSED @ http://localhost:8099/stream:0
[223067109ms] [ERROR] Failed to load resource: net::ERR_CONNECTION_REFUSED @ http://localhost:8099/stream:0
[223070113ms] [ERROR] Failed to load resource: net::ERR_CONNECTION_REFUSED @ http://localhost:8099/stream:0
[223073119ms] [ERROR] Failed to load resource: net::ERR_CONNECTION_REFUSED @ http://localhost:8099/stream:0
[223076124ms] [ERROR] Failed to load resource: net::ERR_CONNECTION_REFUSED @ http://localhost:8099/stream:0
[223079129ms] [ERROR] Failed to load resource: net::ERR_CONNECTION_REFUSED @ http://localhost:8099/stream:0
[223082133ms] [ERROR] Failed to load resource: net::ERR_CONNECTION_REFUSED @ http://localhost:8099/stream:0
[223085137ms] [ERROR] Failed to load resource: net::ERR_CONNECTION_REFUSED @ http://localhost:8099/stream:0
[223088142ms] [ERROR] Failed to load resource: net::ERR_CONNECTION_REFUSED @ http://localhost:8099/stream:0
[223091146ms] [ERROR] Failed to load resource: net::ERR_CONNECTION_REFUSED @ http://localhost:8099/stream:0
[223094151ms] [ERROR] Failed to load resource: net::ERR_CONNECTION_REFUSED @ http://localhost:8099/stream:0
[223097156ms] [ERROR] Failed to load resource: net::ERR_CONNECTION_REFUSED @ http://localhost:8099/stream:0
[223100160ms] [ERROR] Failed to load resource: net::ERR_CONNECTION_REFUSED @ http://localhost:8099/stream:0
[223103166ms] [ERROR] Failed to load resource: net::ERR_CONNECTION_REFUSED @ http://localhost:8099/stream:0
[223106170ms] [ERROR] Failed to load resource: net::ERR_CONNECTION_REFUSED @ http://localhost:8099/stream:0
[223109175ms] [ERROR] Failed to load resource: net::ERR_CONNECTION_REFUSED @ http://localhost:8099/stream:0
[223112180ms] [ERROR] Failed to load resource: net::ERR_CONNECTION_REFUSED @ http://localhost:8099/stream:0
[223115186ms] [ERROR] Failed to load resource: net::ERR_CONNECTION_REFUSED @ http://localhost:8099/stream:0
[223118189ms] [ERROR] Failed to load resource: net::ERR_CONNECTION_REFUSED @ http://localhost:8099/stream:0
[223121194ms] [ERROR] Failed to load resource: net::ERR_CONNECTION_REFUSED @ http://localhost:8099/stream:0
[223124199ms] [ERROR] Failed to load resource: net::ERR_CONNECTION_REFUSED @ http://localhost:8099/stream:0
[223127203ms] [ERROR] Failed to load resource: net::ERR_CONNECTION_REFUSED @ http://localhost:8099/stream:0
[223130207ms] [ERROR] Failed to load resource: net::ERR_CONNECTION_REFUSED @ http://localhost:8099/stream:0
[223133211ms] [ERROR] Failed to load resource: net::ERR_CONNECTION_REFUSED @ http://localhost:8099/stream:0
[223136216ms] [ERROR] Failed to load resource: net::ERR_CONNECTION_REFUSED @ http://localhost:8099/stream:0
[223139220ms] [ERROR] Failed to load resource: net::ERR_CONNECTION_REFUSED @ http://localhost:8099/stream:0
[223142282ms] [ERROR] Failed to load resource: net::ERR_CONNECTION_REFUSED @ http://localhost:8099/stream:0
[223145283ms] [ERROR] Failed to load resource: net::ERR_CONNECTION_REFUSED @ http://localhost:8099/stream:0
[223148287ms] [ERROR] Failed to load resource: net::ERR_CONNECTION_REFUSED @ http://localhost:8099/stream:0
[223151292ms] [ERROR] Failed to load resource: net::ERR_CONNECTION_REFUSED @ http://localhost:8099/stream:0
[223154298ms] [ERROR] Failed to load resource: net::ERR_CONNECTION_REFUSED @ http://localhost:8099/stream:0
[223157301ms] [ERROR] Failed to load resource: net::ERR_CONNECTION_REFUSED @ http://localhost:8099/stream:0
[223160309ms] [ERROR] Failed to load resource: net::ERR_CONNECTION_REFUSED @ http://localhost:8099/stream:0
[223163314ms] [ERROR] Failed to load resource: net::ERR_CONNECTION_REFUSED @ http://localhost:8099/stream:0
[223166318ms] [ERROR] Failed to load resource: net::ERR_CONNECTION_REFUSED @ http://localhost:8099/stream:0
[223169327ms] [ERROR] Failed to load resource: net::ERR_CONNECTION_REFUSED @ http://localhost:8099/stream:0
[223172331ms] [ERROR] Failed to load resource: net::ERR_CONNECTION_REFUSED @ http://localhost:8099/stream:0
[223175335ms] [ERROR] Failed to load resource: net::ERR_CONNECTION_REFUSED @ http://localhost:8099/stream:0
[223178340ms] [ERROR] Failed to load resource: net::ERR_CONNECTION_REFUSED @ http://localhost:8099/stream:0
[223181345ms] [ERROR] Failed to load resource: net::ERR_CONNECTION_REFUSED @ http://localhost:8099/stream:0
[223184349ms] [ERROR] Failed to load resource: net::ERR_CONNECTION_REFUSED @ http://localhost:8099/stream:0
[223187353ms] [ERROR] Failed to load resource: net::ERR_CONNECTION_REFUSED @ http://localhost:8099/stream:0
[223190357ms] [ERROR] Failed to load resource: net::ERR_CONNECTION_REFUSED @ http://localhost:8099/stream:0
[223193361ms] [ERROR] Failed to load resource: net::ERR_CONNECTION_REFUSED @ http://localhost:8099/stream:0
[223196366ms] [ERROR] Failed to load resource: net::ERR_CONNECTION_REFUSED @ http://localhost:8099/stream:0
[223199370ms] [ERROR] Failed to load resource: net::ERR_CONNECTION_REFUSED @ http://localhost:8099/stream:0
[223202373ms] [ERROR] Failed to load resource: net::ERR_CONNECTION_REFUSED @ http://localhost:8099/stream:0
[223205379ms] [ERROR] Failed to load resource: net::ERR_CONNECTION_REFUSED @ http://localhost:8099/stream:0
[223208383ms] [ERROR] Failed to load resource: net::ERR_CONNECTION_REFUSED @ http://localhost:8099/stream:0
[223211388ms] [ERROR] Failed to load resource: net::ERR_CONNECTION_REFUSED @ http://localhost:8099/stream:0
[223214392ms] [ERROR] Failed to load resource: net::ERR_CONNECTION_REFUSED @ http://localhost:8099/stream:0
[223217397ms] [ERROR] Failed to load resource: net::ERR_CONNECTION_REFUSED @ http://localhost:8099/stream:0
[223220401ms] [ERROR] Failed to load resource: net::ERR_CONNECTION_REFUSED @ http://localhost:8099/stream:0
[223223406ms] [ERROR] Failed to load resource: net::ERR_CONNECTION_REFUSED @ http://localhost:8099/stream:0
[223226410ms] [ERROR] Failed to load resource: net::ERR_CONNECTION_REFUSED @ http://localhost:8099/stream:0
[223229414ms] [ERROR] Failed to load resource: net::ERR_CONNECTION_REFUSED @ http://localhost:8099/stream:0
[223232419ms] [ERROR] Failed to load resource: net::ERR_CONNECTION_REFUSED @ http://localhost:8099/stream:0
[223235424ms] [ERROR] Failed to load resource: net::ERR_CONNECTION_REFUSED @ http://localhost:8099/stream:0
[223238427ms] [ERROR] Failed to load resource: net::ERR_CONNECTION_REFUSED @ http://localhost:8099/stream:0
[223241429ms] [ERROR] Failed to load resource: net::ERR_CONNECTION_REFUSED @ http://localhost:8099/stream:0
[223244434ms] [ERROR] Failed to load resource: net::ERR_CONNECTION_REFUSED @ http://localhost:8099/stream:0
[223247438ms] [ERROR] Failed to load resource: net::ERR_CONNECTION_REFUSED @ http://localhost:8099/stream:0
[223250444ms] [ERROR] Failed to load resource: net::ERR_CONNECTION_REFUSED @ http://localhost:8099/stream:0
[223253448ms] [ERROR] Failed to load resource: net::ERR_CONNECTION_REFUSED @ http://localhost:8099/stream:0
[223256453ms] [ERROR] Failed to load resource: net::ERR_CONNECTION_REFUSED @ http://localhost:8099/stream:0
[223259458ms] [ERROR] Failed to load resource: net::ERR_CONNECTION_REFUSED @ http://localhost:8099/stream:0
[223262464ms] [ERROR] Failed to load resource: net::ERR_CONNECTION_REFUSED @ http://localhost:8099/stream:0
[223265468ms] [ERROR] Failed to load resource: net::ERR_CONNECTION_REFUSED @ http://localhost:8099/stream:0
[223268473ms] [ERROR] Failed to load resource: net::ERR_CONNECTION_REFUSED @ http://localhost:8099/stream:0
[223271477ms] [ERROR] Failed to load resource: net::ERR_CONNECTION_REFUSED @ http://localhost:8099/stream:0
[223274482ms] [ERROR] Failed to load resource: net::ERR_CONNECTION_REFUSED @ http://localhost:8099/stream:0
[223277485ms] [ERROR] Failed to load resource: net::ERR_CONNECTION_REFUSED @ http://localhost:8099/stream:0
[223280489ms] [ERROR] Failed to load resource: net::ERR_CONNECTION_REFUSED @ http://localhost:8099/stream:0
[223283493ms] [ERROR] Failed to load resource: net::ERR_CONNECTION_REFUSED @ http://localhost:8099/stream:0
[223286497ms] [ERROR] Failed to load resource: net::ERR_CONNECTION_REFUSED @ http://localhost:8099/stream:0
[223289501ms] [ERROR] Failed to load resource: net::ERR_CONNECTION_REFUSED @ http://localhost:8099/stream:0
[223292506ms] [ERROR] Failed to load resource: net::ERR_CONNECTION_REFUSED @ http://localhost:8099/stream:0
[223295510ms] [ERROR] Failed to load resource: net::ERR_CONNECTION_REFUSED @ http://localhost:8099/stream:0
[223298515ms] [ERROR] Failed to load resource: net::ERR_CONNECTION_REFUSED @ http://localhost:8099/stream:0
[223301520ms] [ERROR] Failed to load resource: net::ERR_CONNECTION_REFUSED @ http://localhost:8099/stream:0
[223304524ms] [ERROR] Failed to load resource: net::ERR_CONNECTION_REFUSED @ http://localhost:8099/stream:0
[223307529ms] [ERROR] Failed to load resource: net::ERR_CONNECTION_REFUSED @ http://localhost:8099/stream:0
[223310534ms] [ERROR] Failed to load resource: net::ERR_CONNECTION_REFUSED @ http://localhost:8099/stream:0
[223313538ms] [ERROR] Failed to load resource: net::ERR_CONNECTION_REFUSED @ http://localhost:8099/stream:0
[223316543ms] [ERROR] Failed to load resource: net::ERR_CONNECTION_REFUSED @ http://localhost:8099/stream:0
[223319548ms] [ERROR] Failed to load resource: net::ERR_CONNECTION_REFUSED @ http://localhost:8099/stream:0
[223322552ms] [ERROR] Failed to load resource: net::ERR_CONNECTION_REFUSED @ http://localhost:8099/stream:0
[223325556ms] [ERROR] Failed to load resource: net::ERR_CONNECTION_REFUSED @ http://localhost:8099/stream:0
[223328560ms] [ERROR] Failed to load resource: net::ERR_CONNECTION_REFUSED @ http://localhost:8099/stream:0
[223331563ms] [ERROR] Failed to load resource: net::ERR_CONNECTION_REFUSED @ http://localhost:8099/stream:0
[223334568ms] [ERROR] Failed to load resource: net::ERR_CONNECTION_REFUSED @ http://localhost:8099/stream:0
[223337572ms] [ERROR] Failed to load resource: net::ERR_CONNECTION_REFUSED @ http://localhost:8099/stream:0
[223340577ms] [ERROR] Failed to load resource: net::ERR_CONNECTION_REFUSED @ http://localhost:8099/stream:0
[223343582ms] [ERROR] Failed to load resource: net::ERR_CONNECTION_REFUSED @ http://localhost:8099/stream:0
[223346586ms] [ERROR] Failed to load resource: net::ERR_CONNECTION_REFUSED @ http://localhost:8099/stream:0
[223349590ms] [ERROR] Failed to load resource: net::ERR_CONNECTION_REFUSED @ http://localhost:8099/stream:0
[223352594ms] [ERROR] Failed to load resource: net::ERR_CONNECTION_REFUSED @ http://localhost:8099/stream:0
[223355598ms] [ERROR] Failed to load resource: net::ERR_CONNECTION_REFUSED @ http://localhost:8099/stream:0
[223358603ms] [ERROR] Failed to load resource: net::ERR_CONNECTION_REFUSED @ http://localhost:8099/stream:0
[223361608ms] [ERROR] Failed to load resource: net::ERR_CONNECTION_REFUSED @ http://localhost:8099/stream:0
[223364611ms] [ERROR] Failed to load resource: net::ERR_CONNECTION_REFUSED @ http://localhost:8099/stream:0
[223367616ms] [ERROR] Failed to load resource: net::ERR_CONNECTION_REFUSED @ http://localhost:8099/stream:0
[223370621ms] [ERROR] Failed to load resource: net::ERR_CONNECTION_REFUSED @ http://localhost:8099/stream:0
[223373626ms] [ERROR] Failed to load resource: net::ERR_CONNECTION_REFUSED @ http://localhost:8099/stream:0
[223376630ms] [ERROR] Failed to load resource: net::ERR_CONNECTION_REFUSED @ http://localhost:8099/stream:0
[223379635ms] [ERROR] Failed to load resource: net::ERR_CONNECTION_REFUSED @ http://localhost:8099/stream:0
[223382638ms] [ERROR] Failed to load resource: net::ERR_CONNECTION_REFUSED @ http://localhost:8099/stream:0
[223385643ms] [ERROR] Failed to load resource: net::ERR_CONNECTION_REFUSED @ http://localhost:8099/stream:0
[223388648ms] [ERROR] Failed to load resource: net::ERR_CONNECTION_REFUSED @ http://localhost:8099/stream:0
[223391652ms] [ERROR] Failed to load resource: net::ERR_CONNECTION_REFUSED @ http://localhost:8099/stream:0
[223394656ms] [ERROR] Failed to load resource: net::ERR_CONNECTION_REFUSED @ http://localhost:8099/stream:0
[223397659ms] [ERROR] Failed to load resource: net::ERR_CONNECTION_REFUSED @ http://localhost:8099/stream:0
[223400662ms] [ERROR] Failed to load resource: net::ERR_CONNECTION_REFUSED @ http://localhost:8099/stream:0
[223403665ms] [ERROR] Failed to load resource: net::ERR_CONNECTION_REFUSED @ http://localhost:8099/stream:0
[223406670ms] [ERROR] Failed to load resource: net::ERR_CONNECTION_REFUSED @ http://localhost:8099/stream:0
[223409672ms] [ERROR] Failed to load resource: net::ERR_CONNECTION_REFUSED @ http://localhost:8099/stream:0
[223412676ms] [ERROR] Failed to load resource: net::ERR_CONNECTION_REFUSED @ http://localhost:8099/stream:0
[223415680ms] [ERROR] Failed to load resource: net::ERR_CONNECTION_REFUSED @ http://localhost:8099/stream:0
[223418683ms] [ERROR] Failed to load resource: net::ERR_CONNECTION_REFUSED @ http://localhost:8099/stream:0
[223421686ms] [ERROR] Failed to load resource: net::ERR_CONNECTION_REFUSED @ http://localhost:8099/stream:0
[223424689ms] [ERROR] Failed to load resource: net::ERR_CONNECTION_REFUSED @ http://localhost:8099/stream:0
[223427692ms] [ERROR] Failed to load resource: net::ERR_CONNECTION_REFUSED @ http://localhost:8099/stream:0
[223430695ms] [ERROR] Failed to load resource: net::ERR_CONNECTION_REFUSED @ http://localhost:8099/stream:0
[223433698ms] [ERROR] Failed to load resource: net::ERR_CONNECTION_REFUSED @ http://localhost:8099/stream:0
[223436702ms] [ERROR] Failed to load resource: net::ERR_CONNECTION_REFUSED @ http://localhost:8099/stream:0
[223439706ms] [ERROR] Failed to load resource: net::ERR_CONNECTION_REFUSED @ http://localhost:8099/stream:0
[223442710ms] [ERROR] Failed to load resource: net::ERR_CONNECTION_REFUSED @ http://localhost:8099/stream:0
[223445714ms] [ERROR] Failed to load resource: net::ERR_CONNECTION_REFUSED @ http://localhost:8099/stream:0
[223448719ms] [ERROR] Failed to load resource: net::ERR_CONNECTION_REFUSED @ http://localhost:8099/stream:0
[223451723ms] [ERROR] Failed to load resource: net::ERR_CONNECTION_REFUSED @ http://localhost:8099/stream:0
[223454728ms] [ERROR] Failed to load resource: net::ERR_CONNECTION_REFUSED @ http://localhost:8099/stream:0
[223457732ms] [ERROR] Failed to load resource: net::ERR_CONNECTION_REFUSED @ http://localhost:8099/stream:0
[223460738ms] [ERROR] Failed to load resource: net::ERR_CONNECTION_REFUSED @ http://localhost:8099/stream:0
[223463743ms] [ERROR] Failed to load resource: net::ERR_CONNECTION_REFUSED @ http://localhost:8099/stream:0
[223466747ms] [ERROR] Failed to load resource: net::ERR_CONNECTION_REFUSED @ http://localhost:8099/stream:0
[223469751ms] [ERROR] Failed to load resource: net::ERR_CONNECTION_REFUSED @ http://localhost:8099/stream:0
[223472756ms] [ERROR] Failed to load resource: net::ERR_CONNECTION_REFUSED @ http://localhost:8099/stream:0
[223475759ms] [ERROR] Failed to load resource: net::ERR_CONNECTION_REFUSED @ http://localhost:8099/stream:0
[223478763ms] [ERROR] Failed to load resource: net::ERR_CONNECTION_REFUSED @ http://localhost:8099/stream:0
[223481768ms] [ERROR] Failed to load resource: net::ERR_CONNECTION_REFUSED @ http://localhost:8099/stream:0
[223484773ms] [ERROR] Failed to load resource: net::ERR_CONNECTION_REFUSED @ http://localhost:8099/stream:0
[223487779ms] [ERROR] Failed to load resource: net::ERR_CONNECTION_REFUSED @ http://localhost:8099/stream:0
[223490783ms] [ERROR] Failed to load resource: net::ERR_CONNECTION_REFUSED @ http://localhost:8099/stream:0
[223493788ms] [ERROR] Failed to load resource: net::ERR_CONNECTION_REFUSED @ http://localhost:8099/stream:0
[223496792ms] [ERROR] Failed to load resource: net::ERR_CONNECTION_REFUSED @ http://localhost:8099/stream:0
[223499796ms] [ERROR] Failed to load resource: net::ERR_CONNECTION_REFUSED @ http://localhost:8099/stream:0
[223502801ms] [ERROR] Failed to load resource: net::ERR_CONNECTION_REFUSED @ http://localhost:8099/stream:0
[223505806ms] [ERROR] Failed to load resource: net::ERR_CONNECTION_REFUSED @ http://localhost:8099/stream:0
[223508809ms] [ERROR] Failed to load resource: net::ERR_CONNECTION_REFUSED @ http://localhost:8099/stream:0
[223511814ms] [ERROR] Failed to load resource: net::ERR_CONNECTION_REFUSED @ http://localhost:8099/stream:0
[223514819ms] [ERROR] Failed to load resource: net::ERR_CONNECTION_REFUSED @ http://localhost:8099/stream:0
[223517823ms] [ERROR] Failed to load resource: net::ERR_CONNECTION_REFUSED @ http://localhost:8099/stream:0
[223520827ms] [ERROR] Failed to load resource: net::ERR_CONNECTION_REFUSED @ http://localhost:8099/stream:0
[223523832ms] [ERROR] Failed to load resource: net::ERR_CONNECTION_REFUSED @ http://localhost:8099/stream:0
[223526836ms] [ERROR] Failed to load resource: net::ERR_CONNECTION_REFUSED @ http://localhost:8099/stream:0
[223529840ms] [ERROR] Failed to load resource: net::ERR_CONNECTION_REFUSED @ http://localhost:8099/stream:0
[223532845ms] [ERROR] Failed to load resource: net::ERR_CONNECTION_REFUSED @ http://localhost:8099/stream:0
[223535848ms] [ERROR] Failed to load resource: net::ERR_CONNECTION_REFUSED @ http://localhost:8099/stream:0
[223538854ms] [ERROR] Failed to load resource: net::ERR_CONNECTION_REFUSED @ http://localhost:8099/stream:0
[223541858ms] [ERROR] Failed to load resource: net::ERR_CONNECTION_REFUSED @ http://localhost:8099/stream:0
[223544863ms] [ERROR] Failed to load resource: net::ERR_CONNECTION_REFUSED @ http://localhost:8099/stream:0
[223547867ms] [ERROR] Failed to load resource: net::ERR_CONNECTION_REFUSED @ http://localhost:8099/stream:0
[223550872ms] [ERROR] Failed to load resource: net::ERR_CONNECTION_REFUSED @ http://localhost:8099/stream:0
[223553878ms] [ERROR] Failed to load resource: net::ERR_CONNECTION_REFUSED @ http://localhost:8099/stream:0
[223556882ms] [ERROR] Failed to load resource: net::ERR_CONNECTION_REFUSED @ http://localhost:8099/stream:0
[223559887ms] [ERROR] Failed to load resource: net::ERR_CONNECTION_REFUSED @ http://localhost:8099/stream:0
[223562893ms] [ERROR] Failed to load resource: net::ERR_CONNECTION_REFUSED @ http://localhost:8099/stream:0
[223565898ms] [ERROR] Failed to load resource: net::ERR_CONNECTION_REFUSED @ http://localhost:8099/stream:0
[223568901ms] [ERROR] Failed to load resource: net::ERR_CONNECTION_REFUSED @ http://localhost:8099/stream:0
[223571905ms] [ERROR] Failed to load resource: net::ERR_CONNECTION_REFUSED @ http://localhost:8099/stream:0
[223574910ms] [ERROR] Failed to load resource: net::ERR_CONNECTION_REFUSED @ http://localhost:8099/stream:0
[223577916ms] [ERROR] Failed to load resource: net::ERR_CONNECTION_REFUSED @ http://localhost:8099/stream:0
[223580922ms] [ERROR] Failed to load resource: net::ERR_CONNECTION_REFUSED @ http://localhost:8099/stream:0
[223583926ms] [ERROR] Failed to load resource: net::ERR_CONNECTION_REFUSED @ http://localhost:8099/stream:0
[223586931ms] [ERROR] Failed to load resource: net::ERR_CONNECTION_REFUSED @ http://localhost:8099/stream:0
[223589936ms] [ERROR] Failed to load resource: net::ERR_CONNECTION_REFUSED @ http://localhost:8099/stream:0
[223592939ms] [ERROR] Failed to load resource: net::ERR_CONNECTION_REFUSED @ http://localhost:8099/stream:0
[223595944ms] [ERROR] Failed to load resource: net::ERR_CONNECTION_REFUSED @ http://localhost:8099/stream:0
[223598949ms] [ERROR] Failed to load resource: net::ERR_CONNECTION_REFUSED @ http://localhost:8099/stream:0
[223601952ms] [ERROR] Failed to load resource: net::ERR_CONNECTION_REFUSED @ http://localhost:8099/stream:0
[223604957ms] [ERROR] Failed to load resource: net::ERR_CONNECTION_REFUSED @ http://localhost:8099/stream:0
[223607960ms] [ERROR] Failed to load resource: net::ERR_CONNECTION_REFUSED @ http://localhost:8099/stream:0
[223611003ms] [ERROR] Failed to load resource: net::ERR_CONNECTION_REFUSED @ http://localhost:8099/stream:0
[223614007ms] [ERROR] Failed to load resource: net::ERR_CONNECTION_REFUSED @ http://localhost:8099/stream:0
[223617013ms] [ERROR] Failed to load resource: net::ERR_CONNECTION_REFUSED @ http://localhost:8099/stream:0
[223620017ms] [ERROR] Failed to load resource: net::ERR_CONNECTION_REFUSED @ http://localhost:8099/stream:0
[223623020ms] [ERROR] Failed to load resource: net::ERR_CONNECTION_REFUSED @ http://localhost:8099/stream:0
[223626025ms] [ERROR] Failed to load resource: net::ERR_CONNECTION_REFUSED @ http://localhost:8099/stream:0
[223629030ms] [ERROR] Failed to load resource: net::ERR_CONNECTION_REFUSED @ http://localhost:8099/stream:0
[223632035ms] [ERROR] Failed to load resource: net::ERR_CONNECTION_REFUSED @ http://localhost:8099/stream:0
[223635038ms] [ERROR] Failed to load resource: net::ERR_CONNECTION_REFUSED @ http://localhost:8099/stream:0
[223638043ms] [ERROR] Failed to load resource: net::ERR_CONNECTION_REFUSED @ http://localhost:8099/stream:0
[223641046ms] [ERROR] Failed to load resource: net::ERR_CONNECTION_REFUSED @ http://localhost:8099/stream:0
[223644051ms] [ERROR] Failed to load resource: net::ERR_CONNECTION_REFUSED @ http://localhost:8099/stream:0
[223647057ms] [ERROR] Failed to load resource: net::ERR_CONNECTION_REFUSED @ http://localhost:8099/stream:0
[223650061ms] [ERROR] Failed to load resource: net::ERR_CONNECTION_REFUSED @ http://localhost:8099/stream:0
[223653066ms] [ERROR] Failed to load resource: net::ERR_CONNECTION_REFUSED @ http://localhost:8099/stream:0
[223656069ms] [ERROR] Failed to load resource: net::ERR_CONNECTION_REFUSED @ http://localhost:8099/stream:0
[223659073ms] [ERROR] Failed to load resource: net::ERR_CONNECTION_REFUSED @ http://localhost:8099/stream:0
[223662077ms] [ERROR] Failed to load resource: net::ERR_CONNECTION_REFUSED @ http://localhost:8099/stream:0
[223665082ms] [ERROR] Failed to load resource: net::ERR_CONNECTION_REFUSED @ http://localhost:8099/stream:0
[223668087ms] [ERROR] Failed to load resource: net::ERR_CONNECTION_REFUSED @ http://localhost:8099/stream:0
[223671091ms] [ERROR] Failed to load resource: net::ERR_CONNECTION_REFUSED @ http://localhost:8099/stream:0
[223674096ms] [ERROR] Failed to load resource: net::ERR_CONNECTION_REFUSED @ http://localhost:8099/stream:0
[223677099ms] [ERROR] Failed to load resource: net::ERR_CONNECTION_REFUSED @ http://localhost:8099/stream:0
[223680104ms] [ERROR] Failed to load resource: net::ERR_CONNECTION_REFUSED @ http://localhost:8099/stream:0
[223683108ms] [ERROR] Failed to load resource: net::ERR_CONNECTION_REFUSED @ http://localhost:8099/stream:0
[223686113ms] [ERROR] Failed to load resource: net::ERR_CONNECTION_REFUSED @ http://localhost:8099/stream:0
[223689118ms] [ERROR] Failed to load resource: net::ERR_CONNECTION_REFUSED @ http://localhost:8099/stream:0
[223692123ms] [ERROR] Failed to load resource: net::ERR_CONNECTION_REFUSED @ http://localhost:8099/stream:0
[223695127ms] [ERROR] Failed to load resource: net::ERR_CONNECTION_REFUSED @ http://localhost:8099/stream:0
[223698131ms] [ERROR] Failed to load resource: net::ERR_CONNECTION_REFUSED @ http://localhost:8099/stream:0
[223701136ms] [ERROR] Failed to load resource: net::ERR_CONNECTION_REFUSED @ http://localhost:8099/stream:0
[223704141ms] [ERROR] Failed to load resource: net::ERR_CONNECTION_REFUSED @ http://localhost:8099/stream:0
[223707146ms] [ERROR] Failed to load resource: net::ERR_CONNECTION_REFUSED @ http://localhost:8099/stream:0
[223710150ms] [ERROR] Failed to load resource: net::ERR_CONNECTION_REFUSED @ http://localhost:8099/stream:0
[223713155ms] [ERROR] Failed to load resource: net::ERR_CONNECTION_REFUSED @ http://localhost:8099/stream:0
[223716159ms] [ERROR] Failed to load resource: net::ERR_CONNECTION_REFUSED @ http://localhost:8099/stream:0
[223719164ms] [ERROR] Failed to load resource: net::ERR_CONNECTION_REFUSED @ http://localhost:8099/stream:0
[223722168ms] [ERROR] Failed to load resource: net::ERR_CONNECTION_REFUSED @ http://localhost:8099/stream:0
[223725172ms] [ERROR] Failed to load resource: net::ERR_CONNECTION_REFUSED @ http://localhost:8099/stream:0
[223728177ms] [ERROR] Failed to load resource: net::ERR_CONNECTION_REFUSED @ http://localhost:8099/stream:0
[223731181ms] [ERROR] Failed to load resource: net::ERR_CONNECTION_REFUSED @ http://localhost:8099/stream:0
[223734186ms] [ERROR] Failed to load resource: net::ERR_CONNECTION_REFUSED @ http://localhost:8099/stream:0
[223737190ms] [ERROR] Failed to load resource: net::ERR_CONNECTION_REFUSED @ http://localhost:8099/stream:0
[223740194ms] [ERROR] Failed to load resource: net::ERR_CONNECTION_REFUSED @ http://localhost:8099/stream:0
[223743198ms] [ERROR] Failed to load resource: net::ERR_CONNECTION_REFUSED @ http://localhost:8099/stream:0
[223746203ms] [ERROR] Failed to load resource: net::ERR_CONNECTION_REFUSED @ http://localhost:8099/stream:0
[223749208ms] [ERROR] Failed to load resource: net::ERR_CONNECTION_REFUSED @ http://localhost:8099/stream:0
[223752214ms] [ERROR] Failed to load resource: net::ERR_CONNECTION_REFUSED @ http://localhost:8099/stream:0
[223755219ms] [ERROR] Failed to load resource: net::ERR_CONNECTION_REFUSED @ http://localhost:8099/stream:0
[223758224ms] [ERROR] Failed to load resource: net::ERR_CONNECTION_REFUSED @ http://localhost:8099/stream:0
[223761227ms] [ERROR] Failed to load resource: net::ERR_CONNECTION_REFUSED @ http://localhost:8099/stream:0
[223764232ms] [ERROR] Failed to load resource: net::ERR_CONNECTION_REFUSED @ http://localhost:8099/stream:0
[223767237ms] [ERROR] Failed to load resource: net::ERR_CONNECTION_REFUSED @ http://localhost:8099/stream:0
[223770241ms] [ERROR] Failed to load resource: net::ERR_CONNECTION_REFUSED @ http://localhost:8099/stream:0
[223773247ms] [ERROR] Failed to load resource: net::ERR_CONNECTION_REFUSED @ http://localhost:8099/stream:0
[223776252ms] [ERROR] Failed to load resource: net::ERR_CONNECTION_REFUSED @ http://localhost:8099/stream:0
[223779256ms] [ERROR] Failed to load resource: net::ERR_CONNECTION_REFUSED @ http://localhost:8099/stream:0
[223782261ms] [ERROR] Failed to load resource: net::ERR_CONNECTION_REFUSED @ http://localhost:8099/stream:0
[223785265ms] [ERROR] Failed to load resource: net::ERR_CONNECTION_REFUSED @ http://localhost:8099/stream:0
[223788270ms] [ERROR] Failed to load resource: net::ERR_CONNECTION_REFUSED @ http://localhost:8099/stream:0
[223791275ms] [ERROR] Failed to load resource: net::ERR_CONNECTION_REFUSED @ http://localhost:8099/stream:0
[223794280ms] [ERROR] Failed to load resource: net::ERR_CONNECTION_REFUSED @ http://localhost:8099/stream:0
[223797285ms] [ERROR] Failed to load resource: net::ERR_CONNECTION_REFUSED @ http://localhost:8099/stream:0
[223800290ms] [ERROR] Failed to load resource: net::ERR_CONNECTION_REFUSED @ http://localhost:8099/stream:0
[223803294ms] [ERROR] Failed to load resource: net::ERR_CONNECTION_REFUSED @ http://localhost:8099/stream:0
[223806299ms] [ERROR] Failed to load resource: net::ERR_CONNECTION_REFUSED @ http://localhost:8099/stream:0
[223809303ms] [ERROR] Failed to load resource: net::ERR_CONNECTION_REFUSED @ http://localhost:8099/stream:0
[223812307ms] [ERROR] Failed to load resource: net::ERR_CONNECTION_REFUSED @ http://localhost:8099/stream:0
[223815312ms] [ERROR] Failed to load resource: net::ERR_CONNECTION_REFUSED @ http://localhost:8099/stream:0
[223818317ms] [ERROR] Failed to load resource: net::ERR_CONNECTION_REFUSED @ http://localhost:8099/stream:0
[223821321ms] [ERROR] Failed to load resource: net::ERR_CONNECTION_REFUSED @ http://localhost:8099/stream:0
[223824326ms] [ERROR] Failed to load resource: net::ERR_CONNECTION_REFUSED @ http://localhost:8099/stream:0
[223827330ms] [ERROR] Failed to load resource: net::ERR_CONNECTION_REFUSED @ http://localhost:8099/stream:0
[223830335ms] [ERROR] Failed to load resource: net::ERR_CONNECTION_REFUSED @ http://localhost:8099/stream:0
[223833339ms] [ERROR] Failed to load resource: net::ERR_CONNECTION_REFUSED @ http://localhost:8099/stream:0
[223836344ms] [ERROR] Failed to load resource: net::ERR_CONNECTION_REFUSED @ http://localhost:8099/stream:0
[223839348ms] [ERROR] Failed to load resource: net::ERR_CONNECTION_REFUSED @ http://localhost:8099/stream:0
[223842353ms] [ERROR] Failed to load resource: net::ERR_CONNECTION_REFUSED @ http://localhost:8099/stream:0
[223845359ms] [ERROR] Failed to load resource: net::ERR_CONNECTION_REFUSED @ http://localhost:8099/stream:0
[223848363ms] [ERROR] Failed to load resource: net::ERR_CONNECTION_REFUSED @ http://localhost:8099/stream:0
[223851368ms] [ERROR] Failed to load resource: net::ERR_CONNECTION_REFUSED @ http://localhost:8099/stream:0
[223854372ms] [ERROR] Failed to load resource: net::ERR_CONNECTION_REFUSED @ http://localhost:8099/stream:0
[223857377ms] [ERROR] Failed to load resource: net::ERR_CONNECTION_REFUSED @ http://localhost:8099/stream:0
[223860382ms] [ERROR] Failed to load resource: net::ERR_CONNECTION_REFUSED @ http://localhost:8099/stream:0
[223863387ms] [ERROR] Failed to load resource: net::ERR_CONNECTION_REFUSED @ http://localhost:8099/stream:0
[223866392ms] [ERROR] Failed to load resource: net::ERR_CONNECTION_REFUSED @ http://localhost:8099/stream:0
[223869396ms] [ERROR] Failed to load resource: net::ERR_CONNECTION_REFUSED @ http://localhost:8099/stream:0
[223872400ms] [ERROR] Failed to load resource: net::ERR_CONNECTION_REFUSED @ http://localhost:8099/stream:0
[223875405ms] [ERROR] Failed to load resource: net::ERR_CONNECTION_REFUSED @ http://localhost:8099/stream:0
[223878410ms] [ERROR] Failed to load resource: net::ERR_CONNECTION_REFUSED @ http://localhost:8099/stream:0
[223881414ms] [ERROR] Failed to load resource: net::ERR_CONNECTION_REFUSED @ http://localhost:8099/stream:0
[223884418ms] [ERROR] Failed to load resource: net::ERR_CONNECTION_REFUSED @ http://localhost:8099/stream:0
[223887422ms] [ERROR] Failed to load resource: net::ERR_CONNECTION_REFUSED @ http://localhost:8099/stream:0
[223890427ms] [ERROR] Failed to load resource: net::ERR_CONNECTION_REFUSED @ http://localhost:8099/stream:0
[223893432ms] [ERROR] Failed to load resource: net::ERR_CONNECTION_REFUSED @ http://localhost:8099/stream:0
[223896436ms] [ERROR] Failed to load resource: net::ERR_CONNECTION_REFUSED @ http://localhost:8099/stream:0
[223899440ms] [ERROR] Failed to load resource: net::ERR_CONNECTION_REFUSED @ http://localhost:8099/stream:0
[223902445ms] [ERROR] Failed to load resource: net::ERR_CONNECTION_REFUSED @ http://localhost:8099/stream:0
[223905450ms] [ERROR] Failed to load resource: net::ERR_CONNECTION_REFUSED @ http://localhost:8099/stream:0
[223908455ms] [ERROR] Failed to load resource: net::ERR_CONNECTION_REFUSED @ http://localhost:8099/stream:0
[223911459ms] [ERROR] Failed to load resource: net::ERR_CONNECTION_REFUSED @ http://localhost:8099/stream:0
[223914463ms] [ERROR] Failed to load resource: net::ERR_CONNECTION_REFUSED @ http://localhost:8099/stream:0
[223917468ms] [ERROR] Failed to load resource: net::ERR_CONNECTION_REFUSED @ http://localhost:8099/stream:0
[223920473ms] [ERROR] Failed to load resource: net::ERR_CONNECTION_REFUSED @ http://localhost:8099/stream:0
[223923477ms] [ERROR] Failed to load resource: net::ERR_CONNECTION_REFUSED @ http://localhost:8099/stream:0
[223926483ms] [ERROR] Failed to load resource: net::ERR_CONNECTION_REFUSED @ http://localhost:8099/stream:0
[223929487ms] [ERROR] Failed to load resource: net::ERR_CONNECTION_REFUSED @ http://localhost:8099/stream:0
[223932491ms] [ERROR] Failed to load resource: net::ERR_CONNECTION_REFUSED @ http://localhost:8099/stream:0
[223935495ms] [ERROR] Failed to load resource: net::ERR_CONNECTION_REFUSED @ http://localhost:8099/stream:0
[223938500ms] [ERROR] Failed to load resource: net::ERR_CONNECTION_REFUSED @ http://localhost:8099/stream:0
[223941505ms] [ERROR] Failed to load resource: net::ERR_CONNECTION_REFUSED @ http://localhost:8099/stream:0
[223944508ms] [ERROR] Failed to load resource: net::ERR_CONNECTION_REFUSED @ http://localhost:8099/stream:0
[223947512ms] [ERROR] Failed to load resource: net::ERR_CONNECTION_REFUSED @ http://localhost:8099/stream:0
[223950518ms] [ERROR] Failed to load resource: net::ERR_CONNECTION_REFUSED @ http://localhost:8099/stream:0
[223953523ms] [ERROR] Failed to load resource: net::ERR_CONNECTION_REFUSED @ http://localhost:8099/stream:0
[223956527ms] [ERROR] Failed to load resource: net::ERR_CONNECTION_REFUSED @ http://localhost:8099/stream:0
[223959530ms] [ERROR] Failed to load resource: net::ERR_CONNECTION_REFUSED @ http://localhost:8099/stream:0
[223962535ms] [ERROR] Failed to load resource: net::ERR_CONNECTION_REFUSED @ http://localhost:8099/stream:0
[223965539ms] [ERROR] Failed to load resource: net::ERR_CONNECTION_REFUSED @ http://localhost:8099/stream:0
[223968544ms] [ERROR] Failed to load resource: net::ERR_CONNECTION_REFUSED @ http://localhost:8099/stream:0
[223971548ms] [ERROR] Failed to load resource: net::ERR_CONNECTION_REFUSED @ http://localhost:8099/stream:0
[223974552ms] [ERROR] Failed to load resource: net::ERR_CONNECTION_REFUSED @ http://localhost:8099/stream:0
[223977557ms] [ERROR] Failed to load resource: net::ERR_CONNECTION_REFUSED @ http://localhost:8099/stream:0
[223980561ms] [ERROR] Failed to load resource: net::ERR_CONNECTION_REFUSED @ http://localhost:8099/stream:0
[223983565ms] [ERROR] Failed to load resource: net::ERR_CONNECTION_REFUSED @ http://localhost:8099/stream:0
[223986570ms] [ERROR] Failed to load resource: net::ERR_CONNECTION_REFUSED @ http://localhost:8099/stream:0
[223989574ms] [ERROR] Failed to load resource: net::ERR_CONNECTION_REFUSED @ http://localhost:8099/stream:0
[223992578ms] [ERROR] Failed to load resource: net::ERR_CONNECTION_REFUSED @ http://localhost:8099/stream:0
[223995584ms] [ERROR] Failed to load resource: net::ERR_CONNECTION_REFUSED @ http://localhost:8099/stream:0
[223998588ms] [ERROR] Failed to load resource: net::ERR_CONNECTION_REFUSED @ http://localhost:8099/stream:0
[224001592ms] [ERROR] Failed to load resource: net::ERR_CONNECTION_REFUSED @ http://localhost:8099/stream:0
[224004597ms] [ERROR] Failed to load resource: net::ERR_CONNECTION_REFUSED @ http://localhost:8099/stream:0
[224007602ms] [ERROR] Failed to load resource: net::ERR_CONNECTION_REFUSED @ http://localhost:8099/stream:0
[224010607ms] [ERROR] Failed to load resource: net::ERR_CONNECTION_REFUSED @ http://localhost:8099/stream:0
[224013613ms] [ERROR] Failed to load resource: net::ERR_CONNECTION_REFUSED @ http://localhost:8099/stream:0
[224016617ms] [ERROR] Failed to load resource: net::ERR_CONNECTION_REFUSED @ http://localhost:8099/stream:0
[224019622ms] [ERROR] Failed to load resource: net::ERR_CONNECTION_REFUSED @ http://localhost:8099/stream:0
[224022627ms] [ERROR] Failed to load resource: net::ERR_CONNECTION_REFUSED @ http://localhost:8099/stream:0
[224025631ms] [ERROR] Failed to load resource: net::ERR_CONNECTION_REFUSED @ http://localhost:8099/stream:0
[224028637ms] [ERROR] Failed to load resource: net::ERR_CONNECTION_REFUSED @ http://localhost:8099/stream:0
[224031642ms] [ERROR] Failed to load resource: net::ERR_CONNECTION_REFUSED @ http://localhost:8099/stream:0
[224034646ms] [ERROR] Failed to load resource: net::ERR_CONNECTION_REFUSED @ http://localhost:8099/stream:0
[224037651ms] [ERROR] Failed to load resource: net::ERR_CONNECTION_REFUSED @ http://localhost:8099/stream:0
[224040656ms] [ERROR] Failed to load resource: net::ERR_CONNECTION_REFUSED @ http://localhost:8099/stream:0
[224043660ms] [ERROR] Failed to load resource: net::ERR_CONNECTION_REFUSED @ http://localhost:8099/stream:0
[224046664ms] [ERROR] Failed to load resource: net::ERR_CONNECTION_REFUSED @ http://localhost:8099/stream:0
[224049666ms] [ERROR] Failed to load resource: net::ERR_CONNECTION_REFUSED @ http://localhost:8099/stream:0
[224052670ms] [ERROR] Failed to load resource: net::ERR_CONNECTION_REFUSED @ http://localhost:8099/stream:0
[224055675ms] [ERROR] Failed to load resource: net::ERR_CONNECTION_REFUSED @ http://localhost:8099/stream:0
[224058680ms] [ERROR] Failed to load resource: net::ERR_CONNECTION_REFUSED @ http://localhost:8099/stream:0
[224061685ms] [ERROR] Failed to load resource: net::ERR_CONNECTION_REFUSED @ http://localhost:8099/stream:0
[224064690ms] [ERROR] Failed to load resource: net::ERR_CONNECTION_REFUSED @ http://localhost:8099/stream:0
[224067695ms] [ERROR] Failed to load resource: net::ERR_CONNECTION_REFUSED @ http://localhost:8099/stream:0
[224070699ms] [ERROR] Failed to load resource: net::ERR_CONNECTION_REFUSED @ http://localhost:8099/stream:0
[224073704ms] [ERROR] Failed to load resource: net::ERR_CONNECTION_REFUSED @ http://localhost:8099/stream:0
[224076709ms] [ERROR] Failed to load resource: net::ERR_CONNECTION_REFUSED @ http://localhost:8099/stream:0
[224079713ms] [ERROR] Failed to load resource: net::ERR_CONNECTION_REFUSED @ http://localhost:8099/stream:0
[224082718ms] [ERROR] Failed to load resource: net::ERR_CONNECTION_REFUSED @ http://localhost:8099/stream:0
[224085723ms] [ERROR] Failed to load resource: net::ERR_CONNECTION_REFUSED @ http://localhost:8099/stream:0
[224088727ms] [ERROR] Failed to load resource: net::ERR_CONNECTION_REFUSED @ http://localhost:8099/stream:0
[224091732ms] [ERROR] Failed to load resource: net::ERR_CONNECTION_REFUSED @ http://localhost:8099/stream:0
[224094737ms] [ERROR] Failed to load resource: net::ERR_CONNECTION_REFUSED @ http://localhost:8099/stream:0
[224097742ms] [ERROR] Failed to load resource: net::ERR_CONNECTION_REFUSED @ http://localhost:8099/stream:0
[224100747ms] [ERROR] Failed to load resource: net::ERR_CONNECTION_REFUSED @ http://localhost:8099/stream:0
[224103752ms] [ERROR] Failed to load resource: net::ERR_CONNECTION_REFUSED @ http://localhost:8099/stream:0
[224106757ms] [ERROR] Failed to load resource: net::ERR_CONNECTION_REFUSED @ http://localhost:8099/stream:0
[224109761ms] [ERROR] Failed to load resource: net::ERR_CONNECTION_REFUSED @ http://localhost:8099/stream:0
[224112765ms] [ERROR] Failed to load resource: net::ERR_CONNECTION_REFUSED @ http://localhost:8099/stream:0
[224115769ms] [ERROR] Failed to load resource: net::ERR_CONNECTION_REFUSED @ http://localhost:8099/stream:0
[224118773ms] [ERROR] Failed to load resource: net::ERR_CONNECTION_REFUSED @ http://localhost:8099/stream:0
[224121777ms] [ERROR] Failed to load resource: net::ERR_CONNECTION_REFUSED @ http://localhost:8099/stream:0
[224124782ms] [ERROR] Failed to load resource: net::ERR_CONNECTION_REFUSED @ http://localhost:8099/stream:0
[224127787ms] [ERROR] Failed to load resource: net::ERR_CONNECTION_REFUSED @ http://localhost:8099/stream:0
[224130790ms] [ERROR] Failed to load resource: net::ERR_CONNECTION_REFUSED @ http://localhost:8099/stream:0
[224133795ms] [ERROR] Failed to load resource: net::ERR_CONNECTION_REFUSED @ http://localhost:8099/stream:0
[224136800ms] [ERROR] Failed to load resource: net::ERR_CONNECTION_REFUSED @ http://localhost:8099/stream:0
[224139805ms] [ERROR] Failed to load resource: net::ERR_CONNECTION_REFUSED @ http://localhost:8099/stream:0
[224142808ms] [ERROR] Failed to load resource: net::ERR_CONNECTION_REFUSED @ http://localhost:8099/stream:0
[224145813ms] [ERROR] Failed to load resource: net::ERR_CONNECTION_REFUSED @ http://localhost:8099/stream:0
[224148818ms] [ERROR] Failed to load resource: net::ERR_CONNECTION_REFUSED @ http://localhost:8099/stream:0
[224151822ms] [ERROR] Failed to load resource: net::ERR_CONNECTION_REFUSED @ http://localhost:8099/stream:0
[224154828ms] [ERROR] Failed to load resource: net::ERR_CONNECTION_REFUSED @ http://localhost:8099/stream:0
[224157834ms] [ERROR] Failed to load resource: net::ERR_CONNECTION_REFUSED @ http://localhost:8099/stream:0
[224160838ms] [ERROR] Failed to load resource: net::ERR_CONNECTION_REFUSED @ http://localhost:8099/stream:0
[224163842ms] [ERROR] Failed to load resource: net::ERR_CONNECTION_REFUSED @ http://localhost:8099/stream:0
[224166846ms] [ERROR] Failed to load resource: net::ERR_CONNECTION_REFUSED @ http://localhost:8099/stream:0
[224169851ms] [ERROR] Failed to load resource: net::ERR_CONNECTION_REFUSED @ http://localhost:8099/stream:0
[224172856ms] [ERROR] Failed to load resource: net::ERR_CONNECTION_REFUSED @ http://localhost:8099/stream:0
[224175861ms] [ERROR] Failed to load resource: net::ERR_CONNECTION_REFUSED @ http://localhost:8099/stream:0
[224178866ms] [ERROR] Failed to load resource: net::ERR_CONNECTION_REFUSED @ http://localhost:8099/stream:0
[224181869ms] [ERROR] Failed to load resource: net::ERR_CONNECTION_REFUSED @ http://localhost:8099/stream:0
[224184873ms] [ERROR] Failed to load resource: net::ERR_CONNECTION_REFUSED @ http://localhost:8099/stream:0
[224187878ms] [ERROR] Failed to load resource: net::ERR_CONNECTION_REFUSED @ http://localhost:8099/stream:0
[224190883ms] [ERROR] Failed to load resource: net::ERR_CONNECTION_REFUSED @ http://localhost:8099/stream:0
[224193887ms] [ERROR] Failed to load resource: net::ERR_CONNECTION_REFUSED @ http://localhost:8099/stream:0
[224196892ms] [ERROR] Failed to load resource: net::ERR_CONNECTION_REFUSED @ http://localhost:8099/stream:0
[224199897ms] [ERROR] Failed to load resource: net::ERR_CONNECTION_REFUSED @ http://localhost:8099/stream:0
[224202901ms] [ERROR] Failed to load resource: net::ERR_CONNECTION_REFUSED @ http://localhost:8099/stream:0
[224205907ms] [ERROR] Failed to load resource: net::ERR_CONNECTION_REFUSED @ http://localhost:8099/stream:0
[224208911ms] [ERROR] Failed to load resource: net::ERR_CONNECTION_REFUSED @ http://localhost:8099/stream:0
[224211916ms] [ERROR] Failed to load resource: net::ERR_CONNECTION_REFUSED @ http://localhost:8099/stream:0
[224214920ms] [ERROR] Failed to load resource: net::ERR_CONNECTION_REFUSED @ http://localhost:8099/stream:0
[224217923ms] [ERROR] Failed to load resource: net::ERR_CONNECTION_REFUSED @ http://localhost:8099/stream:0
[224220928ms] [ERROR] Failed to load resource: net::ERR_CONNECTION_REFUSED @ http://localhost:8099/stream:0
[224223934ms] [ERROR] Failed to load resource: net::ERR_CONNECTION_REFUSED @ http://localhost:8099/stream:0
[224226937ms] [ERROR] Failed to load resource: net::ERR_CONNECTION_REFUSED @ http://localhost:8099/stream:0
[224229942ms] [ERROR] Failed to load resource: net::ERR_CONNECTION_REFUSED @ http://localhost:8099/stream:0
[224232947ms] [ERROR] Failed to load resource: net::ERR_CONNECTION_REFUSED @ http://localhost:8099/stream:0
[224235951ms] [ERROR] Failed to load resource: net::ERR_CONNECTION_REFUSED @ http://localhost:8099/stream:0
[224238957ms] [ERROR] Failed to load resource: net::ERR_CONNECTION_REFUSED @ http://localhost:8099/stream:0
[224241961ms] [ERROR] Failed to load resource: net::ERR_CONNECTION_REFUSED @ http://localhost:8099/stream:0
[224244966ms] [ERROR] Failed to load resource: net::ERR_CONNECTION_REFUSED @ http://localhost:8099/stream:0
[224247970ms] [ERROR] Failed to load resource: net::ERR_CONNECTION_REFUSED @ http://localhost:8099/stream:0
[224250975ms] [ERROR] Failed to load resource: net::ERR_CONNECTION_REFUSED @ http://localhost:8099/stream:0
[224253980ms] [ERROR] Failed to load resource: net::ERR_CONNECTION_REFUSED @ http://localhost:8099/stream:0
[224256984ms] [ERROR] Failed to load resource: net::ERR_CONNECTION_REFUSED @ http://localhost:8099/stream:0
[224259989ms] [ERROR] Failed to load resource: net::ERR_CONNECTION_REFUSED @ http://localhost:8099/stream:0
[224262994ms] [ERROR] Failed to load resource: net::ERR_CONNECTION_REFUSED @ http://localhost:8099/stream:0
[224265999ms] [ERROR] Failed to load resource: net::ERR_CONNECTION_REFUSED @ http://localhost:8099/stream:0
[224269004ms] [ERROR] Failed to load resource: net::ERR_CONNECTION_REFUSED @ http://localhost:8099/stream:0
[224272009ms] [ERROR] Failed to load resource: net::ERR_CONNECTION_REFUSED @ http://localhost:8099/stream:0
[224275013ms] [ERROR] Failed to load resource: net::ERR_CONNECTION_REFUSED @ http://localhost:8099/stream:0
[224278017ms] [ERROR] Failed to load resource: net::ERR_CONNECTION_REFUSED @ http://localhost:8099/stream:0
[224281021ms] [ERROR] Failed to load resource: net::ERR_CONNECTION_REFUSED @ http://localhost:8099/stream:0
[224284026ms] [ERROR] Failed to load resource: net::ERR_CONNECTION_REFUSED @ http://localhost:8099/stream:0
[224287031ms] [ERROR] Failed to load resource: net::ERR_CONNECTION_REFUSED @ http://localhost:8099/stream:0
[224290036ms] [ERROR] Failed to load resource: net::ERR_CONNECTION_REFUSED @ http://localhost:8099/stream:0
[224293040ms] [ERROR] Failed to load resource: net::ERR_CONNECTION_REFUSED @ http://localhost:8099/stream:0
[224296045ms] [ERROR] Failed to load resource: net::ERR_CONNECTION_REFUSED @ http://localhost:8099/stream:0
[224299050ms] [ERROR] Failed to load resource: net::ERR_CONNECTION_REFUSED @ http://localhost:8099/stream:0
[224302054ms] [ERROR] Failed to load resource: net::ERR_CONNECTION_REFUSED @ http://localhost:8099/stream:0
[224305057ms] [ERROR] Failed to load resource: net::ERR_CONNECTION_REFUSED @ http://localhost:8099/stream:0
[224308061ms] [ERROR] Failed to load resource: net::ERR_CONNECTION_REFUSED @ http://localhost:8099/stream:0
[224311066ms] [ERROR] Failed to load resource: net::ERR_CONNECTION_REFUSED @ http://localhost:8099/stream:0
[224314071ms] [ERROR] Failed to load resource: net::ERR_CONNECTION_REFUSED @ http://localhost:8099/stream:0
[224317076ms] [ERROR] Failed to load resource: net::ERR_CONNECTION_REFUSED @ http://localhost:8099/stream:0
[224320081ms] [ERROR] Failed to load resource: net::ERR_CONNECTION_REFUSED @ http://localhost:8099/stream:0
[224323086ms] [ERROR] Failed to load resource: net::ERR_CONNECTION_REFUSED @ http://localhost:8099/stream:0
[224326091ms] [ERROR] Failed to load resource: net::ERR_CONNECTION_REFUSED @ http://localhost:8099/stream:0
[224329094ms] [ERROR] Failed to load resource: net::ERR_CONNECTION_REFUSED @ http://localhost:8099/stream:0
[224332099ms] [ERROR] Failed to load resource: net::ERR_CONNECTION_REFUSED @ http://localhost:8099/stream:0
[224335103ms] [ERROR] Failed to load resource: net::ERR_CONNECTION_REFUSED @ http://localhost:8099/stream:0
[224338108ms] [ERROR] Failed to load resource: net::ERR_CONNECTION_REFUSED @ http://localhost:8099/stream:0
[224341113ms] [ERROR] Failed to load resource: net::ERR_CONNECTION_REFUSED @ http://localhost:8099/stream:0
[224344117ms] [ERROR] Failed to load resource: net::ERR_CONNECTION_REFUSED @ http://localhost:8099/stream:0
[224347122ms] [ERROR] Failed to load resource: net::ERR_CONNECTION_REFUSED @ http://localhost:8099/stream:0
[224350127ms] [ERROR] Failed to load resource: net::ERR_CONNECTION_REFUSED @ http://localhost:8099/stream:0
[224353131ms] [ERROR] Failed to load resource: net::ERR_CONNECTION_REFUSED @ http://localhost:8099/stream:0
[224356136ms] [ERROR] Failed to load resource: net::ERR_CONNECTION_REFUSED @ http://localhost:8099/stream:0
[224359140ms] [ERROR] Failed to load resource: net::ERR_CONNECTION_REFUSED @ http://localhost:8099/stream:0
[224362145ms] [ERROR] Failed to load resource: net::ERR_CONNECTION_REFUSED @ http://localhost:8099/stream:0
[224365149ms] [ERROR] Failed to load resource: net::ERR_CONNECTION_REFUSED @ http://localhost:8099/stream:0
[224368154ms] [ERROR] Failed to load resource: net::ERR_CONNECTION_REFUSED @ http://localhost:8099/stream:0
[224371158ms] [ERROR] Failed to load resource: net::ERR_CONNECTION_REFUSED @ http://localhost:8099/stream:0
[224374163ms] [ERROR] Failed to load resource: net::ERR_CONNECTION_REFUSED @ http://localhost:8099/stream:0
[224377168ms] [ERROR] Failed to load resource: net::ERR_CONNECTION_REFUSED @ http://localhost:8099/stream:0
[224380173ms] [ERROR] Failed to load resource: net::ERR_CONNECTION_REFUSED @ http://localhost:8099/stream:0
[224383178ms] [ERROR] Failed to load resource: net::ERR_CONNECTION_REFUSED @ http://localhost:8099/stream:0
[224386182ms] [ERROR] Failed to load resource: net::ERR_CONNECTION_REFUSED @ http://localhost:8099/stream:0
[224389187ms] [ERROR] Failed to load resource: net::ERR_CONNECTION_REFUSED @ http://localhost:8099/stream:0
[224392191ms] [ERROR] Failed to load resource: net::ERR_CONNECTION_REFUSED @ http://localhost:8099/stream:0
[224395196ms] [ERROR] Failed to load resource: net::ERR_CONNECTION_REFUSED @ http://localhost:8099/stream:0
[224398200ms] [ERROR] Failed to load resource: net::ERR_CONNECTION_REFUSED @ http://localhost:8099/stream:0
[224401205ms] [ERROR] Failed to load resource: net::ERR_CONNECTION_REFUSED @ http://localhost:8099/stream:0
[224404211ms] [ERROR] Failed to load resource: net::ERR_CONNECTION_REFUSED @ http://localhost:8099/stream:0
[224407214ms] [ERROR] Failed to load resource: net::ERR_CONNECTION_REFUSED @ http://localhost:8099/stream:0
[224410219ms] [ERROR] Failed to load resource: net::ERR_CONNECTION_REFUSED @ http://localhost:8099/stream:0
[224413223ms] [ERROR] Failed to load resource: net::ERR_CONNECTION_REFUSED @ http://localhost:8099/stream:0
[224416227ms] [ERROR] Failed to load resource: net::ERR_CONNECTION_REFUSED @ http://localhost:8099/stream:0
[224419231ms] [ERROR] Failed to load resource: net::ERR_CONNECTION_REFUSED @ http://localhost:8099/stream:0
[224422236ms] [ERROR] Failed to load resource: net::ERR_CONNECTION_REFUSED @ http://localhost:8099/stream:0
[224425240ms] [ERROR] Failed to load resource: net::ERR_CONNECTION_REFUSED @ http://localhost:8099/stream:0
[224428245ms] [ERROR] Failed to load resource: net::ERR_CONNECTION_REFUSED @ http://localhost:8099/stream:0
[224431249ms] [ERROR] Failed to load resource: net::ERR_CONNECTION_REFUSED @ http://localhost:8099/stream:0
[224434253ms] [ERROR] Failed to load resource: net::ERR_CONNECTION_REFUSED @ http://localhost:8099/stream:0
[224437258ms] [ERROR] Failed to load resource: net::ERR_CONNECTION_REFUSED @ http://localhost:8099/stream:0
[224440263ms] [ERROR] Failed to load resource: net::ERR_CONNECTION_REFUSED @ http://localhost:8099/stream:0
[224443268ms] [ERROR] Failed to load resource: net::ERR_CONNECTION_REFUSED @ http://localhost:8099/stream:0
[224446273ms] [ERROR] Failed to load resource: net::ERR_CONNECTION_REFUSED @ http://localhost:8099/stream:0
[224449277ms] [ERROR] Failed to load resource: net::ERR_CONNECTION_REFUSED @ http://localhost:8099/stream:0
[224452281ms] [ERROR] Failed to load resource: net::ERR_CONNECTION_REFUSED @ http://localhost:8099/stream:0
[224455286ms] [ERROR] Failed to load resource: net::ERR_CONNECTION_REFUSED @ http://localhost:8099/stream:0
[224458291ms] [ERROR] Failed to load resource: net::ERR_CONNECTION_REFUSED @ http://localhost:8099/stream:0
[224461297ms] [ERROR] Failed to load resource: net::ERR_CONNECTION_REFUSED @ http://localhost:8099/stream:0
[224464300ms] [ERROR] Failed to load resource: net::ERR_CONNECTION_REFUSED @ http://localhost:8099/stream:0
[224467305ms] [ERROR] Failed to load resource: net::ERR_CONNECTION_REFUSED @ http://localhost:8099/stream:0
[224470311ms] [ERROR] Failed to load resource: net::ERR_CONNECTION_REFUSED @ http://localhost:8099/stream:0
[224473316ms] [ERROR] Failed to load resource: net::ERR_CONNECTION_REFUSED @ http://localhost:8099/stream:0
[224476320ms] [ERROR] Failed to load resource: net::ERR_CONNECTION_REFUSED @ http://localhost:8099/stream:0
[224479323ms] [ERROR] Failed to load resource: net::ERR_CONNECTION_REFUSED @ http://localhost:8099/stream:0
[224482328ms] [ERROR] Failed to load resource: net::ERR_CONNECTION_REFUSED @ http://localhost:8099/stream:0
[224485332ms] [ERROR] Failed to load resource: net::ERR_CONNECTION_REFUSED @ http://localhost:8099/stream:0
[224488337ms] [ERROR] Failed to load resource: net::ERR_CONNECTION_REFUSED @ http://localhost:8099/stream:0
[224491340ms] [ERROR] Failed to load resource: net::ERR_CONNECTION_REFUSED @ http://localhost:8099/stream:0
[224494345ms] [ERROR] Failed to load resource: net::ERR_CONNECTION_REFUSED @ http://localhost:8099/stream:0
[224497350ms] [ERROR] Failed to load resource: net::ERR_CONNECTION_REFUSED @ http://localhost:8099/stream:0
[224500355ms] [ERROR] Failed to load resource: net::ERR_CONNECTION_REFUSED @ http://localhost:8099/stream:0
[224503360ms] [ERROR] Failed to load resource: net::ERR_CONNECTION_REFUSED @ http://localhost:8099/stream:0
[224506363ms] [ERROR] Failed to load resource: net::ERR_CONNECTION_REFUSED @ http://localhost:8099/stream:0
[224509368ms] [ERROR] Failed to load resource: net::ERR_CONNECTION_REFUSED @ http://localhost:8099/stream:0
[224512371ms] [ERROR] Failed to load resource: net::ERR_CONNECTION_REFUSED @ http://localhost:8099/stream:0
[224515376ms] [ERROR] Failed to load resource: net::ERR_CONNECTION_REFUSED @ http://localhost:8099/stream:0
[224518380ms] [ERROR] Failed to load resource: net::ERR_CONNECTION_REFUSED @ http://localhost:8099/stream:0
[224521385ms] [ERROR] Failed to load resource: net::ERR_CONNECTION_REFUSED @ http://localhost:8099/stream:0
[224524391ms] [ERROR] Failed to load resource: net::ERR_CONNECTION_REFUSED @ http://localhost:8099/stream:0
[224527395ms] [ERROR] Failed to load resource: net::ERR_CONNECTION_REFUSED @ http://localhost:8099/stream:0
[224530398ms] [ERROR] Failed to load resource: net::ERR_CONNECTION_REFUSED @ http://localhost:8099/stream:0
[224533403ms] [ERROR] Failed to load resource: net::ERR_CONNECTION_REFUSED @ http://localhost:8099/stream:0
[224536405ms] [ERROR] Failed to load resource: net::ERR_CONNECTION_REFUSED @ http://localhost:8099/stream:0
[224539409ms] [ERROR] Failed to load resource: net::ERR_CONNECTION_REFUSED @ http://localhost:8099/stream:0
[224542414ms] [ERROR] Failed to load resource: net::ERR_CONNECTION_REFUSED @ http://localhost:8099/stream:0
[224545419ms] [ERROR] Failed to load resource: net::ERR_CONNECTION_REFUSED @ http://localhost:8099/stream:0
[224548423ms] [ERROR] Failed to load resource: net::ERR_CONNECTION_REFUSED @ http://localhost:8099/stream:0
[224551427ms] [ERROR] Failed to load resource: net::ERR_CONNECTION_REFUSED @ http://localhost:8099/stream:0
[224554431ms] [ERROR] Failed to load resource: net::ERR_CONNECTION_REFUSED @ http://localhost:8099/stream:0
[224557435ms] [ERROR] Failed to load resource: net::ERR_CONNECTION_REFUSED @ http://localhost:8099/stream:0
[224560439ms] [ERROR] Failed to load resource: net::ERR_CONNECTION_REFUSED @ http://localhost:8099/stream:0
[224563444ms] [ERROR] Failed to load resource: net::ERR_CONNECTION_REFUSED @ http://localhost:8099/stream:0
[224566448ms] [ERROR] Failed to load resource: net::ERR_CONNECTION_REFUSED @ http://localhost:8099/stream:0
[224569452ms] [ERROR] Failed to load resource: net::ERR_CONNECTION_REFUSED @ http://localhost:8099/stream:0
[224572456ms] [ERROR] Failed to load resource: net::ERR_CONNECTION_REFUSED @ http://localhost:8099/stream:0
[224575460ms] [ERROR] Failed to load resource: net::ERR_CONNECTION_REFUSED @ http://localhost:8099/stream:0
[224578465ms] [ERROR] Failed to load resource: net::ERR_CONNECTION_REFUSED @ http://localhost:8099/stream:0
[224581469ms] [ERROR] Failed to load resource: net::ERR_CONNECTION_REFUSED @ http://localhost:8099/stream:0
[224584474ms] [ERROR] Failed to load resource: net::ERR_CONNECTION_REFUSED @ http://localhost:8099/stream:0
[224587478ms] [ERROR] Failed to load resource: net::ERR_CONNECTION_REFUSED @ http://localhost:8099/stream:0
[224590483ms] [ERROR] Failed to load resource: net::ERR_CONNECTION_REFUSED @ http://localhost:8099/stream:0
[224593488ms] [ERROR] Failed to load resource: net::ERR_CONNECTION_REFUSED @ http://localhost:8099/stream:0
[224596491ms] [ERROR] Failed to load resource: net::ERR_CONNECTION_REFUSED @ http://localhost:8099/stream:0
[224599496ms] [ERROR] Failed to load resource: net::ERR_CONNECTION_REFUSED @ http://localhost:8099/stream:0
[224602500ms] [ERROR] Failed to load resource: net::ERR_CONNECTION_REFUSED @ http://localhost:8099/stream:0
[224605506ms] [ERROR] Failed to load resource: net::ERR_CONNECTION_REFUSED @ http://localhost:8099/stream:0
[224608510ms] [ERROR] Failed to load resource: net::ERR_CONNECTION_REFUSED @ http://localhost:8099/stream:0
[224611514ms] [ERROR] Failed to load resource: net::ERR_CONNECTION_REFUSED @ http://localhost:8099/stream:0
[224614518ms] [ERROR] Failed to load resource: net::ERR_CONNECTION_REFUSED @ http://localhost:8099/stream:0
[224617523ms] [ERROR] Failed to load resource: net::ERR_CONNECTION_REFUSED @ http://localhost:8099/stream:0
[224620527ms] [ERROR] Failed to load resource: net::ERR_CONNECTION_REFUSED @ http://localhost:8099/stream:0
[224623531ms] [ERROR] Failed to load resource: net::ERR_CONNECTION_REFUSED @ http://localhost:8099/stream:0
[224626536ms] [ERROR] Failed to load resource: net::ERR_CONNECTION_REFUSED @ http://localhost:8099/stream:0
[224629541ms] [ERROR] Failed to load resource: net::ERR_CONNECTION_REFUSED @ http://localhost:8099/stream:0
[224632545ms] [ERROR] Failed to load resource: net::ERR_CONNECTION_REFUSED @ http://localhost:8099/stream:0
[224635550ms] [ERROR] Failed to load resource: net::ERR_CONNECTION_REFUSED @ http://localhost:8099/stream:0
[224638555ms] [ERROR] Failed to load resource: net::ERR_CONNECTION_REFUSED @ http://localhost:8099/stream:0
[224641560ms] [ERROR] Failed to load resource: net::ERR_CONNECTION_REFUSED @ http://localhost:8099/stream:0
[224644564ms] [ERROR] Failed to load resource: net::ERR_CONNECTION_REFUSED @ http://localhost:8099/stream:0
[224647568ms] [ERROR] Failed to load resource: net::ERR_CONNECTION_REFUSED @ http://localhost:8099/stream:0
[224650573ms] [ERROR] Failed to load resource: net::ERR_CONNECTION_REFUSED @ http://localhost:8099/stream:0
[224653578ms] [ERROR] Failed to load resource: net::ERR_CONNECTION_REFUSED @ http://localhost:8099/stream:0
[224656582ms] [ERROR] Failed to load resource: net::ERR_CONNECTION_REFUSED @ http://localhost:8099/stream:0
[224659587ms] [ERROR] Failed to load resource: net::ERR_CONNECTION_REFUSED @ http://localhost:8099/stream:0
[224662591ms] [ERROR] Failed to load resource: net::ERR_CONNECTION_REFUSED @ http://localhost:8099/stream:0
[224665595ms] [ERROR] Failed to load resource: net::ERR_CONNECTION_REFUSED @ http://localhost:8099/stream:0
[224668598ms] [ERROR] Failed to load resource: net::ERR_CONNECTION_REFUSED @ http://localhost:8099/stream:0
[224671603ms] [ERROR] Failed to load resource: net::ERR_CONNECTION_REFUSED @ http://localhost:8099/stream:0
[224674607ms] [ERROR] Failed to load resource: net::ERR_CONNECTION_REFUSED @ http://localhost:8099/stream:0
[224677612ms] [ERROR] Failed to load resource: net::ERR_CONNECTION_REFUSED @ http://localhost:8099/stream:0
[224680616ms] [ERROR] Failed to load resource: net::ERR_CONNECTION_REFUSED @ http://localhost:8099/stream:0
[224683621ms] [ERROR] Failed to load resource: net::ERR_CONNECTION_REFUSED @ http://localhost:8099/stream:0
[224686625ms] [ERROR] Failed to load resource: net::ERR_CONNECTION_REFUSED @ http://localhost:8099/stream:0
[224689630ms] [ERROR] Failed to load resource: net::ERR_CONNECTION_REFUSED @ http://localhost:8099/stream:0
[224692635ms] [ERROR] Failed to load resource: net::ERR_CONNECTION_REFUSED @ http://localhost:8099/stream:0
[224695639ms] [ERROR] Failed to load resource: net::ERR_CONNECTION_REFUSED @ http://localhost:8099/stream:0
[224698643ms] [ERROR] Failed to load resource: net::ERR_CONNECTION_REFUSED @ http://localhost:8099/stream:0
[224701648ms] [ERROR] Failed to load resource: net::ERR_CONNECTION_REFUSED @ http://localhost:8099/stream:0
[224704652ms] [ERROR] Failed to load resource: net::ERR_CONNECTION_REFUSED @ http://localhost:8099/stream:0
[224707657ms] [ERROR] Failed to load resource: net::ERR_CONNECTION_REFUSED @ http://localhost:8099/stream:0
[224710662ms] [ERROR] Failed to load resource: net::ERR_CONNECTION_REFUSED @ http://localhost:8099/stream:0
[224713667ms] [ERROR] Failed to load resource: net::ERR_CONNECTION_REFUSED @ http://localhost:8099/stream:0
[224716672ms] [ERROR] Failed to load resource: net::ERR_CONNECTION_REFUSED @ http://localhost:8099/stream:0
[224719677ms] [ERROR] Failed to load resource: net::ERR_CONNECTION_REFUSED @ http://localhost:8099/stream:0
[224722681ms] [ERROR] Failed to load resource: net::ERR_CONNECTION_REFUSED @ http://localhost:8099/stream:0
[224725685ms] [ERROR] Failed to load resource: net::ERR_CONNECTION_REFUSED @ http://localhost:8099/stream:0
[224728690ms] [ERROR] Failed to load resource: net::ERR_CONNECTION_REFUSED @ http://localhost:8099/stream:0
[224731694ms] [ERROR] Failed to load resource: net::ERR_CONNECTION_REFUSED @ http://localhost:8099/stream:0
[224734698ms] [ERROR] Failed to load resource: net::ERR_CONNECTION_REFUSED @ http://localhost:8099/stream:0
[224737702ms] [ERROR] Failed to load resource: net::ERR_CONNECTION_REFUSED @ http://localhost:8099/stream:0
[224740707ms] [ERROR] Failed to load resource: net::ERR_CONNECTION_REFUSED @ http://localhost:8099/stream:0
[224743711ms] [ERROR] Failed to load resource: net::ERR_CONNECTION_REFUSED @ http://localhost:8099/stream:0
[224746716ms] [ERROR] Failed to load resource: net::ERR_CONNECTION_REFUSED @ http://localhost:8099/stream:0
[224749720ms] [ERROR] Failed to load resource: net::ERR_CONNECTION_REFUSED @ http://localhost:8099/stream:0
[224752724ms] [ERROR] Failed to load resource: net::ERR_CONNECTION_REFUSED @ http://localhost:8099/stream:0
[224755730ms] [ERROR] Failed to load resource: net::ERR_CONNECTION_REFUSED @ http://localhost:8099/stream:0
[224758735ms] [ERROR] Failed to load resource: net::ERR_CONNECTION_REFUSED @ http://localhost:8099/stream:0
[224761739ms] [ERROR] Failed to load resource: net::ERR_CONNECTION_REFUSED @ http://localhost:8099/stream:0
[224764743ms] [ERROR] Failed to load resource: net::ERR_CONNECTION_REFUSED @ http://localhost:8099/stream:0
[224767748ms] [ERROR] Failed to load resource: net::ERR_CONNECTION_REFUSED @ http://localhost:8099/stream:0
[224770753ms] [ERROR] Failed to load resource: net::ERR_CONNECTION_REFUSED @ http://localhost:8099/stream:0
[224773758ms] [ERROR] Failed to load resource: net::ERR_CONNECTION_REFUSED @ http://localhost:8099/stream:0
[224776763ms] [ERROR] Failed to load resource: net::ERR_CONNECTION_REFUSED @ http://localhost:8099/stream:0
[224779768ms] [ERROR] Failed to load resource: net::ERR_CONNECTION_REFUSED @ http://localhost:8099/stream:0
[224782771ms] [ERROR] Failed to load resource: net::ERR_CONNECTION_REFUSED @ http://localhost:8099/stream:0
[224785776ms] [ERROR] Failed to load resource: net::ERR_CONNECTION_REFUSED @ http://localhost:8099/stream:0
[224788780ms] [ERROR] Failed to load resource: net::ERR_CONNECTION_REFUSED @ http://localhost:8099/stream:0
[224791785ms] [ERROR] Failed to load resource: net::ERR_CONNECTION_REFUSED @ http://localhost:8099/stream:0
[224794789ms] [ERROR] Failed to load resource: net::ERR_CONNECTION_REFUSED @ http://localhost:8099/stream:0
[224797793ms] [ERROR] Failed to load resource: net::ERR_CONNECTION_REFUSED @ http://localhost:8099/stream:0
[224800798ms] [ERROR] Failed to load resource: net::ERR_CONNECTION_REFUSED @ http://localhost:8099/stream:0
[224803802ms] [ERROR] Failed to load resource: net::ERR_CONNECTION_REFUSED @ http://localhost:8099/stream:0
[224806805ms] [ERROR] Failed to load resource: net::ERR_CONNECTION_REFUSED @ http://localhost:8099/stream:0
[224809809ms] [ERROR] Failed to load resource: net::ERR_CONNECTION_REFUSED @ http://localhost:8099/stream:0
[224812812ms] [ERROR] Failed to load resource: net::ERR_CONNECTION_REFUSED @ http://localhost:8099/stream:0
[224815817ms] [ERROR] Failed to load resource: net::ERR_CONNECTION_REFUSED @ http://localhost:8099/stream:0
[224818820ms] [ERROR] Failed to load resource: net::ERR_CONNECTION_REFUSED @ http://localhost:8099/stream:0
[224821824ms] [ERROR] Failed to load resource: net::ERR_CONNECTION_REFUSED @ http://localhost:8099/stream:0
[224824828ms] [ERROR] Failed to load resource: net::ERR_CONNECTION_REFUSED @ http://localhost:8099/stream:0
[224827831ms] [ERROR] Failed to load resource: net::ERR_CONNECTION_REFUSED @ http://localhost:8099/stream:0
[224830835ms] [ERROR] Failed to load resource: net::ERR_CONNECTION_REFUSED @ http://localhost:8099/stream:0
[224833839ms] [ERROR] Failed to load resource: net::ERR_CONNECTION_REFUSED @ http://localhost:8099/stream:0
[224836843ms] [ERROR] Failed to load resource: net::ERR_CONNECTION_REFUSED @ http://localhost:8099/stream:0
[224839846ms] [ERROR] Failed to load resource: net::ERR_CONNECTION_REFUSED @ http://localhost:8099/stream:0
[224842849ms] [ERROR] Failed to load resource: net::ERR_CONNECTION_REFUSED @ http://localhost:8099/stream:0
[224845854ms] [ERROR] Failed to load resource: net::ERR_CONNECTION_REFUSED @ http://localhost:8099/stream:0
[224848858ms] [ERROR] Failed to load resource: net::ERR_CONNECTION_REFUSED @ http://localhost:8099/stream:0
[224851861ms] [ERROR] Failed to load resource: net::ERR_CONNECTION_REFUSED @ http://localhost:8099/stream:0
[224854964ms] [ERROR] Failed to load resource: net::ERR_CONNECTION_REFUSED @ http://localhost:8099/stream:0
[224857976ms] [ERROR] Failed to load resource: net::ERR_CONNECTION_REFUSED @ http://localhost:8099/stream:0
[224860979ms] [ERROR] Failed to load resource: net::ERR_CONNECTION_REFUSED @ http://localhost:8099/stream:0
[224863984ms] [ERROR] Failed to load resource: net::ERR_CONNECTION_REFUSED @ http://localhost:8099/stream:0
[224965859ms] [ERROR] Failed to load resource: net::ERR_CONNECTION_REFUSED @ http://localhost:8099/stream:0
[224968864ms] [ERROR] Failed to load resource: net::ERR_CONNECTION_REFUSED @ http://localhost:8099/stream:0
[224971868ms] [ERROR] Failed to load resource: net::ERR_CONNECTION_REFUSED @ http://localhost:8099/stream:0
[224974873ms] [ERROR] Failed to load resource: net::ERR_CONNECTION_REFUSED @ http://localhost:8099/stream:0
[224977880ms] [ERROR] Failed to load resource: net::ERR_CONNECTION_REFUSED @ http://localhost:8099/stream:0
[224980886ms] [ERROR] Failed to load resource: net::ERR_CONNECTION_REFUSED @ http://localhost:8099/stream:0
[224983890ms] [ERROR] Failed to load resource: net::ERR_CONNECTION_REFUSED @ http://localhost:8099/stream:0
[224986894ms] [ERROR] Failed to load resource: net::ERR_CONNECTION_REFUSED @ http://localhost:8099/stream:0
[224989898ms] [ERROR] Failed to load resource: net::ERR_CONNECTION_REFUSED @ http://localhost:8099/stream:0
[224992903ms] [ERROR] Failed to load resource: net::ERR_CONNECTION_REFUSED @ http://localhost:8099/stream:0
[224995908ms] [ERROR] Failed to load resource: net::ERR_CONNECTION_REFUSED @ http://localhost:8099/stream:0
[224998914ms] [ERROR] Failed to load resource: net::ERR_CONNECTION_REFUSED @ http://localhost:8099/stream:0
[225001919ms] [ERROR] Failed to load resource: net::ERR_CONNECTION_REFUSED @ http://localhost:8099/stream:0
[225004925ms] [ERROR] Failed to load resource: net::ERR_CONNECTION_REFUSED @ http://localhost:8099/stream:0
[225007930ms] [ERROR] Failed to load resource: net::ERR_CONNECTION_REFUSED @ http://localhost:8099/stream:0
[225078692ms] [ERROR] Failed to load resource: net::ERR_CONNECTION_REFUSED @ http://localhost:8099/stream:0
[225081700ms] [ERROR] Failed to load resource: net::ERR_CONNECTION_REFUSED @ http://localhost:8099/stream:0
[225084708ms] [ERROR] Failed to load resource: net::ERR_CONNECTION_REFUSED @ http://localhost:8099/stream:0
[225087712ms] [ERROR] Failed to load resource: net::ERR_CONNECTION_REFUSED @ http://localhost:8099/stream:0
[225090719ms] [ERROR] Failed to load resource: net::ERR_CONNECTION_REFUSED @ http://localhost:8099/stream:0
[225093724ms] [ERROR] Failed to load resource: net::ERR_CONNECTION_REFUSED @ http://localhost:8099/stream:0
[225096730ms] [ERROR] Failed to load resource: net::ERR_CONNECTION_REFUSED @ http://localhost:8099/stream:0
[225099734ms] [ERROR] Failed to load resource: net::ERR_CONNECTION_REFUSED @ http://localhost:8099/stream:0
[225102739ms] [ERROR] Failed to load resource: net::ERR_CONNECTION_REFUSED @ http://localhost:8099/stream:0
[225105746ms] [ERROR] Failed to load resource: net::ERR_CONNECTION_REFUSED @ http://localhost:8099/stream:0
[225108750ms] [ERROR] Failed to load resource: net::ERR_CONNECTION_REFUSED @ http://localhost:8099/stream:0
[225111753ms] [ERROR] Failed to load resource: net::ERR_CONNECTION_REFUSED @ http://localhost:8099/stream:0
[225114759ms] [ERROR] Failed to load resource: net::ERR_CONNECTION_REFUSED @ http://localhost:8099/stream:0
[225117765ms] [ERROR] Failed to load resource: net::ERR_CONNECTION_REFUSED @ http://localhost:8099/stream:0
[225120771ms] [ERROR] Failed to load resource: net::ERR_CONNECTION_REFUSED @ http://localhost:8099/stream:0
[225123775ms] [ERROR] Failed to load resource: net::ERR_CONNECTION_REFUSED @ http://localhost:8099/stream:0
[225155432ms] [ERROR] Failed to load resource: net::ERR_CONNECTION_REFUSED @ http://localhost:8099/stream:0
[225158444ms] [ERROR] Failed to load resource: net::ERR_CONNECTION_REFUSED @ http://localhost:8099/stream:0
[225161450ms] [ERROR] Failed to load resource: net::ERR_CONNECTION_REFUSED @ http://localhost:8099/stream:0
[225164455ms] [ERROR] Failed to load resource: net::ERR_CONNECTION_REFUSED @ http://localhost:8099/stream:0
[225167459ms] [ERROR] Failed to load resource: net::ERR_CONNECTION_REFUSED @ http://localhost:8099/stream:0
[225170464ms] [ERROR] Failed to load resource: net::ERR_CONNECTION_REFUSED @ http://localhost:8099/stream:0
[225173470ms] [ERROR] Failed to load resource: net::ERR_CONNECTION_REFUSED @ http://localhost:8099/stream:0
[225176474ms] [ERROR] Failed to load resource: net::ERR_CONNECTION_REFUSED @ http://localhost:8099/stream:0
[225179480ms] [ERROR] Failed to load resource: net::ERR_CONNECTION_REFUSED @ http://localhost:8099/stream:0
[225182486ms] [ERROR] Failed to load resource: net::ERR_CONNECTION_REFUSED @ http://localhost:8099/stream:0
[225185491ms] [ERROR] Failed to load resource: net::ERR_CONNECTION_REFUSED @ http://localhost:8099/stream:0
[225188495ms] [ERROR] Failed to load resource: net::ERR_CONNECTION_REFUSED @ http://localhost:8099/stream:0
[225191498ms] [ERROR] Failed to load resource: net::ERR_CONNECTION_REFUSED @ http://localhost:8099/stream:0
[225194504ms] [ERROR] Failed to load resource: net::ERR_CONNECTION_REFUSED @ http://localhost:8099/stream:0
[225197510ms] [ERROR] Failed to load resource: net::ERR_CONNECTION_REFUSED @ http://localhost:8099/stream:0
[225200514ms] [ERROR] Failed to load resource: net::ERR_CONNECTION_REFUSED @ http://localhost:8099/stream:0
[225217766ms] [ERROR] Failed to load resource: net::ERR_CONNECTION_REFUSED @ http://localhost:8099/stream:0
[225220770ms] [ERROR] Failed to load resource: net::ERR_CONNECTION_REFUSED @ http://localhost:8099/stream:0
[225223777ms] [ERROR] Failed to load resource: net::ERR_CONNECTION_REFUSED @ http://localhost:8099/stream:0
[225226783ms] [ERROR] Failed to load resource: net::ERR_CONNECTION_REFUSED @ http://localhost:8099/stream:0
[225229788ms] [ERROR] Failed to load resource: net::ERR_CONNECTION_REFUSED @ http://localhost:8099/stream:0
[225232794ms] [ERROR] Failed to load resource: net::ERR_CONNECTION_REFUSED @ http://localhost:8099/stream:0
[225235800ms] [ERROR] Failed to load resource: net::ERR_CONNECTION_REFUSED @ http://localhost:8099/stream:0
[225238805ms] [ERROR] Failed to load resource: net::ERR_CONNECTION_REFUSED @ http://localhost:8099/stream:0
[225241810ms] [ERROR] Failed to load resource: net::ERR_CONNECTION_REFUSED @ http://localhost:8099/stream:0
[225244816ms] [ERROR] Failed to load resource: net::ERR_CONNECTION_REFUSED @ http://localhost:8099/stream:0
[225247819ms] [ERROR] Failed to load resource: net::ERR_CONNECTION_REFUSED @ http://localhost:8099/stream:0
[225250821ms] [ERROR] Failed to load resource: net::ERR_CONNECTION_REFUSED @ http://localhost:8099/stream:0
[225253824ms] [ERROR] Failed to load resource: net::ERR_CONNECTION_REFUSED @ http://localhost:8099/stream:0
[225256828ms] [ERROR] Failed to load resource: net::ERR_CONNECTION_REFUSED @ http://localhost:8099/stream:0
[225259833ms] [ERROR] Failed to load resource: net::ERR_CONNECTION_REFUSED @ http://localhost:8099/stream:0
[225337465ms] [ERROR] Failed to load resource: net::ERR_CONNECTION_REFUSED @ http://localhost:8099/stream:0
[225340471ms] [ERROR] Failed to load resource: net::ERR_CONNECTION_REFUSED @ http://localhost:8099/stream:0
[225343478ms] [ERROR] Failed to load resource: net::ERR_CONNECTION_REFUSED @ http://localhost:8099/stream:0
[225346484ms] [ERROR] Failed to load resource: net::ERR_CONNECTION_REFUSED @ http://localhost:8099/stream:0
[225349488ms] [ERROR] Failed to load resource: net::ERR_CONNECTION_REFUSED @ http://localhost:8099/stream:0
[225352492ms] [ERROR] Failed to load resource: net::ERR_CONNECTION_REFUSED @ http://localhost:8099/stream:0
[225355497ms] [ERROR] Failed to load resource: net::ERR_CONNECTION_REFUSED @ http://localhost:8099/stream:0
[225358543ms] [ERROR] Failed to load resource: net::ERR_CONNECTION_REFUSED @ http://localhost:8099/stream:0
[225361548ms] [ERROR] Failed to load resource: net::ERR_CONNECTION_REFUSED @ http://localhost:8099/stream:0
[225364551ms] [ERROR] Failed to load resource: net::ERR_CONNECTION_REFUSED @ http://localhost:8099/stream:0
[225367555ms] [ERROR] Failed to load resource: net::ERR_CONNECTION_REFUSED @ http://localhost:8099/stream:0
[225370561ms] [ERROR] Failed to load resource: net::ERR_CONNECTION_REFUSED @ http://localhost:8099/stream:0
[225373565ms] [ERROR] Failed to load resource: net::ERR_CONNECTION_REFUSED @ http://localhost:8099/stream:0
[225376567ms] [ERROR] Failed to load resource: net::ERR_CONNECTION_REFUSED @ http://localhost:8099/stream:0
[225379572ms] [ERROR] Failed to load resource: net::ERR_CONNECTION_REFUSED @ http://localhost:8099/stream:0
[225382577ms] [ERROR] Failed to load resource: net::ERR_CONNECTION_REFUSED @ http://localhost:8099/stream:0
[225387442ms] [ERROR] Failed to load resource: net::ERR_CONNECTION_REFUSED @ http://localhost:8099/stream:0
[225390447ms] [ERROR] Failed to load resource: net::ERR_CONNECTION_REFUSED @ http://localhost:8099/stream:0
[225393452ms] [ERROR] Failed to load resource: net::ERR_CONNECTION_REFUSED @ http://localhost:8099/stream:0
[225396455ms] [ERROR] Failed to load resource: net::ERR_CONNECTION_REFUSED @ http://localhost:8099/stream:0
[225399460ms] [ERROR] Failed to load resource: net::ERR_CONNECTION_REFUSED @ http://localhost:8099/stream:0
[225402466ms] [ERROR] Failed to load resource: net::ERR_CONNECTION_REFUSED @ http://localhost:8099/stream:0
[225405472ms] [ERROR] Failed to load resource: net::ERR_CONNECTION_REFUSED @ http://localhost:8099/stream:0
[225408476ms] [ERROR] Failed to load resource: net::ERR_CONNECTION_REFUSED @ http://localhost:8099/stream:0
[225411480ms] [ERROR] Failed to load resource: net::ERR_CONNECTION_REFUSED @ http://localhost:8099/stream:0
[225414487ms] [ERROR] Failed to load resource: net::ERR_CONNECTION_REFUSED @ http://localhost:8099/stream:0
[225417493ms] [ERROR] Failed to load resource: net::ERR_CONNECTION_REFUSED @ http://localhost:8099/stream:0
[225420499ms] [ERROR] Failed to load resource: net::ERR_CONNECTION_REFUSED @ http://localhost:8099/stream:0
[225423504ms] [ERROR] Failed to load resource: net::ERR_CONNECTION_REFUSED @ http://localhost:8099/stream:0
[225426510ms] [ERROR] Failed to load resource: net::ERR_CONNECTION_REFUSED @ http://localhost:8099/stream:0
[225429513ms] [ERROR] Failed to load resource: net::ERR_CONNECTION_REFUSED @ http://localhost:8099/stream:0
[225432518ms] [ERROR] Failed to load resource: net::ERR_CONNECTION_REFUSED @ http://localhost:8099/stream:0
[225741629ms] [ERROR] Failed to load resource: net::ERR_CONNECTION_REFUSED @ http://localhost:8099/stream:0
[225744631ms] [ERROR] Failed to load resource: net::ERR_CONNECTION_REFUSED @ http://localhost:8099/stream:0
[225747644ms] [ERROR] Failed to load resource: net::ERR_CONNECTION_REFUSED @ http://localhost:8099/stream:0
[225750652ms] [ERROR] Failed to load resource: net::ERR_CONNECTION_REFUSED @ http://localhost:8099/stream:0
[225753658ms] [ERROR] Failed to load resource: net::ERR_CONNECTION_REFUSED @ http://localhost:8099/stream:0
[225756662ms] [ERROR] Failed to load resource: net::ERR_CONNECTION_REFUSED @ http://localhost:8099/stream:0
[225759667ms] [ERROR] Failed to load resource: net::ERR_CONNECTION_REFUSED @ http://localhost:8099/stream:0
[225762671ms] [ERROR] Failed to load resource: net::ERR_CONNECTION_REFUSED @ http://localhost:8099/stream:0
[225765674ms] [ERROR] Failed to load resource: net::ERR_CONNECTION_REFUSED @ http://localhost:8099/stream:0
[225768680ms] [ERROR] Failed to load resource: net::ERR_CONNECTION_REFUSED @ http://localhost:8099/stream:0
[225771684ms] [ERROR] Failed to load resource: net::ERR_CONNECTION_REFUSED @ http://localhost:8099/stream:0
[225774688ms] [ERROR] Failed to load resource: net::ERR_CONNECTION_REFUSED @ http://localhost:8099/stream:0
[225777694ms] [ERROR] Failed to load resource: net::ERR_CONNECTION_REFUSED @ http://localhost:8099/stream:0
[225780698ms] [ERROR] Failed to load resource: net::ERR_CONNECTION_REFUSED @ http://localhost:8099/stream:0
[225783702ms] [ERROR] Failed to load resource: net::ERR_CONNECTION_REFUSED @ http://localhost:8099/stream:0
[225786707ms] [ERROR] Failed to load resource: net::ERR_CONNECTION_REFUSED @ http://localhost:8099/stream:0
[225889555ms] [ERROR] Failed to load resource: net::ERR_CONNECTION_REFUSED @ http://localhost:8099/stream:0
[225892560ms] [ERROR] Failed to load resource: net::ERR_CONNECTION_REFUSED @ http://localhost:8099/stream:0
[225895565ms] [ERROR] Failed to load resource: net::ERR_CONNECTION_REFUSED @ http://localhost:8099/stream:0
[225898570ms] [ERROR] Failed to load resource: net::ERR_CONNECTION_REFUSED @ http://localhost:8099/stream:0
[225901576ms] [ERROR] Failed to load resource: net::ERR_CONNECTION_REFUSED @ http://localhost:8099/stream:0
[225904581ms] [ERROR] Failed to load resource: net::ERR_CONNECTION_REFUSED @ http://localhost:8099/stream:0
[225907587ms] [ERROR] Failed to load resource: net::ERR_CONNECTION_REFUSED @ http://localhost:8099/stream:0
[225910593ms] [ERROR] Failed to load resource: net::ERR_CONNECTION_REFUSED @ http://localhost:8099/stream:0
[225913596ms] [ERROR] Failed to load resource: net::ERR_CONNECTION_REFUSED @ http://localhost:8099/stream:0
[225916600ms] [ERROR] Failed to load resource: net::ERR_CONNECTION_REFUSED @ http://localhost:8099/stream:0
[225919606ms] [ERROR] Failed to load resource: net::ERR_CONNECTION_REFUSED @ http://localhost:8099/stream:0
[225922611ms] [ERROR] Failed to load resource: net::ERR_CONNECTION_REFUSED @ http://localhost:8099/stream:0
[225925614ms] [ERROR] Failed to load resource: net::ERR_CONNECTION_REFUSED @ http://localhost:8099/stream:0
[225928616ms] [ERROR] Failed to load resource: net::ERR_CONNECTION_REFUSED @ http://localhost:8099/stream:0
[225931620ms] [ERROR] Failed to load resource: net::ERR_CONNECTION_REFUSED @ http://localhost:8099/stream:0
[226182853ms] [ERROR] Failed to load resource: net::ERR_CONNECTION_REFUSED @ http://localhost:8099/stream:0
[226185917ms] [ERROR] Failed to load resource: net::ERR_CONNECTION_REFUSED @ http://localhost:8099/stream:0
[226188921ms] [ERROR] Failed to load resource: net::ERR_CONNECTION_REFUSED @ http://localhost:8099/stream:0
[226191936ms] [ERROR] Failed to load resource: net::ERR_CONNECTION_REFUSED @ http://localhost:8099/stream:0
[226194939ms] [ERROR] Failed to load resource: net::ERR_CONNECTION_REFUSED @ http://localhost:8099/stream:0
[226197945ms] [ERROR] Failed to load resource: net::ERR_CONNECTION_REFUSED @ http://localhost:8099/stream:0
[226200950ms] [ERROR] Failed to load resource: net::ERR_CONNECTION_REFUSED @ http://localhost:8099/stream:0
[226203955ms] [ERROR] Failed to load resource: net::ERR_CONNECTION_REFUSED @ http://localhost:8099/stream:0
[226206959ms] [ERROR] Failed to load resource: net::ERR_CONNECTION_REFUSED @ http://localhost:8099/stream:0
[226209963ms] [ERROR] Failed to load resource: net::ERR_CONNECTION_REFUSED @ http://localhost:8099/stream:0
[226212968ms] [ERROR] Failed to load resource: net::ERR_CONNECTION_REFUSED @ http://localhost:8099/stream:0
[226215973ms] [ERROR] Failed to load resource: net::ERR_CONNECTION_REFUSED @ http://localhost:8099/stream:0
[226218978ms] [ERROR] Failed to load resource: net::ERR_CONNECTION_REFUSED @ http://localhost:8099/stream:0
[226221981ms] [ERROR] Failed to load resource: net::ERR_CONNECTION_REFUSED @ http://localhost:8099/stream:0
[226224985ms] [ERROR] Failed to load resource: net::ERR_CONNECTION_REFUSED @ http://localhost:8099/stream:0
[226227990ms] [ERROR] Failed to load resource: net::ERR_CONNECTION_REFUSED @ http://localhost:8099/stream:0
[226230994ms] [ERROR] Failed to load resource: net::ERR_CONNECTION_REFUSED @ http://localhost:8099/stream:0
[226233998ms] [ERROR] Failed to load resource: net::ERR_CONNECTION_REFUSED @ http://localhost:8099/stream:0
[226237003ms] [ERROR] Failed to load resource: net::ERR_CONNECTION_REFUSED @ http://localhost:8099/stream:0
[226240007ms] [ERROR] Failed to load resource: net::ERR_CONNECTION_REFUSED @ http://localhost:8099/stream:0
[226243011ms] [ERROR] Failed to load resource: net::ERR_CONNECTION_REFUSED @ http://localhost:8099/stream:0
[226246016ms] [ERROR] Failed to load resource: net::ERR_CONNECTION_REFUSED @ http://localhost:8099/stream:0
[226249019ms] [ERROR] Failed to load resource: net::ERR_CONNECTION_REFUSED @ http://localhost:8099/stream:0
[226252022ms] [ERROR] Failed to load resource: net::ERR_CONNECTION_REFUSED @ http://localhost:8099/stream:0
[226255027ms] [ERROR] Failed to load resource: net::ERR_CONNECTION_REFUSED @ http://localhost:8099/stream:0
[226258030ms] [ERROR] Failed to load resource: net::ERR_CONNECTION_REFUSED @ http://localhost:8099/stream:0
[226261034ms] [ERROR] Failed to load resource: net::ERR_CONNECTION_REFUSED @ http://localhost:8099/stream:0
[226264040ms] [ERROR] Failed to load resource: net::ERR_CONNECTION_REFUSED @ http://localhost:8099/stream:0
[226267108ms] [ERROR] Failed to load resource: net::ERR_CONNECTION_REFUSED @ http://localhost:8099/stream:0
[226270105ms] [ERROR] Failed to load resource: net::ERR_CONNECTION_REFUSED @ http://localhost:8099/stream:0
