Fitter report for week3
Thu Dec  4 15:17:10 2025
Quartus Prime Version 20.1.1 Build 720 11/11/2020 SJ Lite Edition


---------------------
; Table of Contents ;
---------------------
  1. Legal Notice
  2. Fitter Summary
  3. Fitter Settings
  4. Parallel Compilation
  5. Incremental Compilation Preservation Summary
  6. Incremental Compilation Partition Settings
  7. Incremental Compilation Placement Preservation
  8. Pin-Out File
  9. Fitter Resource Usage Summary
 10. Fitter Partition Statistics
 11. Input Pins
 12. Output Pins
 13. Dual Purpose and Dedicated Pins
 14. I/O Bank Usage
 15. All Package Pins
 16. I/O Assignment Warnings
 17. Fitter Resource Utilization by Entity
 18. Delay Chain Summary
 19. Pad To Core Delay Chain Fanout
 20. Routing Usage Summary
 21. LAB Logic Elements
 22. LAB Signals Sourced
 23. LAB Signals Sourced Out
 24. LAB Distinct Inputs
 25. I/O Rules Summary
 26. I/O Rules Details
 27. I/O Rules Matrix
 28. Fitter Device Options
 29. Operating Settings and Conditions
 30. Fitter Messages
 31. Fitter Suppressed Messages



----------------
; Legal Notice ;
----------------
Copyright (C) 2020  Intel Corporation. All rights reserved.
Your use of Intel Corporation's design tools, logic functions 
and other software and tools, and any partner logic 
functions, and any output files from any of the foregoing 
(including device programming or simulation files), and any 
associated documentation or information are expressly subject 
to the terms and conditions of the Intel Program License 
Subscription Agreement, the Intel Quartus Prime License Agreement,
the Intel FPGA IP License Agreement, or other applicable license
agreement, including, without limitation, that your use is for
the sole purpose of programming logic devices manufactured by
Intel and sold by Intel or its authorized distributors.  Please
refer to the applicable agreement for further details, at
https://fpgasoftware.intel.com/eula.



+----------------------------------------------------------------------------------+
; Fitter Summary                                                                   ;
+------------------------------------+---------------------------------------------+
; Fitter Status                      ; Successful - Thu Dec  4 15:17:10 2025       ;
; Quartus Prime Version              ; 20.1.1 Build 720 11/11/2020 SJ Lite Edition ;
; Revision Name                      ; week3                                       ;
; Top-level Entity Name              ; riscv_alu_opt                               ;
; Family                             ; MAX 10                                      ;
; Device                             ; 10M50DAF484C7G                              ;
; Timing Models                      ; Final                                       ;
; Total logic elements               ; 578 / 49,760 ( 1 % )                        ;
;     Total combinational functions  ; 578 / 49,760 ( 1 % )                        ;
;     Dedicated logic registers      ; 0 / 49,760 ( 0 % )                          ;
; Total registers                    ; 0                                           ;
; Total pins                         ; 100 / 360 ( 28 % )                          ;
; Total virtual pins                 ; 0                                           ;
; Total memory bits                  ; 0 / 1,677,312 ( 0 % )                       ;
; Embedded Multiplier 9-bit elements ; 0 / 288 ( 0 % )                             ;
; Total PLLs                         ; 0 / 4 ( 0 % )                               ;
; UFM blocks                         ; 0 / 1 ( 0 % )                               ;
; ADC blocks                         ; 0 / 2 ( 0 % )                               ;
+------------------------------------+---------------------------------------------+


+----------------------------------------------------------------------------------------------------------------------------------------------------+
; Fitter Settings                                                                                                                                    ;
+--------------------------------------------------------------------+---------------------------------------+---------------------------------------+
; Option                                                             ; Setting                               ; Default Value                         ;
+--------------------------------------------------------------------+---------------------------------------+---------------------------------------+
; Device                                                             ; 10M50DAF484C7G                        ;                                       ;
; Minimum Core Junction Temperature                                  ; 0                                     ;                                       ;
; Maximum Core Junction Temperature                                  ; 85                                    ;                                       ;
; Fit Attempts to Skip                                               ; 0                                     ; 0.0                                   ;
; Use smart compilation                                              ; Off                                   ; Off                                   ;
; Enable parallel Assembler and Timing Analyzer during compilation   ; On                                    ; On                                    ;
; Enable compact report table                                        ; Off                                   ; Off                                   ;
; Auto Merge PLLs                                                    ; On                                    ; On                                    ;
; Router Timing Optimization Level                                   ; Normal                                ; Normal                                ;
; Perform Clocking Topology Analysis During Routing                  ; Off                                   ; Off                                   ;
; Placement Effort Multiplier                                        ; 1.0                                   ; 1.0                                   ;
; Router Effort Multiplier                                           ; 1.0                                   ; 1.0                                   ;
; Optimize Hold Timing                                               ; All Paths                             ; All Paths                             ;
; Optimize Multi-Corner Timing                                       ; On                                    ; On                                    ;
; Power Optimization During Fitting                                  ; Normal compilation                    ; Normal compilation                    ;
; SSN Optimization                                                   ; Off                                   ; Off                                   ;
; Optimize Timing                                                    ; Normal compilation                    ; Normal compilation                    ;
; Optimize Timing for ECOs                                           ; Off                                   ; Off                                   ;
; Regenerate Full Fit Report During ECO Compiles                     ; Off                                   ; Off                                   ;
; Optimize IOC Register Placement for Timing                         ; Normal                                ; Normal                                ;
; Final Placement Optimizations                                      ; Automatically                         ; Automatically                         ;
; Fitter Initial Placement Seed                                      ; 1                                     ; 1                                     ;
; Periphery to Core Placement and Routing Optimization               ; Off                                   ; Off                                   ;
; PCI I/O                                                            ; Off                                   ; Off                                   ;
; Weak Pull-Up Resistor                                              ; Off                                   ; Off                                   ;
; Enable Bus-Hold Circuitry                                          ; Off                                   ; Off                                   ;
; Auto Packed Registers                                              ; Auto                                  ; Auto                                  ;
; Auto Delay Chains                                                  ; On                                    ; On                                    ;
; Auto Delay Chains for High Fanout Input Pins                       ; Off                                   ; Off                                   ;
; Allow Single-ended Buffer for Differential-XSTL Input              ; Off                                   ; Off                                   ;
; Treat Bidirectional Pin as Output Pin                              ; Off                                   ; Off                                   ;
; Perform Physical Synthesis for Combinational Logic for Fitting     ; Off                                   ; Off                                   ;
; Perform Physical Synthesis for Combinational Logic for Performance ; Off                                   ; Off                                   ;
; Perform Register Duplication for Performance                       ; Off                                   ; Off                                   ;
; Perform Logic to Memory Mapping for Fitting                        ; Off                                   ; Off                                   ;
; Perform Register Retiming for Performance                          ; Off                                   ; Off                                   ;
; Perform Asynchronous Signal Pipelining                             ; Off                                   ; Off                                   ;
; Fitter Effort                                                      ; Auto Fit                              ; Auto Fit                              ;
; Physical Synthesis Effort Level                                    ; Normal                                ; Normal                                ;
; Logic Cell Insertion - Logic Duplication                           ; Auto                                  ; Auto                                  ;
; Auto Register Duplication                                          ; Auto                                  ; Auto                                  ;
; Auto Global Clock                                                  ; On                                    ; On                                    ;
; Auto Global Register Control Signals                               ; On                                    ; On                                    ;
; Reserve all unused pins                                            ; As input tri-stated with weak pull-up ; As input tri-stated with weak pull-up ;
; Synchronizer Identification                                        ; Auto                                  ; Auto                                  ;
; Enable Beneficial Skew Optimization                                ; On                                    ; On                                    ;
; Optimize Design for Metastability                                  ; On                                    ; On                                    ;
; Force Fitter to Avoid Periphery Placement Warnings                 ; Off                                   ; Off                                   ;
; Enable input tri-state on active configuration pins in user mode   ; Off                                   ; Off                                   ;
+--------------------------------------------------------------------+---------------------------------------+---------------------------------------+


+------------------------------------------+
; Parallel Compilation                     ;
+----------------------------+-------------+
; Processors                 ; Number      ;
+----------------------------+-------------+
; Number detected on machine ; 16          ;
; Maximum allowed            ; 16          ;
;                            ;             ;
; Average used               ; 1.37        ;
; Maximum used               ; 16          ;
;                            ;             ;
; Usage by Processor         ; % Time Used ;
;     Processor 1            ; 100.0%      ;
;     Processors 2-16        ;   2.5%      ;
+----------------------------+-------------+


+--------------------------------------------------------------------------------------------------+
; Incremental Compilation Preservation Summary                                                     ;
+---------------------+--------------------+----------------------------+--------------------------+
; Type                ; Total [A + B]      ; From Design Partitions [A] ; From Rapid Recompile [B] ;
+---------------------+--------------------+----------------------------+--------------------------+
; Placement (by node) ;                    ;                            ;                          ;
;     -- Requested    ; 0.00 % ( 0 / 797 ) ; 0.00 % ( 0 / 797 )         ; 0.00 % ( 0 / 797 )       ;
;     -- Achieved     ; 0.00 % ( 0 / 797 ) ; 0.00 % ( 0 / 797 )         ; 0.00 % ( 0 / 797 )       ;
;                     ;                    ;                            ;                          ;
; Routing (by net)    ;                    ;                            ;                          ;
;     -- Requested    ; 0.00 % ( 0 / 0 )   ; 0.00 % ( 0 / 0 )           ; 0.00 % ( 0 / 0 )         ;
;     -- Achieved     ; 0.00 % ( 0 / 0 )   ; 0.00 % ( 0 / 0 )           ; 0.00 % ( 0 / 0 )         ;
+---------------------+--------------------+----------------------------+--------------------------+


+----------------------------------------------------------------------------------------------------------------------------------------------------------------------------------------+
; Incremental Compilation Partition Settings                                                                                                                                             ;
+--------------------------------+----------------+-------------------+-------------------------+------------------------+------------------------------+--------------------------------+
; Partition Name                 ; Partition Type ; Netlist Type Used ; Preservation Level Used ; Netlist Type Requested ; Preservation Level Requested ; Contents                       ;
+--------------------------------+----------------+-------------------+-------------------------+------------------------+------------------------------+--------------------------------+
; Top                            ; User-created   ; Source File       ; N/A                     ; Source File            ; N/A                          ;                                ;
; hard_block:auto_generated_inst ; Auto-generated ; Source File       ; N/A                     ; Source File            ; N/A                          ; hard_block:auto_generated_inst ;
+--------------------------------+----------------+-------------------+-------------------------+------------------------+------------------------------+--------------------------------+


+------------------------------------------------------------------------------------------------------------------------------------+
; Incremental Compilation Placement Preservation                                                                                     ;
+--------------------------------+-----------------------+-------------------------+-------------------+---------------------+-------+
; Partition Name                 ; Preservation Achieved ; Preservation Level Used ; Netlist Type Used ; Preservation Method ; Notes ;
+--------------------------------+-----------------------+-------------------------+-------------------+---------------------+-------+
; Top                            ; 0.00 % ( 0 / 781 )    ; N/A                     ; Source File       ; N/A                 ;       ;
; hard_block:auto_generated_inst ; 0.00 % ( 0 / 16 )     ; N/A                     ; Source File       ; N/A                 ;       ;
+--------------------------------+-----------------------+-------------------------+-------------------+---------------------+-------+


+--------------+
; Pin-Out File ;
+--------------+
The pin-out file can be found in /home/nw1728/study/y2q2/ComputerArchitectureAndSynthesis/week3/quartus/output_files/week3.pin.


+---------------------------------------------------------------------+
; Fitter Resource Usage Summary                                       ;
+---------------------------------------------+-----------------------+
; Resource                                    ; Usage                 ;
+---------------------------------------------+-----------------------+
; Total logic elements                        ; 578 / 49,760 ( 1 % )  ;
;     -- Combinational with no register       ; 578                   ;
;     -- Register only                        ; 0                     ;
;     -- Combinational with a register        ; 0                     ;
;                                             ;                       ;
; Logic element usage by number of LUT inputs ;                       ;
;     -- 4 input functions                    ; 279                   ;
;     -- 3 input functions                    ; 245                   ;
;     -- <=2 input functions                  ; 54                    ;
;     -- Register only                        ; 0                     ;
;                                             ;                       ;
; Logic elements by mode                      ;                       ;
;     -- normal mode                          ; 515                   ;
;     -- arithmetic mode                      ; 63                    ;
;                                             ;                       ;
; Total registers*                            ; 0 / 51,509 ( 0 % )    ;
;     -- Dedicated logic registers            ; 0 / 49,760 ( 0 % )    ;
;     -- I/O registers                        ; 0 / 1,749 ( 0 % )     ;
;                                             ;                       ;
; Total LABs:  partially or completely used   ; 40 / 3,110 ( 1 % )    ;
; Virtual pins                                ; 0                     ;
; I/O pins                                    ; 100 / 360 ( 28 % )    ;
;     -- Clock pins                           ; 3 / 8 ( 38 % )        ;
;     -- Dedicated input pins                 ; 1 / 1 ( 100 % )       ;
;                                             ;                       ;
; M9Ks                                        ; 0 / 182 ( 0 % )       ;
; UFM blocks                                  ; 0 / 1 ( 0 % )         ;
; ADC blocks                                  ; 0 / 2 ( 0 % )         ;
; Total block memory bits                     ; 0 / 1,677,312 ( 0 % ) ;
; Total block memory implementation bits      ; 0 / 1,677,312 ( 0 % ) ;
; Embedded Multiplier 9-bit elements          ; 0 / 288 ( 0 % )       ;
; PLLs                                        ; 0 / 4 ( 0 % )         ;
; Global signals                              ; 0                     ;
;     -- Global clocks                        ; 0 / 20 ( 0 % )        ;
; JTAGs                                       ; 0 / 1 ( 0 % )         ;
; CRC blocks                                  ; 0 / 1 ( 0 % )         ;
; Remote update blocks                        ; 0 / 1 ( 0 % )         ;
; Oscillator blocks                           ; 0 / 1 ( 0 % )         ;
; Impedance control blocks                    ; 0 / 1 ( 0 % )         ;
; Average interconnect usage (total/H/V)      ; 0.7% / 0.6% / 0.7%    ;
; Peak interconnect usage (total/H/V)         ; 13.4% / 12.2% / 15.2% ;
; Maximum fan-out                             ; 95                    ;
; Highest non-global fan-out                  ; 95                    ;
; Total fan-out                               ; 2101                  ;
; Average fan-out                             ; 2.64                  ;
+---------------------------------------------+-----------------------+
*  Register count does not include registers inside RAM blocks or DSP blocks.



+----------------------------------------------------------------------------------------------------+
; Fitter Partition Statistics                                                                        ;
+---------------------------------------------+---------------------+--------------------------------+
; Statistic                                   ; Top                 ; hard_block:auto_generated_inst ;
+---------------------------------------------+---------------------+--------------------------------+
; Difficulty Clustering Region                ; Low                 ; Low                            ;
;                                             ;                     ;                                ;
; Total logic elements                        ; 578 / 49760 ( 1 % ) ; 0 / 49760 ( 0 % )              ;
;     -- Combinational with no register       ; 578                 ; 0                              ;
;     -- Register only                        ; 0                   ; 0                              ;
;     -- Combinational with a register        ; 0                   ; 0                              ;
;                                             ;                     ;                                ;
; Logic element usage by number of LUT inputs ;                     ;                                ;
;     -- 4 input functions                    ; 279                 ; 0                              ;
;     -- 3 input functions                    ; 245                 ; 0                              ;
;     -- <=2 input functions                  ; 54                  ; 0                              ;
;     -- Register only                        ; 0                   ; 0                              ;
;                                             ;                     ;                                ;
; Logic elements by mode                      ;                     ;                                ;
;     -- normal mode                          ; 515                 ; 0                              ;
;     -- arithmetic mode                      ; 63                  ; 0                              ;
;                                             ;                     ;                                ;
; Total registers                             ; 0                   ; 0                              ;
;     -- Dedicated logic registers            ; 0 / 49760 ( 0 % )   ; 0 / 49760 ( 0 % )              ;
;     -- I/O registers                        ; 0                   ; 0                              ;
;                                             ;                     ;                                ;
; Total LABs:  partially or completely used   ; 40 / 3110 ( 1 % )   ; 0 / 3110 ( 0 % )               ;
;                                             ;                     ;                                ;
; Virtual pins                                ; 0                   ; 0                              ;
; I/O pins                                    ; 100                 ; 0                              ;
; Embedded Multiplier 9-bit elements          ; 0 / 288 ( 0 % )     ; 0 / 288 ( 0 % )                ;
; Total memory bits                           ; 0                   ; 0                              ;
; Total RAM block bits                        ; 0                   ; 0                              ;
; User Flash Memory                           ; 1 / 1 ( 100 % )     ; 0 / 1 ( 0 % )                  ;
; Analog-to-Digital Converter                 ; 2 / 2 ( 100 % )     ; 0 / 2 ( 0 % )                  ;
;                                             ;                     ;                                ;
; Connections                                 ;                     ;                                ;
;     -- Input Connections                    ; 0                   ; 0                              ;
;     -- Registered Input Connections         ; 0                   ; 0                              ;
;     -- Output Connections                   ; 0                   ; 0                              ;
;     -- Registered Output Connections        ; 0                   ; 0                              ;
;                                             ;                     ;                                ;
; Internal Connections                        ;                     ;                                ;
;     -- Total Connections                    ; 2107                ; 8                              ;
;     -- Registered Connections               ; 0                   ; 0                              ;
;                                             ;                     ;                                ;
; External Connections                        ;                     ;                                ;
;     -- Top                                  ; 0                   ; 0                              ;
;     -- hard_block:auto_generated_inst       ; 0                   ; 0                              ;
;                                             ;                     ;                                ;
; Partition Interface                         ;                     ;                                ;
;     -- Input Ports                          ; 67                  ; 0                              ;
;     -- Output Ports                         ; 33                  ; 0                              ;
;     -- Bidir Ports                          ; 0                   ; 0                              ;
;                                             ;                     ;                                ;
; Registered Ports                            ;                     ;                                ;
;     -- Registered Input Ports               ; 0                   ; 0                              ;
;     -- Registered Output Ports              ; 0                   ; 0                              ;
;                                             ;                     ;                                ;
; Port Connectivity                           ;                     ;                                ;
;     -- Input Ports driven by GND            ; 0                   ; 0                              ;
;     -- Output Ports driven by GND           ; 0                   ; 0                              ;
;     -- Input Ports driven by VCC            ; 0                   ; 0                              ;
;     -- Output Ports driven by VCC           ; 0                   ; 0                              ;
;     -- Input Ports with no Source           ; 0                   ; 0                              ;
;     -- Output Ports with no Source          ; 0                   ; 0                              ;
;     -- Input Ports with no Fanout           ; 0                   ; 0                              ;
;     -- Output Ports with no Fanout          ; 0                   ; 0                              ;
+---------------------------------------------+---------------------+--------------------------------+


+-------------------------------------------------------------------------------------------------------------------------------------------------------------------------------------------------------------------------------------------------------------------------------------------+
; Input Pins                                                                                                                                                                                                                                                                                ;
+----------+-------+----------+--------------+--------------+--------------+-----------------------+--------------------+--------+----------------+---------------+-----------------+----------+--------------+--------------+---------------------------+----------------------+-----------+
; Name     ; Pin # ; I/O Bank ; X coordinate ; Y coordinate ; Z coordinate ; Combinational Fan-Out ; Registered Fan-Out ; Global ; Input Register ; Power Up High ; PCI I/O Enabled ; Bus Hold ; Weak Pull Up ; I/O Standard ; Termination Control Block ; Location assigned by ; Slew Rate ;
+----------+-------+----------+--------------+--------------+--------------+-----------------------+--------------------+--------+----------------+---------------+-----------------+----------+--------------+--------------+---------------------------+----------------------+-----------+
; ALUOP[0] ; L18   ; 6        ; 78           ; 37           ; 14           ; 86                    ; 0                  ; no     ; no             ; no            ; yes             ; no       ; Off          ; 2.5 V        ; --                        ; Fitter               ; 0         ;
; ALUOP[1] ; A8    ; 7        ; 46           ; 54           ; 0            ; 48                    ; 0                  ; no     ; no             ; no            ; yes             ; no       ; Off          ; 2.5 V        ; --                        ; Fitter               ; 0         ;
; ALUOP[2] ; A11   ; 7        ; 51           ; 54           ; 7            ; 27                    ; 0                  ; no     ; no             ; no            ; yes             ; no       ; Off          ; 2.5 V        ; --                        ; Fitter               ; 0         ;
; A[0]     ; E11   ; 8        ; 36           ; 39           ; 14           ; 11                    ; 0                  ; no     ; no             ; no            ; yes             ; no       ; Off          ; 2.5 V        ; --                        ; Fitter               ; 0         ;
; A[10]    ; J11   ; 7        ; 49           ; 54           ; 21           ; 7                     ; 0                  ; no     ; no             ; no            ; yes             ; no       ; Off          ; 2.5 V        ; --                        ; Fitter               ; 0         ;
; A[11]    ; D10   ; 8        ; 31           ; 39           ; 28           ; 7                     ; 0                  ; no     ; no             ; no            ; yes             ; no       ; Off          ; 2.5 V        ; --                        ; Fitter               ; 0         ;
; A[12]    ; A12   ; 7        ; 54           ; 54           ; 21           ; 7                     ; 0                  ; no     ; no             ; no            ; yes             ; no       ; Off          ; 2.5 V        ; --                        ; Fitter               ; 0         ;
; A[13]    ; D13   ; 7        ; 56           ; 54           ; 28           ; 7                     ; 0                  ; no     ; no             ; no            ; yes             ; no       ; Off          ; 2.5 V        ; --                        ; Fitter               ; 0         ;
; A[14]    ; D12   ; 7        ; 51           ; 54           ; 0            ; 7                     ; 0                  ; no     ; no             ; no            ; yes             ; no       ; Off          ; 2.5 V        ; --                        ; Fitter               ; 0         ;
; A[15]    ; A17   ; 7        ; 64           ; 54           ; 0            ; 7                     ; 0                  ; no     ; no             ; no            ; yes             ; no       ; Off          ; 2.5 V        ; --                        ; Fitter               ; 0         ;
; A[16]    ; D21   ; 6        ; 78           ; 36           ; 7            ; 7                     ; 0                  ; no     ; no             ; no            ; yes             ; no       ; Off          ; 2.5 V        ; --                        ; Fitter               ; 0         ;
; A[17]    ; C10   ; 7        ; 51           ; 54           ; 28           ; 7                     ; 0                  ; no     ; no             ; no            ; yes             ; no       ; Off          ; 2.5 V        ; --                        ; Fitter               ; 0         ;
; A[18]    ; L19   ; 6        ; 78           ; 37           ; 7            ; 7                     ; 0                  ; no     ; no             ; no            ; yes             ; no       ; Off          ; 2.5 V        ; --                        ; Fitter               ; 0         ;
; A[19]    ; C20   ; 6        ; 78           ; 41           ; 7            ; 7                     ; 0                  ; no     ; no             ; no            ; yes             ; no       ; Off          ; 2.5 V        ; --                        ; Fitter               ; 0         ;
; A[1]     ; K15   ; 6        ; 78           ; 41           ; 14           ; 9                     ; 0                  ; no     ; no             ; no            ; yes             ; no       ; Off          ; 2.5 V        ; --                        ; Fitter               ; 0         ;
; A[20]    ; D15   ; 7        ; 66           ; 54           ; 14           ; 7                     ; 0                  ; no     ; no             ; no            ; yes             ; no       ; Off          ; 2.5 V        ; --                        ; Fitter               ; 0         ;
; A[21]    ; J10   ; 8        ; 34           ; 39           ; 7            ; 7                     ; 0                  ; no     ; no             ; no            ; yes             ; no       ; Off          ; 2.5 V        ; --                        ; Fitter               ; 0         ;
; A[22]    ; D7    ; 8        ; 29           ; 39           ; 14           ; 7                     ; 0                  ; no     ; no             ; no            ; yes             ; no       ; Off          ; 2.5 V        ; --                        ; Fitter               ; 0         ;
; A[23]    ; M18   ; 6        ; 78           ; 37           ; 21           ; 8                     ; 0                  ; no     ; no             ; no            ; yes             ; no       ; Off          ; 2.5 V        ; --                        ; Fitter               ; 0         ;
; A[24]    ; A14   ; 7        ; 58           ; 54           ; 28           ; 8                     ; 0                  ; no     ; no             ; no            ; yes             ; no       ; Off          ; 2.5 V        ; --                        ; Fitter               ; 0         ;
; A[25]    ; A16   ; 7        ; 60           ; 54           ; 14           ; 8                     ; 0                  ; no     ; no             ; no            ; yes             ; no       ; Off          ; 2.5 V        ; --                        ; Fitter               ; 0         ;
; A[26]    ; N18   ; 6        ; 78           ; 34           ; 22           ; 7                     ; 0                  ; no     ; no             ; no            ; yes             ; no       ; Off          ; 2.5 V        ; --                        ; Fitter               ; 0         ;
; A[27]    ; B10   ; 7        ; 46           ; 54           ; 7            ; 8                     ; 0                  ; no     ; no             ; no            ; yes             ; no       ; Off          ; 2.5 V        ; --                        ; Fitter               ; 0         ;
; A[28]    ; C11   ; 7        ; 51           ; 54           ; 21           ; 8                     ; 0                  ; no     ; no             ; no            ; yes             ; no       ; Off          ; 2.5 V        ; --                        ; Fitter               ; 0         ;
; A[29]    ; C12   ; 7        ; 54           ; 54           ; 28           ; 8                     ; 0                  ; no     ; no             ; no            ; yes             ; no       ; Off          ; 2.5 V        ; --                        ; Fitter               ; 0         ;
; A[2]     ; C15   ; 7        ; 60           ; 54           ; 0            ; 8                     ; 0                  ; no     ; no             ; no            ; yes             ; no       ; Off          ; 2.5 V        ; --                        ; Fitter               ; 0         ;
; A[30]    ; D8    ; 8        ; 31           ; 39           ; 0            ; 12                    ; 0                  ; no     ; no             ; no            ; yes             ; no       ; Off          ; 2.5 V        ; --                        ; Fitter               ; 0         ;
; A[31]    ; C7    ; 8        ; 34           ; 39           ; 0            ; 45                    ; 0                  ; no     ; no             ; no            ; yes             ; no       ; Off          ; 2.5 V        ; --                        ; Fitter               ; 0         ;
; A[3]     ; B12   ; 7        ; 49           ; 54           ; 0            ; 8                     ; 0                  ; no     ; no             ; no            ; yes             ; no       ; Off          ; 2.5 V        ; --                        ; Fitter               ; 0         ;
; A[4]     ; B14   ; 7        ; 56           ; 54           ; 0            ; 7                     ; 0                  ; no     ; no             ; no            ; yes             ; no       ; Off          ; 2.5 V        ; --                        ; Fitter               ; 0         ;
; A[5]     ; A18   ; 7        ; 66           ; 54           ; 28           ; 7                     ; 0                  ; no     ; no             ; no            ; yes             ; no       ; Off          ; 2.5 V        ; --                        ; Fitter               ; 0         ;
; A[6]     ; K14   ; 6        ; 78           ; 41           ; 22           ; 8                     ; 0                  ; no     ; no             ; no            ; yes             ; no       ; Off          ; 2.5 V        ; --                        ; Fitter               ; 0         ;
; A[7]     ; B7    ; 8        ; 34           ; 39           ; 21           ; 8                     ; 0                  ; no     ; no             ; no            ; yes             ; no       ; Off          ; 2.5 V        ; --                        ; Fitter               ; 0         ;
; A[8]     ; C18   ; 7        ; 69           ; 54           ; 21           ; 8                     ; 0                  ; no     ; no             ; no            ; yes             ; no       ; Off          ; 2.5 V        ; --                        ; Fitter               ; 0         ;
; A[9]     ; K18   ; 6        ; 78           ; 42           ; 21           ; 7                     ; 0                  ; no     ; no             ; no            ; yes             ; no       ; Off          ; 2.5 V        ; --                        ; Fitter               ; 0         ;
; B[0]     ; E10   ; 8        ; 36           ; 39           ; 21           ; 83                    ; 0                  ; no     ; no             ; no            ; yes             ; no       ; Off          ; 2.5 V        ; --                        ; Fitter               ; 0         ;
; B[10]    ; E9    ; 8        ; 29           ; 39           ; 0            ; 3                     ; 0                  ; no     ; no             ; no            ; yes             ; no       ; Off          ; 2.5 V        ; --                        ; Fitter               ; 0         ;
; B[11]    ; C21   ; 6        ; 78           ; 36           ; 0            ; 3                     ; 0                  ; no     ; no             ; no            ; yes             ; no       ; Off          ; 2.5 V        ; --                        ; Fitter               ; 0         ;
; B[12]    ; M15   ; 6        ; 78           ; 33           ; 21           ; 3                     ; 0                  ; no     ; no             ; no            ; yes             ; no       ; Off          ; 2.5 V        ; --                        ; Fitter               ; 0         ;
; B[13]    ; N19   ; 6        ; 78           ; 34           ; 14           ; 3                     ; 0                  ; no     ; no             ; no            ; yes             ; no       ; Off          ; 2.5 V        ; --                        ; Fitter               ; 0         ;
; B[14]    ; B15   ; 7        ; 58           ; 54           ; 7            ; 3                     ; 0                  ; no     ; no             ; no            ; yes             ; no       ; Off          ; 2.5 V        ; --                        ; Fitter               ; 0         ;
; B[15]    ; A13   ; 7        ; 54           ; 54           ; 14           ; 3                     ; 0                  ; no     ; no             ; no            ; yes             ; no       ; Off          ; 2.5 V        ; --                        ; Fitter               ; 0         ;
; B[16]    ; L14   ; 6        ; 78           ; 36           ; 22           ; 3                     ; 0                  ; no     ; no             ; no            ; yes             ; no       ; Off          ; 2.5 V        ; --                        ; Fitter               ; 0         ;
; B[17]    ; E14   ; 7        ; 66           ; 54           ; 21           ; 3                     ; 0                  ; no     ; no             ; no            ; yes             ; no       ; Off          ; 2.5 V        ; --                        ; Fitter               ; 0         ;
; B[18]    ; M20   ; 6        ; 78           ; 34           ; 7            ; 3                     ; 0                  ; no     ; no             ; no            ; yes             ; no       ; Off          ; 2.5 V        ; --                        ; Fitter               ; 0         ;
; B[19]    ; F22   ; 6        ; 78           ; 31           ; 0            ; 3                     ; 0                  ; no     ; no             ; no            ; yes             ; no       ; Off          ; 2.5 V        ; --                        ; Fitter               ; 0         ;
; B[1]     ; C8    ; 8        ; 36           ; 39           ; 28           ; 90                    ; 0                  ; no     ; no             ; no            ; yes             ; no       ; Off          ; 2.5 V        ; --                        ; Fitter               ; 0         ;
; B[20]    ; L20   ; 6        ; 78           ; 37           ; 0            ; 3                     ; 0                  ; no     ; no             ; no            ; yes             ; no       ; Off          ; 2.5 V        ; --                        ; Fitter               ; 0         ;
; B[21]    ; C6    ; 8        ; 29           ; 39           ; 7            ; 3                     ; 0                  ; no     ; no             ; no            ; yes             ; no       ; Off          ; 2.5 V        ; --                        ; Fitter               ; 0         ;
; B[22]    ; A15   ; 7        ; 58           ; 54           ; 0            ; 3                     ; 0                  ; no     ; no             ; no            ; yes             ; no       ; Off          ; 2.5 V        ; --                        ; Fitter               ; 0         ;
; B[23]    ; A19   ; 7        ; 66           ; 54           ; 7            ; 3                     ; 0                  ; no     ; no             ; no            ; yes             ; no       ; Off          ; 2.5 V        ; --                        ; Fitter               ; 0         ;
; B[24]    ; N20   ; 6        ; 78           ; 34           ; 0            ; 3                     ; 0                  ; no     ; no             ; no            ; yes             ; no       ; Off          ; 2.5 V        ; --                        ; Fitter               ; 0         ;
; B[25]    ; H14   ; 7        ; 60           ; 54           ; 21           ; 3                     ; 0                  ; no     ; no             ; no            ; yes             ; no       ; Off          ; 2.5 V        ; --                        ; Fitter               ; 0         ;
; B[26]    ; A5    ; 8        ; 31           ; 39           ; 14           ; 3                     ; 0                  ; no     ; no             ; no            ; yes             ; no       ; Off          ; 2.5 V        ; --                        ; Fitter               ; 0         ;
; B[27]    ; A6    ; 8        ; 34           ; 39           ; 28           ; 3                     ; 0                  ; no     ; no             ; no            ; yes             ; no       ; Off          ; 2.5 V        ; --                        ; Fitter               ; 0         ;
; B[28]    ; A20   ; 7        ; 66           ; 54           ; 0            ; 3                     ; 0                  ; no     ; no             ; no            ; yes             ; no       ; Off          ; 2.5 V        ; --                        ; Fitter               ; 0         ;
; B[29]    ; C14   ; 7        ; 58           ; 54           ; 14           ; 3                     ; 0                  ; no     ; no             ; no            ; yes             ; no       ; Off          ; 2.5 V        ; --                        ; Fitter               ; 0         ;
; B[2]     ; C9    ; 7        ; 46           ; 54           ; 14           ; 95                    ; 0                  ; no     ; no             ; no            ; yes             ; no       ; Off          ; 2.5 V        ; --                        ; Fitter               ; 0         ;
; B[30]    ; M14   ; 6        ; 78           ; 33           ; 14           ; 3                     ; 0                  ; no     ; no             ; no            ; yes             ; no       ; Off          ; 2.5 V        ; --                        ; Fitter               ; 0         ;
; B[31]    ; F21   ; 6        ; 78           ; 35           ; 21           ; 3                     ; 0                  ; no     ; no             ; no            ; yes             ; no       ; Off          ; 2.5 V        ; --                        ; Fitter               ; 0         ;
; B[3]     ; A9    ; 7        ; 46           ; 54           ; 21           ; 78                    ; 0                  ; no     ; no             ; no            ; yes             ; no       ; Off          ; 2.5 V        ; --                        ; Fitter               ; 0         ;
; B[4]     ; H11   ; 8        ; 34           ; 39           ; 14           ; 36                    ; 0                  ; no     ; no             ; no            ; yes             ; no       ; Off          ; 2.5 V        ; --                        ; Fitter               ; 0         ;
; B[5]     ; B16   ; 7        ; 60           ; 54           ; 7            ; 3                     ; 0                  ; no     ; no             ; no            ; yes             ; no       ; Off          ; 2.5 V        ; --                        ; Fitter               ; 0         ;
; B[6]     ; E20   ; 6        ; 78           ; 40           ; 0            ; 3                     ; 0                  ; no     ; no             ; no            ; yes             ; no       ; Off          ; 2.5 V        ; --                        ; Fitter               ; 0         ;
; B[7]     ; J12   ; 7        ; 54           ; 54           ; 7            ; 3                     ; 0                  ; no     ; no             ; no            ; yes             ; no       ; Off          ; 2.5 V        ; --                        ; Fitter               ; 0         ;
; B[8]     ; C13   ; 7        ; 58           ; 54           ; 21           ; 3                     ; 0                  ; no     ; no             ; no            ; yes             ; no       ; Off          ; 2.5 V        ; --                        ; Fitter               ; 0         ;
; B[9]     ; F16   ; 7        ; 71           ; 54           ; 28           ; 3                     ; 0                  ; no     ; no             ; no            ; yes             ; no       ; Off          ; 2.5 V        ; --                        ; Fitter               ; 0         ;
+----------+-------+----------+--------------+--------------+--------------+-----------------------+--------------------+--------+----------------+---------------+-----------------+----------+--------------+--------------+---------------------------+----------------------+-----------+


+-------------------------------------------------------------------------------------------------------------------------------------------------------------------------------------------------------------------------------------------------------------------------------------------------------------------------------------------------------------------------------------------------------------------------------------------------------------+
; Output Pins                                                                                                                                                                                                                                                                                                                                                                                                                                                 ;
+------------+-------+----------+--------------+--------------+--------------+-----------------+------------------------+---------------+-----------+-----------------+------------+---------------+----------+--------------+--------------+------------------+-----------------------------------+---------------------------+----------------------------+-----------------------------+----------------------+----------------------+---------------------+
; Name       ; Pin # ; I/O Bank ; X coordinate ; Y coordinate ; Z coordinate ; Output Register ; Output Enable Register ; Power Up High ; Slew Rate ; PCI I/O Enabled ; Open Drain ; TRI Primitive ; Bus Hold ; Weak Pull Up ; I/O Standard ; Current Strength ; Termination                       ; Termination Control Block ; Output Buffer Pre-emphasis ; Voltage Output Differential ; Location assigned by ; Output Enable Source ; Output Enable Group ;
+------------+-------+----------+--------------+--------------+--------------+-----------------+------------------------+---------------+-----------+-----------------+------------+---------------+----------+--------------+--------------+------------------+-----------------------------------+---------------------------+----------------------------+-----------------------------+----------------------+----------------------+---------------------+
; Result[0]  ; F19   ; 6        ; 78           ; 40           ; 7            ; no              ; no                     ; no            ; 2         ; no              ; no         ; no            ; no       ; Off          ; 2.5 V        ; Default          ; Series 50 Ohm without Calibration ; --                        ; no                         ; no                          ; Fitter               ; -                    ; -                   ;
; Result[10] ; D6    ; 8        ; 22           ; 39           ; 28           ; no              ; no                     ; no            ; 2         ; no              ; no         ; no            ; no       ; Off          ; 2.5 V        ; Default          ; Series 50 Ohm without Calibration ; --                        ; no                         ; no                          ; Fitter               ; -                    ; -                   ;
; Result[11] ; B3    ; 8        ; 26           ; 39           ; 14           ; no              ; no                     ; no            ; 2         ; no              ; no         ; no            ; no       ; Off          ; 2.5 V        ; Default          ; Series 50 Ohm without Calibration ; --                        ; no                         ; no                          ; Fitter               ; -                    ; -                   ;
; Result[12] ; E12   ; 7        ; 56           ; 54           ; 21           ; no              ; no                     ; no            ; 2         ; no              ; no         ; no            ; no       ; Off          ; 2.5 V        ; Default          ; Series 50 Ohm without Calibration ; --                        ; no                         ; no                          ; Fitter               ; -                    ; -                   ;
; Result[13] ; A2    ; 8        ; 26           ; 39           ; 0            ; no              ; no                     ; no            ; 2         ; no              ; no         ; no            ; no       ; Off          ; 2.5 V        ; Default          ; Series 50 Ohm without Calibration ; --                        ; no                         ; no                          ; Fitter               ; -                    ; -                   ;
; Result[14] ; E8    ; 8        ; 24           ; 39           ; 7            ; no              ; no                     ; no            ; 2         ; no              ; no         ; no            ; no       ; Off          ; 2.5 V        ; Default          ; Series 50 Ohm without Calibration ; --                        ; no                         ; no                          ; Fitter               ; -                    ; -                   ;
; Result[15] ; N15   ; 6        ; 78           ; 29           ; 14           ; no              ; no                     ; no            ; 2         ; no              ; no         ; no            ; no       ; Off          ; 2.5 V        ; Default          ; Series 50 Ohm without Calibration ; --                        ; no                         ; no                          ; Fitter               ; -                    ; -                   ;
; Result[16] ; D5    ; 8        ; 24           ; 39           ; 28           ; no              ; no                     ; no            ; 2         ; no              ; no         ; no            ; no       ; Off          ; 2.5 V        ; Default          ; Series 50 Ohm without Calibration ; --                        ; no                         ; no                          ; Fitter               ; -                    ; -                   ;
; Result[17] ; H13   ; 7        ; 54           ; 54           ; 0            ; no              ; no                     ; no            ; 2         ; no              ; no         ; no            ; no       ; Off          ; 2.5 V        ; Default          ; Series 50 Ohm without Calibration ; --                        ; no                         ; no                          ; Fitter               ; -                    ; -                   ;
; Result[18] ; B5    ; 8        ; 26           ; 39           ; 28           ; no              ; no                     ; no            ; 2         ; no              ; no         ; no            ; no       ; Off          ; 2.5 V        ; Default          ; Series 50 Ohm without Calibration ; --                        ; no                         ; no                          ; Fitter               ; -                    ; -                   ;
; Result[19] ; J18   ; 6        ; 78           ; 42           ; 14           ; no              ; no                     ; no            ; 2         ; no              ; no         ; no            ; no       ; Off          ; 2.5 V        ; Default          ; Series 50 Ohm without Calibration ; --                        ; no                         ; no                          ; Fitter               ; -                    ; -                   ;
; Result[1]  ; C22   ; 6        ; 78           ; 35           ; 0            ; no              ; no                     ; no            ; 2         ; no              ; no         ; no            ; no       ; Off          ; 2.5 V        ; Default          ; Series 50 Ohm without Calibration ; --                        ; no                         ; no                          ; Fitter               ; -                    ; -                   ;
; Result[20] ; K19   ; 6        ; 78           ; 42           ; 7            ; no              ; no                     ; no            ; 2         ; no              ; no         ; no            ; no       ; Off          ; 2.5 V        ; Default          ; Series 50 Ohm without Calibration ; --                        ; no                         ; no                          ; Fitter               ; -                    ; -                   ;
; Result[21] ; D19   ; 6        ; 78           ; 41           ; 0            ; no              ; no                     ; no            ; 2         ; no              ; no         ; no            ; no       ; Off          ; 2.5 V        ; Default          ; Series 50 Ohm without Calibration ; --                        ; no                         ; no                          ; Fitter               ; -                    ; -                   ;
; Result[22] ; A4    ; 8        ; 31           ; 39           ; 21           ; no              ; no                     ; no            ; 2         ; no              ; no         ; no            ; no       ; Off          ; 2.5 V        ; Default          ; Series 50 Ohm without Calibration ; --                        ; no                         ; no                          ; Fitter               ; -                    ; -                   ;
; Result[23] ; J13   ; 7        ; 60           ; 54           ; 28           ; no              ; no                     ; no            ; 2         ; no              ; no         ; no            ; no       ; Off          ; 2.5 V        ; Default          ; Series 50 Ohm without Calibration ; --                        ; no                         ; no                          ; Fitter               ; -                    ; -                   ;
; Result[24] ; E17   ; 6        ; 78           ; 43           ; 14           ; no              ; no                     ; no            ; 2         ; no              ; no         ; no            ; no       ; Off          ; 2.5 V        ; Default          ; Series 50 Ohm without Calibration ; --                        ; no                         ; no                          ; Fitter               ; -                    ; -                   ;
; Result[25] ; C16   ; 7        ; 62           ; 54           ; 28           ; no              ; no                     ; no            ; 2         ; no              ; no         ; no            ; no       ; Off          ; 2.5 V        ; Default          ; Series 50 Ohm without Calibration ; --                        ; no                         ; no                          ; Fitter               ; -                    ; -                   ;
; Result[26] ; H12   ; 7        ; 49           ; 54           ; 14           ; no              ; no                     ; no            ; 2         ; no              ; no         ; no            ; no       ; Off          ; 2.5 V        ; Default          ; Series 50 Ohm without Calibration ; --                        ; no                         ; no                          ; Fitter               ; -                    ; -                   ;
; Result[27] ; B20   ; 6        ; 78           ; 44           ; 7            ; no              ; no                     ; no            ; 2         ; no              ; no         ; no            ; no       ; Off          ; 2.5 V        ; Default          ; Series 50 Ohm without Calibration ; --                        ; no                         ; no                          ; Fitter               ; -                    ; -                   ;
; Result[28] ; A7    ; 7        ; 49           ; 54           ; 28           ; no              ; no                     ; no            ; 2         ; no              ; no         ; no            ; no       ; Off          ; 2.5 V        ; Default          ; Series 50 Ohm without Calibration ; --                        ; no                         ; no                          ; Fitter               ; -                    ; -                   ;
; Result[29] ; B8    ; 7        ; 46           ; 54           ; 28           ; no              ; no                     ; no            ; 2         ; no              ; no         ; no            ; no       ; Off          ; 2.5 V        ; Default          ; Series 50 Ohm without Calibration ; --                        ; no                         ; no                          ; Fitter               ; -                    ; -                   ;
; Result[2]  ; E13   ; 7        ; 56           ; 54           ; 14           ; no              ; no                     ; no            ; 2         ; no              ; no         ; no            ; no       ; Off          ; 2.5 V        ; Default          ; Series 50 Ohm without Calibration ; --                        ; no                         ; no                          ; Fitter               ; -                    ; -                   ;
; Result[30] ; A3    ; 8        ; 26           ; 39           ; 7            ; no              ; no                     ; no            ; 2         ; no              ; no         ; no            ; no       ; Off          ; 2.5 V        ; Default          ; Series 50 Ohm without Calibration ; --                        ; no                         ; no                          ; Fitter               ; -                    ; -                   ;
; Result[31] ; L15   ; 6        ; 78           ; 36           ; 14           ; no              ; no                     ; no            ; 2         ; no              ; no         ; no            ; no       ; Off          ; 2.5 V        ; Default          ; Series 50 Ohm without Calibration ; --                        ; no                         ; no                          ; Fitter               ; -                    ; -                   ;
; Result[3]  ; D9    ; 8        ; 31           ; 39           ; 7            ; no              ; no                     ; no            ; 2         ; no              ; no         ; no            ; no       ; Off          ; 2.5 V        ; Default          ; Series 50 Ohm without Calibration ; --                        ; no                         ; no                          ; Fitter               ; -                    ; -                   ;
; Result[4]  ; B11   ; 7        ; 49           ; 54           ; 7            ; no              ; no                     ; no            ; 2         ; no              ; no         ; no            ; no       ; Off          ; 2.5 V        ; Default          ; Series 50 Ohm without Calibration ; --                        ; no                         ; no                          ; Fitter               ; -                    ; -                   ;
; Result[5]  ; B22   ; 6        ; 78           ; 43           ; 7            ; no              ; no                     ; no            ; 2         ; no              ; no         ; no            ; no       ; Off          ; 2.5 V        ; Default          ; Series 50 Ohm without Calibration ; --                        ; no                         ; no                          ; Fitter               ; -                    ; -                   ;
; Result[6]  ; D14   ; 7        ; 56           ; 54           ; 7            ; no              ; no                     ; no            ; 2         ; no              ; no         ; no            ; no       ; Off          ; 2.5 V        ; Default          ; Series 50 Ohm without Calibration ; --                        ; no                         ; no                          ; Fitter               ; -                    ; -                   ;
; Result[7]  ; K20   ; 6        ; 78           ; 42           ; 0            ; no              ; no                     ; no            ; 2         ; no              ; no         ; no            ; no       ; Off          ; 2.5 V        ; Default          ; Series 50 Ohm without Calibration ; --                        ; no                         ; no                          ; Fitter               ; -                    ; -                   ;
; Result[8]  ; E19   ; 6        ; 78           ; 40           ; 21           ; no              ; no                     ; no            ; 2         ; no              ; no         ; no            ; no       ; Off          ; 2.5 V        ; Default          ; Series 50 Ohm without Calibration ; --                        ; no                         ; no                          ; Fitter               ; -                    ; -                   ;
; Result[9]  ; B4    ; 8        ; 26           ; 39           ; 21           ; no              ; no                     ; no            ; 2         ; no              ; no         ; no            ; no       ; Off          ; 2.5 V        ; Default          ; Series 50 Ohm without Calibration ; --                        ; no                         ; no                          ; Fitter               ; -                    ; -                   ;
; Zero       ; A10   ; 7        ; 51           ; 54           ; 14           ; no              ; no                     ; no            ; 2         ; no              ; no         ; no            ; no       ; Off          ; 2.5 V        ; Default          ; Series 50 Ohm without Calibration ; --                        ; no                         ; no                          ; Fitter               ; -                    ; -                   ;
+------------+-------+----------+--------------+--------------+--------------+-----------------+------------------------+---------------+-----------+-----------------+------------+---------------+----------+--------------+--------------+------------------+-----------------------------------+---------------------------+----------------------------+-----------------------------+----------------------+----------------------+---------------------+


+-----------------------------------------------------------------------------------------------------------------------------------------+
; Dual Purpose and Dedicated Pins                                                                                                         ;
+----------+----------------------------------------------------+--------------------------------+---------------------+------------------+
; Location ; Pin Name                                           ; Reserved As                    ; User Signal Name    ; Pin Type         ;
+----------+----------------------------------------------------+--------------------------------+---------------------+------------------+
; H2       ; DIFFIO_RX_L17n, DIFFOUT_L17n, TMS, Low_Speed       ; Reserved as secondary function ; ~ALTERA_TMS~        ; Dual Purpose Pin ;
; G2       ; DIFFIO_RX_L17p, DIFFOUT_L17p, TCK, Low_Speed       ; Reserved as secondary function ; ~ALTERA_TCK~        ; Dual Purpose Pin ;
; L4       ; DIFFIO_RX_L18n, DIFFOUT_L18n, TDI, Low_Speed       ; Reserved as secondary function ; ~ALTERA_TDI~        ; Dual Purpose Pin ;
; M5       ; DIFFIO_RX_L18p, DIFFOUT_L18p, TDO, Low_Speed       ; Reserved as secondary function ; ~ALTERA_TDO~        ; Dual Purpose Pin ;
; D9       ; DIFFIO_RX_T42n, DIFFOUT_T42n, DEV_CLRn, Low_Speed  ; Use as regular IO              ; Result[3]           ; Dual Purpose Pin ;
; D10      ; DIFFIO_RX_T44p, DIFFOUT_T44p, DEV_OE, Low_Speed    ; Use as regular IO              ; A[11]               ; Dual Purpose Pin ;
; H10      ; CONFIG_SEL, Low_Speed                              ; Reserved as secondary function ; ~ALTERA_CONFIG_SEL~ ; Dual Purpose Pin ;
; H9       ; nCONFIG, Low_Speed                                 ; Reserved as secondary function ; ~ALTERA_nCONFIG~    ; Dual Purpose Pin ;
; G9       ; DIFFIO_RX_T50p, DIFFOUT_T50p, nSTATUS, Low_Speed   ; Reserved as secondary function ; ~ALTERA_nSTATUS~    ; Dual Purpose Pin ;
; F8       ; DIFFIO_RX_T50n, DIFFOUT_T50n, CONF_DONE, Low_Speed ; Reserved as secondary function ; ~ALTERA_CONF_DONE~  ; Dual Purpose Pin ;
+----------+----------------------------------------------------+--------------------------------+---------------------+------------------+


+------------------------------------------------------------+
; I/O Bank Usage                                             ;
+----------+------------------+---------------+--------------+
; I/O Bank ; Usage            ; VCCIO Voltage ; VREF Voltage ;
+----------+------------------+---------------+--------------+
; 1A       ; 0 / 16 ( 0 % )   ; 2.5V          ; --           ;
; 1B       ; 4 / 24 ( 17 % )  ; 2.5V          ; --           ;
; 2        ; 0 / 36 ( 0 % )   ; 2.5V          ; --           ;
; 3        ; 0 / 48 ( 0 % )   ; 2.5V          ; --           ;
; 4        ; 0 / 48 ( 0 % )   ; 2.5V          ; --           ;
; 5        ; 0 / 40 ( 0 % )   ; 2.5V          ; --           ;
; 6        ; 32 / 60 ( 53 % ) ; 2.5V          ; --           ;
; 7        ; 44 / 52 ( 85 % ) ; 2.5V          ; --           ;
; 8        ; 28 / 36 ( 78 % ) ; 2.5V          ; --           ;
+----------+------------------+---------------+--------------+


+---------------------------------------------------------------------------------------------------------------------------------------------------------------------------------------+
; All Package Pins                                                                                                                                                                      ;
+----------+------------+----------+------------------------------------------------+--------+-----------------------+---------+------------+-----------------+----------+--------------+
; Location ; Pad Number ; I/O Bank ; Pin Name/Usage                                 ; Dir.   ; I/O Standard          ; Voltage ; I/O Type   ; User Assignment ; Bus Hold ; Weak Pull Up ;
+----------+------------+----------+------------------------------------------------+--------+-----------------------+---------+------------+-----------------+----------+--------------+
; A1       ;            ;          ; GND                                            ; gnd    ;                       ;         ; --         ;                 ; --       ; --           ;
; A2       ; 481        ; 8        ; Result[13]                                     ; output ; 2.5 V                 ;         ; Column I/O ; N               ; no       ; Off          ;
; A3       ; 483        ; 8        ; Result[30]                                     ; output ; 2.5 V                 ;         ; Column I/O ; N               ; no       ; Off          ;
; A4       ; 475        ; 8        ; Result[22]                                     ; output ; 2.5 V                 ;         ; Column I/O ; N               ; no       ; Off          ;
; A5       ; 473        ; 8        ; B[26]                                          ; input  ; 2.5 V                 ;         ; Column I/O ; N               ; no       ; Off          ;
; A6       ; 471        ; 8        ; B[27]                                          ; input  ; 2.5 V                 ;         ; Column I/O ; N               ; no       ; Off          ;
; A7       ; 445        ; 7        ; Result[28]                                     ; output ; 2.5 V                 ;         ; Column I/O ; N               ; no       ; Off          ;
; A8       ; 447        ; 7        ; ALUOP[1]                                       ; input  ; 2.5 V                 ;         ; Column I/O ; N               ; no       ; Off          ;
; A9       ; 449        ; 7        ; B[3]                                           ; input  ; 2.5 V                 ;         ; Column I/O ; N               ; no       ; Off          ;
; A10      ; 439        ; 7        ; Zero                                           ; output ; 2.5 V                 ;         ; Column I/O ; N               ; no       ; Off          ;
; A11      ; 437        ; 7        ; ALUOP[2]                                       ; input  ; 2.5 V                 ;         ; Column I/O ; N               ; no       ; Off          ;
; A12      ; 435        ; 7        ; A[12]                                          ; input  ; 2.5 V                 ;         ; Column I/O ; N               ; no       ; Off          ;
; A13      ; 433        ; 7        ; B[15]                                          ; input  ; 2.5 V                 ;         ; Column I/O ; N               ; no       ; Off          ;
; A14      ; 425        ; 7        ; A[24]                                          ; input  ; 2.5 V                 ;         ; Column I/O ; N               ; no       ; Off          ;
; A15      ; 421        ; 7        ; B[22]                                          ; input  ; 2.5 V                 ;         ; Column I/O ; N               ; no       ; Off          ;
; A16      ; 419        ; 7        ; A[25]                                          ; input  ; 2.5 V                 ;         ; Column I/O ; N               ; no       ; Off          ;
; A17      ; 407        ; 7        ; A[15]                                          ; input  ; 2.5 V                 ;         ; Column I/O ; N               ; no       ; Off          ;
; A18      ; 405        ; 7        ; A[5]                                           ; input  ; 2.5 V                 ;         ; Column I/O ; N               ; no       ; Off          ;
; A19      ; 403        ; 7        ; B[23]                                          ; input  ; 2.5 V                 ;         ; Column I/O ; N               ; no       ; Off          ;
; A20      ; 401        ; 7        ; B[28]                                          ; input  ; 2.5 V                 ;         ; Column I/O ; N               ; no       ; Off          ;
; A21      ; 371        ; 6        ; RESERVED_INPUT_WITH_WEAK_PULLUP                ;        ;                       ;         ; Row I/O    ;                 ; no       ; On           ;
; A22      ;            ;          ; GND                                            ; gnd    ;                       ;         ; --         ;                 ; --       ; --           ;
; AA1      ; 133        ; 3        ; RESERVED_INPUT_WITH_WEAK_PULLUP                ;        ;                       ;         ; Column I/O ;                 ; no       ; On           ;
; AA2      ; 135        ; 3        ; RESERVED_INPUT_WITH_WEAK_PULLUP                ;        ;                       ;         ; Column I/O ;                 ; no       ; On           ;
; AA3      ; 153        ; 3        ; RESERVED_INPUT_WITH_WEAK_PULLUP                ;        ;                       ;         ; Column I/O ;                 ; --       ; --           ;
; AA4      ;            ;          ; GND                                            ; gnd    ;                       ;         ; --         ;                 ; --       ; --           ;
; AA5      ; 157        ; 3        ; RESERVED_INPUT_WITH_WEAK_PULLUP                ;        ;                       ;         ; Column I/O ;                 ; no       ; On           ;
; AA6      ; 156        ; 3        ; RESERVED_INPUT_WITH_WEAK_PULLUP                ;        ;                       ;         ; Column I/O ;                 ; no       ; On           ;
; AA7      ; 158        ; 3        ; RESERVED_INPUT_WITH_WEAK_PULLUP                ;        ;                       ;         ; Column I/O ;                 ; no       ; On           ;
; AA8      ; 165        ; 3        ; RESERVED_INPUT_WITH_WEAK_PULLUP                ;        ;                       ;         ; Column I/O ;                 ; no       ; On           ;
; AA9      ; 169        ; 3        ; RESERVED_INPUT_WITH_WEAK_PULLUP                ;        ;                       ;         ; Column I/O ;                 ; no       ; On           ;
; AA10     ; 170        ; 3        ; RESERVED_INPUT_WITH_WEAK_PULLUP                ;        ;                       ;         ; Column I/O ;                 ; no       ; On           ;
; AA11     ; 180        ; 4        ; RESERVED_INPUT_WITH_WEAK_PULLUP                ;        ;                       ;         ; Column I/O ;                 ; no       ; On           ;
; AA12     ; 182        ; 4        ; RESERVED_INPUT_WITH_WEAK_PULLUP                ;        ;                       ;         ; Column I/O ;                 ; no       ; On           ;
; AA13     ; 197        ; 4        ; RESERVED_INPUT_WITH_WEAK_PULLUP                ;        ;                       ;         ; Column I/O ;                 ; --       ; --           ;
; AA14     ; 201        ; 4        ; RESERVED_INPUT_WITH_WEAK_PULLUP                ;        ;                       ;         ; Column I/O ;                 ; no       ; On           ;
; AA15     ; 205        ; 4        ; RESERVED_INPUT_WITH_WEAK_PULLUP                ;        ;                       ;         ; Column I/O ;                 ; no       ; On           ;
; AA16     ; 211        ; 4        ; RESERVED_INPUT_WITH_WEAK_PULLUP                ;        ;                       ;         ; Column I/O ;                 ; no       ; On           ;
; AA17     ; 212        ; 4        ; RESERVED_INPUT_WITH_WEAK_PULLUP                ;        ;                       ;         ; Column I/O ;                 ; no       ; On           ;
; AA18     ;            ;          ; GND                                            ; gnd    ;                       ;         ; --         ;                 ; --       ; --           ;
; AA19     ; 217        ; 4        ; RESERVED_INPUT_WITH_WEAK_PULLUP                ;        ;                       ;         ; Column I/O ;                 ; no       ; On           ;
; AA20     ; 227        ; 4        ; RESERVED_INPUT_WITH_WEAK_PULLUP                ;        ;                       ;         ; Column I/O ;                 ; no       ; On           ;
; AA21     ; 245        ; 5        ; RESERVED_INPUT_WITH_WEAK_PULLUP                ;        ;                       ;         ; Row I/O    ;                 ; no       ; On           ;
; AA22     ; 247        ; 5        ; RESERVED_INPUT_WITH_WEAK_PULLUP                ;        ;                       ;         ; Row I/O    ;                 ; no       ; On           ;
; AB1      ;            ;          ; GND                                            ; gnd    ;                       ;         ; --         ;                 ; --       ; --           ;
; AB2      ; 145        ; 3        ; RESERVED_INPUT_WITH_WEAK_PULLUP                ;        ;                       ;         ; Column I/O ;                 ; no       ; On           ;
; AB3      ; 147        ; 3        ; RESERVED_INPUT_WITH_WEAK_PULLUP                ;        ;                       ;         ; Column I/O ;                 ; no       ; On           ;
; AB4      ; 155        ; 3        ; RESERVED_INPUT_WITH_WEAK_PULLUP                ;        ;                       ;         ; Column I/O ;                 ; no       ; On           ;
; AB5      ; 159        ; 3        ; RESERVED_INPUT_WITH_WEAK_PULLUP                ;        ;                       ;         ; Column I/O ;                 ; no       ; On           ;
; AB6      ; 161        ; 3        ; RESERVED_INPUT_WITH_WEAK_PULLUP                ;        ;                       ;         ; Column I/O ;                 ; no       ; On           ;
; AB7      ; 163        ; 3        ; RESERVED_INPUT_WITH_WEAK_PULLUP                ;        ;                       ;         ; Column I/O ;                 ; no       ; On           ;
; AB8      ; 167        ; 3        ; RESERVED_INPUT_WITH_WEAK_PULLUP                ;        ;                       ;         ; Column I/O ;                 ; no       ; On           ;
; AB9      ; 171        ; 3        ; RESERVED_INPUT_WITH_WEAK_PULLUP                ;        ;                       ;         ; Column I/O ;                 ; no       ; On           ;
; AB10     ; 177        ; 4        ; RESERVED_INPUT_WITH_WEAK_PULLUP                ;        ;                       ;         ; Column I/O ;                 ; no       ; On           ;
; AB11     ; 179        ; 4        ; RESERVED_INPUT_WITH_WEAK_PULLUP                ;        ;                       ;         ; Column I/O ;                 ; no       ; On           ;
; AB12     ; 181        ; 4        ; RESERVED_INPUT_WITH_WEAK_PULLUP                ;        ;                       ;         ; Column I/O ;                 ; no       ; On           ;
; AB13     ; 183        ; 4        ; RESERVED_INPUT_WITH_WEAK_PULLUP                ;        ;                       ;         ; Column I/O ;                 ; no       ; On           ;
; AB14     ; 199        ; 4        ; RESERVED_INPUT_WITH_WEAK_PULLUP                ;        ;                       ;         ; Column I/O ;                 ; no       ; On           ;
; AB15     ; 203        ; 4        ; RESERVED_INPUT_WITH_WEAK_PULLUP                ;        ;                       ;         ; Column I/O ;                 ; no       ; On           ;
; AB16     ; 209        ; 4        ; RESERVED_INPUT_WITH_WEAK_PULLUP                ;        ;                       ;         ; Column I/O ;                 ; no       ; On           ;
; AB17     ; 241        ; 4        ; RESERVED_INPUT_WITH_WEAK_PULLUP                ;        ;                       ;         ; Column I/O ;                 ; no       ; On           ;
; AB18     ; 243        ; 4        ; RESERVED_INPUT_WITH_WEAK_PULLUP                ;        ;                       ;         ; Column I/O ;                 ; no       ; On           ;
; AB19     ; 213        ; 4        ; RESERVED_INPUT_WITH_WEAK_PULLUP                ;        ;                       ;         ; Column I/O ;                 ; no       ; On           ;
; AB20     ; 215        ; 4        ; RESERVED_INPUT_WITH_WEAK_PULLUP                ;        ;                       ;         ; Column I/O ;                 ; no       ; On           ;
; AB21     ; 225        ; 4        ; RESERVED_INPUT_WITH_WEAK_PULLUP                ;        ;                       ;         ; Column I/O ;                 ; no       ; On           ;
; AB22     ;            ;          ; GND                                            ; gnd    ;                       ;         ; --         ;                 ; --       ; --           ;
; B1       ; 495        ; 8        ; RESERVED_INPUT_WITH_WEAK_PULLUP                ;        ;                       ;         ; Column I/O ;                 ; no       ; On           ;
; B2       ; 493        ; 8        ; RESERVED_INPUT_WITH_WEAK_PULLUP                ;        ;                       ;         ; Column I/O ;                 ; no       ; On           ;
; B3       ; 484        ; 8        ; Result[11]                                     ; output ; 2.5 V                 ;         ; Column I/O ; N               ; no       ; Off          ;
; B4       ; 486        ; 8        ; Result[9]                                      ; output ; 2.5 V                 ;         ; Column I/O ; N               ; no       ; Off          ;
; B5       ; 485        ; 8        ; Result[18]                                     ; output ; 2.5 V                 ;         ; Column I/O ; N               ; no       ; Off          ;
; B6       ;            ;          ; GND                                            ; gnd    ;                       ;         ; --         ;                 ; --       ; --           ;
; B7       ; 469        ; 8        ; A[7]                                           ; input  ; 2.5 V                 ;         ; Column I/O ; N               ; no       ; Off          ;
; B8       ; 451        ; 7        ; Result[29]                                     ; output ; 2.5 V                 ;         ; Column I/O ; N               ; no       ; Off          ;
; B9       ;            ;          ; GND                                            ; gnd    ;                       ;         ; --         ;                 ; --       ; --           ;
; B10      ; 448        ; 7        ; A[27]                                          ; input  ; 2.5 V                 ;         ; Column I/O ; N               ; no       ; Off          ;
; B11      ; 443        ; 7        ; Result[4]                                      ; output ; 2.5 V                 ;         ; Column I/O ; N               ; no       ; Off          ;
; B12      ; 441        ; 7        ; A[3]                                           ; input  ; 2.5 V                 ;         ; Column I/O ; N               ; no       ; Off          ;
; B13      ;            ;          ; GND                                            ; gnd    ;                       ;         ; --         ;                 ; --       ; --           ;
; B14      ; 427        ; 7        ; A[4]                                           ; input  ; 2.5 V                 ;         ; Column I/O ; N               ; no       ; Off          ;
; B15      ; 423        ; 7        ; B[14]                                          ; input  ; 2.5 V                 ;         ; Column I/O ; N               ; no       ; Off          ;
; B16      ; 417        ; 7        ; B[5]                                           ; input  ; 2.5 V                 ;         ; Column I/O ; N               ; no       ; Off          ;
; B17      ; 402        ; 7        ; RESERVED_INPUT_WITH_WEAK_PULLUP                ;        ;                       ;         ; Column I/O ;                 ; no       ; On           ;
; B18      ;            ;          ; GND                                            ; gnd    ;                       ;         ; --         ;                 ; --       ; --           ;
; B19      ; 399        ; 7        ; RESERVED_INPUT_WITH_WEAK_PULLUP                ;        ;                       ;         ; Column I/O ;                 ; no       ; On           ;
; B20      ; 369        ; 6        ; Result[27]                                     ; output ; 2.5 V                 ;         ; Row I/O    ; N               ; no       ; Off          ;
; B21      ; 367        ; 6        ; RESERVED_INPUT_WITH_WEAK_PULLUP                ;        ;                       ;         ; Row I/O    ;                 ; no       ; On           ;
; B22      ; 365        ; 6        ; Result[5]                                      ; output ; 2.5 V                 ;         ; Row I/O    ; N               ; no       ; Off          ;
; C1       ; 33         ; 1B       ; RESERVED_INPUT_WITH_WEAK_PULLUP                ;        ;                       ;         ; Row I/O    ;                 ; --       ; --           ;
; C2       ; 499        ; 8        ; RESERVED_INPUT_WITH_WEAK_PULLUP                ;        ;                       ;         ; Column I/O ;                 ; no       ; On           ;
; C3       ; 497        ; 8        ; RESERVED_INPUT_WITH_WEAK_PULLUP                ;        ;                       ;         ; Column I/O ;                 ; no       ; On           ;
; C4       ; 487        ; 8        ; RESERVED_INPUT_WITH_WEAK_PULLUP                ;        ;                       ;         ; Column I/O ;                 ; no       ; On           ;
; C5       ; 489        ; 8        ; RESERVED_INPUT_WITH_WEAK_PULLUP                ;        ;                       ;         ; Column I/O ;                 ; no       ; On           ;
; C6       ; 477        ; 8        ; B[21]                                          ; input  ; 2.5 V                 ;         ; Column I/O ; N               ; no       ; Off          ;
; C7       ; 467        ; 8        ; A[31]                                          ; input  ; 2.5 V                 ;         ; Column I/O ; N               ; no       ; Off          ;
; C8       ; 465        ; 8        ; B[1]                                           ; input  ; 2.5 V                 ;         ; Column I/O ; N               ; no       ; Off          ;
; C9       ; 450        ; 7        ; B[2]                                           ; input  ; 2.5 V                 ;         ; Column I/O ; N               ; no       ; Off          ;
; C10      ; 442        ; 7        ; A[17]                                          ; input  ; 2.5 V                 ;         ; Column I/O ; N               ; no       ; Off          ;
; C11      ; 440        ; 7        ; A[28]                                          ; input  ; 2.5 V                 ;         ; Column I/O ; N               ; no       ; Off          ;
; C12      ; 436        ; 7        ; A[29]                                          ; input  ; 2.5 V                 ;         ; Column I/O ; N               ; no       ; Off          ;
; C13      ; 426        ; 7        ; B[8]                                           ; input  ; 2.5 V                 ;         ; Column I/O ; N               ; no       ; Off          ;
; C14      ; 424        ; 7        ; B[29]                                          ; input  ; 2.5 V                 ;         ; Column I/O ; N               ; no       ; Off          ;
; C15      ; 418        ; 7        ; A[2]                                           ; input  ; 2.5 V                 ;         ; Column I/O ; N               ; no       ; Off          ;
; C16      ; 416        ; 7        ; Result[25]                                     ; output ; 2.5 V                 ;         ; Column I/O ; N               ; no       ; Off          ;
; C17      ; 391        ; 7        ; RESERVED_INPUT_WITH_WEAK_PULLUP                ;        ;                       ;         ; Column I/O ;                 ; no       ; On           ;
; C18      ; 400        ; 7        ; A[8]                                           ; input  ; 2.5 V                 ;         ; Column I/O ; N               ; no       ; Off          ;
; C19      ; 397        ; 7        ; RESERVED_INPUT_WITH_WEAK_PULLUP                ;        ;                       ;         ; Column I/O ;                 ; no       ; On           ;
; C20      ; 357        ; 6        ; A[19]                                          ; input  ; 2.5 V                 ;         ; Row I/O    ; N               ; no       ; Off          ;
; C21      ; 347        ; 6        ; B[11]                                          ; input  ; 2.5 V                 ;         ; Row I/O    ; N               ; no       ; Off          ;
; C22      ; 343        ; 6        ; Result[1]                                      ; output ; 2.5 V                 ;         ; Row I/O    ; N               ; no       ; Off          ;
; D1       ; 35         ; 1B       ; RESERVED_INPUT_WITH_WEAK_PULLUP                ;        ;                       ;         ; Row I/O    ;                 ; no       ; On           ;
; D2       ; 31         ; 1B       ; RESERVED_INPUT_WITH_WEAK_PULLUP                ;        ;                       ;         ; Row I/O    ;                 ; no       ; On           ;
; D3       ; 29         ; 1B       ; RESERVED_INPUT_WITH_WEAK_PULLUP                ;        ;                       ;         ; Row I/O    ;                 ; no       ; On           ;
; D4       ;            ;          ; GND                                            ; gnd    ;                       ;         ; --         ;                 ; --       ; --           ;
; D5       ; 491        ; 8        ; Result[16]                                     ; output ; 2.5 V                 ;         ; Column I/O ; N               ; no       ; Off          ;
; D6       ; 496        ; 8        ; Result[10]                                     ; output ; 2.5 V                 ;         ; Column I/O ; N               ; no       ; Off          ;
; D7       ; 479        ; 8        ; A[22]                                          ; input  ; 2.5 V                 ;         ; Column I/O ; N               ; no       ; Off          ;
; D8       ; 472        ; 8        ; A[30]                                          ; input  ; 2.5 V                 ;         ; Column I/O ; N               ; no       ; Off          ;
; D9       ; 474        ; 8        ; Result[3]                                      ; output ; 2.5 V                 ;         ; Column I/O ; N               ; no       ; Off          ;
; D10      ; 476        ; 8        ; A[11]                                          ; input  ; 2.5 V                 ;         ; Column I/O ; N               ; no       ; Off          ;
; D11      ;            ;          ; GND                                            ; gnd    ;                       ;         ; --         ;                 ; --       ; --           ;
; D12      ; 438        ; 7        ; A[14]                                          ; input  ; 2.5 V                 ;         ; Column I/O ; N               ; no       ; Off          ;
; D13      ; 431        ; 7        ; A[13]                                          ; input  ; 2.5 V                 ;         ; Column I/O ; N               ; no       ; Off          ;
; D14      ; 428        ; 7        ; Result[6]                                      ; output ; 2.5 V                 ;         ; Column I/O ; N               ; no       ; Off          ;
; D15      ; 404        ; 7        ; A[20]                                          ; input  ; 2.5 V                 ;         ; Column I/O ; N               ; no       ; Off          ;
; D16      ;            ;          ; GND                                            ; gnd    ;                       ;         ; --         ;                 ; --       ; --           ;
; D17      ; 389        ; 7        ; RESERVED_INPUT_WITH_WEAK_PULLUP                ;        ;                       ;         ; Column I/O ;                 ; no       ; On           ;
; D18      ; 385        ; 6        ; RESERVED_INPUT_WITH_WEAK_PULLUP                ;        ;                       ;         ; Row I/O    ;                 ; no       ; On           ;
; D19      ; 359        ; 6        ; Result[21]                                     ; output ; 2.5 V                 ;         ; Row I/O    ; N               ; no       ; Off          ;
; D20      ;            ;          ; GND                                            ; gnd    ;                       ;         ; --         ;                 ; --       ; --           ;
; D21      ; 345        ; 6        ; A[16]                                          ; input  ; 2.5 V                 ;         ; Row I/O    ; N               ; no       ; Off          ;
; D22      ; 341        ; 6        ; RESERVED_INPUT_WITH_WEAK_PULLUP                ;        ;                       ;         ; Row I/O    ;                 ; no       ; On           ;
; E1       ; 41         ; 1B       ; RESERVED_INPUT_WITH_WEAK_PULLUP                ;        ;                       ;         ; Row I/O    ;                 ; no       ; On           ;
; E2       ;            ;          ; GND                                            ; gnd    ;                       ;         ; --         ;                 ; --       ; --           ;
; E3       ; 3          ; 1A       ; RESERVED_INPUT_WITH_WEAK_PULLUP                ;        ;                       ;         ; Row I/O    ;                 ; no       ; On           ;
; E4       ; 1          ; 1A       ; RESERVED_INPUT_WITH_WEAK_PULLUP                ;        ;                       ;         ; Row I/O    ;                 ; no       ; On           ;
; E5       ;            ;          ; NC                                             ;        ;                       ;         ; --         ;                 ; --       ; --           ;
; E6       ; 498        ; 8        ; RESERVED_INPUT_WITH_WEAK_PULLUP                ;        ;                       ;         ; Column I/O ;                 ; no       ; On           ;
; E7       ;            ;          ; GND                                            ; gnd    ;                       ;         ; --         ;                 ; --       ; --           ;
; E8       ; 488        ; 8        ; Result[14]                                     ; output ; 2.5 V                 ;         ; Column I/O ; N               ; no       ; Off          ;
; E9       ; 478        ; 8        ; B[10]                                          ; input  ; 2.5 V                 ;         ; Column I/O ; N               ; no       ; Off          ;
; E10      ; 466        ; 8        ; B[0]                                           ; input  ; 2.5 V                 ;         ; Column I/O ; N               ; no       ; Off          ;
; E11      ; 464        ; 8        ; A[0]                                           ; input  ; 2.5 V                 ;         ; Column I/O ; N               ; no       ; Off          ;
; E12      ; 429        ; 7        ; Result[12]                                     ; output ; 2.5 V                 ;         ; Column I/O ; N               ; no       ; Off          ;
; E13      ; 430        ; 7        ; Result[2]                                      ; output ; 2.5 V                 ;         ; Column I/O ; N               ; no       ; Off          ;
; E14      ; 406        ; 7        ; B[17]                                          ; input  ; 2.5 V                 ;         ; Column I/O ; N               ; no       ; Off          ;
; E15      ; 390        ; 7        ; RESERVED_INPUT_WITH_WEAK_PULLUP                ;        ;                       ;         ; Column I/O ;                 ; no       ; On           ;
; E16      ; 388        ; 7        ; RESERVED_INPUT_WITH_WEAK_PULLUP                ;        ;                       ;         ; Column I/O ;                 ; no       ; On           ;
; E17      ; 366        ; 6        ; Result[24]                                     ; output ; 2.5 V                 ;         ; Row I/O    ; N               ; no       ; Off          ;
; E18      ; 387        ; 6        ; RESERVED_INPUT_WITH_WEAK_PULLUP                ;        ;                       ;         ; Row I/O    ;                 ; no       ; On           ;
; E19      ; 352        ; 6        ; Result[8]                                      ; output ; 2.5 V                 ;         ; Row I/O    ; N               ; no       ; Off          ;
; E20      ; 355        ; 6        ; B[6]                                           ; input  ; 2.5 V                 ;         ; Row I/O    ; N               ; no       ; Off          ;
; E21      ; 335        ; 6        ; RESERVED_INPUT_WITH_WEAK_PULLUP                ;        ;                       ;         ; Row I/O    ;                 ; no       ; On           ;
; E22      ; 333        ; 6        ; RESERVED_INPUT_WITH_WEAK_PULLUP                ;        ;                       ;         ; Row I/O    ;                 ; no       ; On           ;
; F1       ; 47         ; 1B       ; RESERVED_INPUT_WITH_WEAK_PULLUP                ;        ;                       ;         ; Row I/O    ;                 ; no       ; On           ;
; F2       ; 43         ; 1B       ; RESERVED_INPUT_WITH_WEAK_PULLUP                ;        ;                       ;         ; Row I/O    ;                 ; no       ; On           ;
; F3       ; 7          ; 1A       ; RESERVED_INPUT_WITH_WEAK_PULLUP                ;        ;                       ;         ; Row I/O    ;                 ; no       ; On           ;
; F4       ; 2          ; 1A       ; RESERVED_INPUT_WITH_WEAK_PULLUP                ;        ;                       ;         ; Row I/O    ;                 ; no       ; On           ;
; F5       ; 0          ; 1A       ; RESERVED_INPUT_WITH_WEAK_PULLUP                ;        ;                       ;         ; Row I/O    ;                 ; no       ; On           ;
; F6       ;            ;          ; NC                                             ;        ;                       ;         ; --         ;                 ; --       ; --           ;
; F7       ; 490        ; 8        ; RESERVED_INPUT_WITH_WEAK_PULLUP                ;        ;                       ;         ; Column I/O ;                 ; no       ; On           ;
; F8       ; 494        ; 8        ; ~ALTERA_CONF_DONE~ / RESERVED_INPUT            ; input  ; 2.5 V Schmitt Trigger ;         ; Column I/O ; N               ; no       ; Off          ;
; F9       ;            ; 8        ; VCCIO8                                         ; power  ;                       ; 2.5V    ; --         ;                 ; --       ; --           ;
; F10      ;            ;          ; GND                                            ; gnd    ;                       ;         ; --         ;                 ; --       ; --           ;
; F11      ;            ; 8        ; VCCIO8                                         ; power  ;                       ; 2.5V    ; --         ;                 ; --       ; --           ;
; F12      ;            ; 7        ; VCCIO7                                         ; power  ;                       ; 2.5V    ; --         ;                 ; --       ; --           ;
; F13      ;            ;          ; GND                                            ; gnd    ;                       ;         ; --         ;                 ; --       ; --           ;
; F14      ;            ; 7        ; VCCIO7                                         ; power  ;                       ; 2.5V    ; --         ;                 ; --       ; --           ;
; F15      ; 398        ; 7        ; RESERVED_INPUT_WITH_WEAK_PULLUP                ;        ;                       ;         ; Column I/O ;                 ; no       ; On           ;
; F16      ; 396        ; 7        ; B[9]                                           ; input  ; 2.5 V                 ;         ; Column I/O ; N               ; no       ; Off          ;
; F17      ; 364        ; 6        ; RESERVED_INPUT_WITH_WEAK_PULLUP                ;        ;                       ;         ; Row I/O    ;                 ; no       ; On           ;
; F18      ; 354        ; 6        ; RESERVED_INPUT_WITH_WEAK_PULLUP                ;        ;                       ;         ; Row I/O    ;                 ; no       ; On           ;
; F19      ; 353        ; 6        ; Result[0]                                      ; output ; 2.5 V                 ;         ; Row I/O    ; N               ; no       ; Off          ;
; F20      ; 342        ; 6        ; RESERVED_INPUT_WITH_WEAK_PULLUP                ;        ;                       ;         ; Row I/O    ;                 ; no       ; On           ;
; F21      ; 340        ; 6        ; B[31]                                          ; input  ; 2.5 V                 ;         ; Row I/O    ; N               ; no       ; Off          ;
; F22      ; 331        ; 6        ; B[19]                                          ; input  ; 2.5 V                 ;         ; Row I/O    ; N               ; no       ; Off          ;
; G1       ; 45         ; 1B       ; RESERVED_INPUT_WITH_WEAK_PULLUP                ;        ;                       ;         ; Row I/O    ;                 ; no       ; On           ;
; G2       ; 34         ; 1B       ; ~ALTERA_TCK~ / RESERVED_INPUT                  ; input  ; 2.5 V Schmitt Trigger ;         ; Row I/O    ; N               ; no       ; Off          ;
; G3       ; 11         ; 1A       ; RESERVED_INPUT_WITH_WEAK_PULLUP                ;        ;                       ;         ; Row I/O    ;                 ; no       ; On           ;
; G4       ; 5          ; 1A       ; RESERVED_INPUT_WITH_WEAK_PULLUP                ;        ;                       ;         ; Row I/O    ;                 ; no       ; On           ;
; G5       ;            ;          ; ANAIN1                                         ;        ;                       ;         ; --         ;                 ; --       ; --           ;
; G6       ;            ;          ; GND                                            ; gnd    ;                       ;         ; --         ;                 ; --       ; --           ;
; G7       ;            ;          ; VCCD_PLL3                                      ; power  ;                       ; 1.2V    ; --         ;                 ; --       ; --           ;
; G8       ;            ;          ; GND                                            ; gnd    ;                       ;         ; --         ;                 ; --       ; --           ;
; G9       ; 492        ; 8        ; ~ALTERA_nSTATUS~ / RESERVED_INPUT              ; input  ; 2.5 V Schmitt Trigger ;         ; Column I/O ; N               ; no       ; Off          ;
; G10      ;            ; 8        ; VCCIO8                                         ; power  ;                       ; 2.5V    ; --         ;                 ; --       ; --           ;
; G11      ;            ; 8        ; VCCIO8                                         ; power  ;                       ; 2.5V    ; --         ;                 ; --       ; --           ;
; G12      ;            ; 7        ; VCCIO7                                         ; power  ;                       ; 2.5V    ; --         ;                 ; --       ; --           ;
; G13      ;            ; 7        ; VCCIO7                                         ; power  ;                       ; 2.5V    ; --         ;                 ; --       ; --           ;
; G14      ;            ; 7        ; VCCIO7                                         ; power  ;                       ; 2.5V    ; --         ;                 ; --       ; --           ;
; G15      ;            ;          ; GND                                            ; gnd    ;                       ;         ; --         ;                 ; --       ; --           ;
; G16      ;            ;          ; VCCD_PLL2                                      ; power  ;                       ; 1.2V    ; --         ;                 ; --       ; --           ;
; G17      ; 386        ; 6        ; RESERVED_INPUT_WITH_WEAK_PULLUP                ;        ;                       ;         ; Row I/O    ;                 ; no       ; On           ;
; G18      ;            ;          ; GND                                            ; gnd    ;                       ;         ; --         ;                 ; --       ; --           ;
; G19      ; 330        ; 6        ; RESERVED_INPUT_WITH_WEAK_PULLUP                ;        ;                       ;         ; Row I/O    ;                 ; no       ; On           ;
; G20      ; 328        ; 6        ; RESERVED_INPUT_WITH_WEAK_PULLUP                ;        ;                       ;         ; Row I/O    ;                 ; no       ; On           ;
; G21      ;            ;          ; GND                                            ; gnd    ;                       ;         ; --         ;                 ; --       ; --           ;
; G22      ; 329        ; 6        ; RESERVED_INPUT_WITH_WEAK_PULLUP                ;        ;                       ;         ; Row I/O    ;                 ; no       ; On           ;
; H1       ; 44         ; 1B       ; RESERVED_INPUT_WITH_WEAK_PULLUP                ;        ;                       ;         ; Row I/O    ;                 ; no       ; On           ;
; H2       ; 32         ; 1B       ; ~ALTERA_TMS~ / RESERVED_INPUT_WITH_WEAK_PULLUP ; input  ; 2.5 V Schmitt Trigger ;         ; Row I/O    ; N               ; no       ; On           ;
; H3       ; 10         ; 1A       ; RESERVED_INPUT_WITH_WEAK_PULLUP                ;        ;                       ;         ; Row I/O    ;                 ; no       ; On           ;
; H4       ; 9          ; 1A       ; RESERVED_INPUT_WITH_WEAK_PULLUP                ;        ;                       ;         ; Row I/O    ;                 ; no       ; On           ;
; H5       ;            ;          ; REFGND                                         ;        ;                       ;         ; --         ;                 ; --       ; --           ;
; H6       ;            ;          ; ADC_VREF                                       ;        ;                       ;         ; --         ;                 ; --       ; --           ;
; H7       ;            ; --       ; VCCA_ADC                                       ; power  ;                       ; 2.5V    ; --         ;                 ; --       ; --           ;
; H8       ;            ; --       ; VCCA3                                          ; power  ;                       ; 2.5V    ; --         ;                 ; --       ; --           ;
; H9       ; 482        ; 8        ; ~ALTERA_nCONFIG~ / RESERVED_INPUT              ; input  ; 2.5 V Schmitt Trigger ;         ; Column I/O ; N               ; no       ; Off          ;
; H10      ; 480        ; 8        ; ~ALTERA_CONFIG_SEL~ / RESERVED_INPUT           ; input  ; 2.5 V                 ;         ; Column I/O ; N               ; no       ; Off          ;
; H11      ; 470        ; 8        ; B[4]                                           ; input  ; 2.5 V                 ;         ; Column I/O ; N               ; no       ; Off          ;
; H12      ; 444        ; 7        ; Result[26]                                     ; output ; 2.5 V                 ;         ; Column I/O ; N               ; no       ; Off          ;
; H13      ; 432        ; 7        ; Result[17]                                     ; output ; 2.5 V                 ;         ; Column I/O ; N               ; no       ; Off          ;
; H14      ; 420        ; 7        ; B[25]                                          ; input  ; 2.5 V                 ;         ; Column I/O ; N               ; no       ; Off          ;
; H15      ;            ; --       ; VCCA2                                          ; power  ;                       ; 2.5V    ; --         ;                 ; --       ; --           ;
; H16      ;            ; 6        ; VCCIO6                                         ; power  ;                       ; 2.5V    ; --         ;                 ; --       ; --           ;
; H17      ; 384        ; 6        ; RESERVED_INPUT_WITH_WEAK_PULLUP                ;        ;                       ;         ; Row I/O    ;                 ; no       ; On           ;
; H18      ; 374        ; 6        ; RESERVED_INPUT_WITH_WEAK_PULLUP                ;        ;                       ;         ; Row I/O    ;                 ; no       ; On           ;
; H19      ; 372        ; 6        ; RESERVED_INPUT_WITH_WEAK_PULLUP                ;        ;                       ;         ; Row I/O    ;                 ; no       ; On           ;
; H20      ; 375        ; 6        ; RESERVED_INPUT_WITH_WEAK_PULLUP                ;        ;                       ;         ; Row I/O    ;                 ; no       ; On           ;
; H21      ; 323        ; 6        ; RESERVED_INPUT_WITH_WEAK_PULLUP                ;        ;                       ;         ; Row I/O    ;                 ; no       ; On           ;
; H22      ; 321        ; 6        ; RESERVED_INPUT_WITH_WEAK_PULLUP                ;        ;                       ;         ; Row I/O    ;                 ; no       ; On           ;
; J1       ; 46         ; 1B       ; RESERVED_INPUT_WITH_WEAK_PULLUP                ;        ;                       ;         ; Row I/O    ;                 ; no       ; On           ;
; J2       ;            ;          ; GND                                            ; gnd    ;                       ;         ; --         ;                 ; --       ; --           ;
; J3       ; 15         ; 1A       ; RESERVED_INPUT_WITH_WEAK_PULLUP                ;        ;                       ;         ; Row I/O    ;                 ; no       ; On           ;
; J4       ; 8          ; 1A       ; RESERVED_INPUT_WITH_WEAK_PULLUP                ;        ;                       ;         ; Row I/O    ;                 ; no       ; On           ;
; J5       ;            ;          ; ANAIN2                                         ;        ;                       ;         ; --         ;                 ; --       ; --           ;
; J6       ;            ;          ; GND                                            ; gnd    ;                       ;         ; --         ;                 ; --       ; --           ;
; J7       ;            ;          ; VCCINT                                         ; power  ;                       ; 1.2V    ; --         ;                 ; --       ; --           ;
; J8       ; 4          ; 1A       ; RESERVED_INPUT_WITH_WEAK_PULLUP                ;        ;                       ;         ; Row I/O    ;                 ; no       ; On           ;
; J9       ; 6          ; 1A       ; RESERVED_INPUT_WITH_WEAK_PULLUP                ;        ;                       ;         ; Row I/O    ;                 ; no       ; On           ;
; J10      ; 468        ; 8        ; A[21]                                          ; input  ; 2.5 V                 ;         ; Column I/O ; N               ; no       ; Off          ;
; J11      ; 446        ; 7        ; A[10]                                          ; input  ; 2.5 V                 ;         ; Column I/O ; N               ; no       ; Off          ;
; J12      ; 434        ; 7        ; B[7]                                           ; input  ; 2.5 V                 ;         ; Column I/O ; N               ; no       ; Off          ;
; J13      ; 422        ; 7        ; Result[23]                                     ; output ; 2.5 V                 ;         ; Column I/O ; N               ; no       ; Off          ;
; J14      ; 368        ; 6        ; RESERVED_INPUT_WITH_WEAK_PULLUP                ;        ;                       ;         ; Row I/O    ;                 ; no       ; On           ;
; J15      ; 370        ; 6        ; RESERVED_INPUT_WITH_WEAK_PULLUP                ;        ;                       ;         ; Row I/O    ;                 ; no       ; On           ;
; J16      ;            ;          ; GND                                            ; gnd    ;                       ;         ; --         ;                 ; --       ; --           ;
; J17      ;            ; 6        ; VCCIO6                                         ; power  ;                       ; 2.5V    ; --         ;                 ; --       ; --           ;
; J18      ; 362        ; 6        ; Result[19]                                     ; output ; 2.5 V                 ;         ; Row I/O    ; N               ; no       ; Off          ;
; J19      ;            ;          ; GND                                            ; gnd    ;                       ;         ; --         ;                 ; --       ; --           ;
; J20      ; 373        ; 6        ; RESERVED_INPUT_WITH_WEAK_PULLUP                ;        ;                       ;         ; Row I/O    ;                 ; no       ; On           ;
; J21      ; 327        ; 6        ; RESERVED_INPUT_WITH_WEAK_PULLUP                ;        ;                       ;         ; Row I/O    ;                 ; no       ; On           ;
; J22      ; 325        ; 6        ; RESERVED_INPUT_WITH_WEAK_PULLUP                ;        ;                       ;         ; Row I/O    ;                 ; no       ; On           ;
; K1       ; 49         ; 1B       ; RESERVED_INPUT_WITH_WEAK_PULLUP                ;        ;                       ;         ; Row I/O    ;                 ; no       ; On           ;
; K2       ; 37         ; 1B       ; RESERVED_INPUT_WITH_WEAK_PULLUP                ;        ;                       ;         ; Row I/O    ;                 ; no       ; On           ;
; K3       ;            ;          ; GND                                            ; gnd    ;                       ;         ; --         ;                 ; --       ; --           ;
; K4       ; 13         ; 1A       ; RESERVED_INPUT_WITH_WEAK_PULLUP                ;        ;                       ;         ; Row I/O    ;                 ; no       ; On           ;
; K5       ; 12         ; 1A       ; RESERVED_INPUT_WITH_WEAK_PULLUP                ;        ;                       ;         ; Row I/O    ;                 ; no       ; On           ;
; K6       ; 14         ; 1A       ; RESERVED_INPUT_WITH_WEAK_PULLUP                ;        ;                       ;         ; Row I/O    ;                 ; no       ; On           ;
; K7       ;            ; 1A       ; VCCIO1A                                        ; power  ;                       ; 2.5V    ; --         ;                 ; --       ; --           ;
; K8       ; 28         ; 1B       ; RESERVED_INPUT_WITH_WEAK_PULLUP                ;        ;                       ;         ; Row I/O    ;                 ; no       ; On           ;
; K9       ; 30         ; 1B       ; RESERVED_INPUT_WITH_WEAK_PULLUP                ;        ;                       ;         ; Row I/O    ;                 ; no       ; On           ;
; K10      ;            ;          ; GND                                            ; gnd    ;                       ;         ; --         ;                 ; --       ; --           ;
; K11      ;            ; --       ; VCC                                            ; power  ;                       ; 1.2V    ; --         ;                 ; --       ; --           ;
; K12      ;            ;          ; GND                                            ; gnd    ;                       ;         ; --         ;                 ; --       ; --           ;
; K13      ;            ; --       ; VCC                                            ; power  ;                       ; 1.2V    ; --         ;                 ; --       ; --           ;
; K14      ; 356        ; 6        ; A[6]                                           ; input  ; 2.5 V                 ;         ; Row I/O    ; N               ; no       ; Off          ;
; K15      ; 358        ; 6        ; A[1]                                           ; input  ; 2.5 V                 ;         ; Row I/O    ; N               ; no       ; Off          ;
; K16      ;            ; 6        ; VCCIO6                                         ; power  ;                       ; 2.5V    ; --         ;                 ; --       ; --           ;
; K17      ;            ; 6        ; VCCIO6                                         ; power  ;                       ; 2.5V    ; --         ;                 ; --       ; --           ;
; K18      ; 360        ; 6        ; A[9]                                           ; input  ; 2.5 V                 ;         ; Row I/O    ; N               ; no       ; Off          ;
; K19      ; 361        ; 6        ; Result[20]                                     ; output ; 2.5 V                 ;         ; Row I/O    ; N               ; no       ; Off          ;
; K20      ; 363        ; 6        ; Result[7]                                      ; output ; 2.5 V                 ;         ; Row I/O    ; N               ; no       ; Off          ;
; K21      ; 326        ; 6        ; RESERVED_INPUT_WITH_WEAK_PULLUP                ;        ;                       ;         ; Row I/O    ;                 ; no       ; On           ;
; K22      ; 324        ; 6        ; RESERVED_INPUT_WITH_WEAK_PULLUP                ;        ;                       ;         ; Row I/O    ;                 ; no       ; On           ;
; L1       ; 51         ; 1B       ; RESERVED_INPUT_WITH_WEAK_PULLUP                ;        ;                       ;         ; Row I/O    ;                 ; no       ; On           ;
; L2       ; 39         ; 1B       ; RESERVED_INPUT_WITH_WEAK_PULLUP                ;        ;                       ;         ; Row I/O    ;                 ; no       ; On           ;
; L3       ;            ;          ; DNU                                            ;        ;                       ;         ; --         ;                 ; --       ; --           ;
; L4       ; 36         ; 1B       ; ~ALTERA_TDI~ / RESERVED_INPUT_WITH_WEAK_PULLUP ; input  ; 2.5 V Schmitt Trigger ;         ; Row I/O    ; N               ; no       ; On           ;
; L5       ;            ;          ; GND                                            ; gnd    ;                       ;         ; --         ;                 ; --       ; --           ;
; L6       ;            ; 1A       ; VCCIO1A                                        ; power  ;                       ; 2.5V    ; --         ;                 ; --       ; --           ;
; L7       ;            ; 1B       ; VCCIO1B                                        ; power  ;                       ; 2.5V    ; --         ;                 ; --       ; --           ;
; L8       ; 40         ; 1B       ; RESERVED_INPUT_WITH_WEAK_PULLUP                ;        ;                       ;         ; Row I/O    ;                 ; no       ; On           ;
; L9       ; 42         ; 1B       ; RESERVED_INPUT_WITH_WEAK_PULLUP                ;        ;                       ;         ; Row I/O    ;                 ; no       ; On           ;
; L10      ;            ; --       ; VCC                                            ; power  ;                       ; 1.2V    ; --         ;                 ; --       ; --           ;
; L11      ;            ; --       ; VCC                                            ; power  ;                       ; 1.2V    ; --         ;                 ; --       ; --           ;
; L12      ;            ; --       ; VCC                                            ; power  ;                       ; 1.2V    ; --         ;                 ; --       ; --           ;
; L13      ;            ;          ; GND                                            ; gnd    ;                       ;         ; --         ;                 ; --       ; --           ;
; L14      ; 344        ; 6        ; B[16]                                          ; input  ; 2.5 V                 ;         ; Row I/O    ; N               ; no       ; Off          ;
; L15      ; 346        ; 6        ; Result[31]                                     ; output ; 2.5 V                 ;         ; Row I/O    ; N               ; no       ; Off          ;
; L16      ;            ; 6        ; VCCIO6                                         ; power  ;                       ; 2.5V    ; --         ;                 ; --       ; --           ;
; L17      ;            ;          ; GND                                            ; gnd    ;                       ;         ; --         ;                 ; --       ; --           ;
; L18      ; 350        ; 6        ; ALUOP[0]                                       ; input  ; 2.5 V                 ;         ; Row I/O    ; N               ; no       ; Off          ;
; L19      ; 349        ; 6        ; A[18]                                          ; input  ; 2.5 V                 ;         ; Row I/O    ; N               ; no       ; Off          ;
; L20      ; 351        ; 6        ; B[20]                                          ; input  ; 2.5 V                 ;         ; Row I/O    ; N               ; no       ; Off          ;
; L21      ;            ;          ; GND                                            ; gnd    ;                       ;         ; --         ;                 ; --       ; --           ;
; L22      ; 314        ; 5        ; RESERVED_INPUT_WITH_WEAK_PULLUP                ;        ;                       ;         ; Row I/O    ;                 ; no       ; On           ;
; M1       ; 79         ; 2        ; RESERVED_INPUT_WITH_WEAK_PULLUP                ;        ;                       ;         ; Row I/O    ;                 ; no       ; On           ;
; M2       ; 77         ; 2        ; RESERVED_INPUT_WITH_WEAK_PULLUP                ;        ;                       ;         ; Row I/O    ;                 ; --       ; --           ;
; M3       ; 50         ; 1B       ; RESERVED_INPUT_WITH_WEAK_PULLUP                ;        ;                       ;         ; Row I/O    ;                 ; no       ; On           ;
; M4       ; 48         ; 1B       ; RESERVED_INPUT_WITH_WEAK_PULLUP                ;        ;                       ;         ; Row I/O    ;                 ; no       ; On           ;
; M5       ; 38         ; 1B       ; ~ALTERA_TDO~                                   ; output ; 2.5 V                 ;         ; Row I/O    ; N               ; no       ; Off          ;
; M6       ;            ; 1B       ; VCCIO1B                                        ; power  ;                       ; 2.5V    ; --         ;                 ; --       ; --           ;
; M7       ;            ;          ; GND                                            ; gnd    ;                       ;         ; --         ;                 ; --       ; --           ;
; M8       ; 72         ; 2        ; RESERVED_INPUT_WITH_WEAK_PULLUP                ;        ;                       ;         ; Row I/O    ;                 ; no       ; On           ;
; M9       ; 74         ; 2        ; RESERVED_INPUT_WITH_WEAK_PULLUP                ;        ;                       ;         ; Row I/O    ;                 ; no       ; On           ;
; M10      ;            ;          ; GND                                            ; gnd    ;                       ;         ; --         ;                 ; --       ; --           ;
; M11      ;            ; --       ; VCC                                            ; power  ;                       ; 1.2V    ; --         ;                 ; --       ; --           ;
; M12      ;            ; --       ; VCC                                            ; power  ;                       ; 1.2V    ; --         ;                 ; --       ; --           ;
; M13      ;            ; --       ; VCC                                            ; power  ;                       ; 1.2V    ; --         ;                 ; --       ; --           ;
; M14      ; 334        ; 6        ; B[30]                                          ; input  ; 2.5 V                 ;         ; Row I/O    ; N               ; no       ; Off          ;
; M15      ; 332        ; 6        ; B[12]                                          ; input  ; 2.5 V                 ;         ; Row I/O    ; N               ; no       ; Off          ;
; M16      ;            ;          ; GND                                            ; gnd    ;                       ;         ; --         ;                 ; --       ; --           ;
; M17      ;            ; 6        ; VCCIO6                                         ; power  ;                       ; 2.5V    ; --         ;                 ; --       ; --           ;
; M18      ; 348        ; 6        ; A[23]                                          ; input  ; 2.5 V                 ;         ; Row I/O    ; N               ; no       ; Off          ;
; M19      ;            ;          ; GND                                            ; gnd    ;                       ;         ; --         ;                 ; --       ; --           ;
; M20      ; 337        ; 6        ; B[18]                                          ; input  ; 2.5 V                 ;         ; Row I/O    ; N               ; no       ; Off          ;
; M21      ; 312        ; 5        ; RESERVED_INPUT_WITH_WEAK_PULLUP                ;        ;                       ;         ; Row I/O    ;                 ; no       ; On           ;
; M22      ; 315        ; 5        ; RESERVED_INPUT_WITH_WEAK_PULLUP                ;        ;                       ;         ; Row I/O    ;                 ; no       ; On           ;
; N1       ; 87         ; 2        ; RESERVED_INPUT_WITH_WEAK_PULLUP                ;        ;                       ;         ; Row I/O    ;                 ; no       ; On           ;
; N2       ; 75         ; 2        ; RESERVED_INPUT_WITH_WEAK_PULLUP                ;        ;                       ;         ; Row I/O    ;                 ; no       ; On           ;
; N3       ; 73         ; 2        ; RESERVED_INPUT_WITH_WEAK_PULLUP                ;        ;                       ;         ; Row I/O    ;                 ; no       ; On           ;
; N4       ; 56         ; 2        ; RESERVED_INPUT_WITH_WEAK_PULLUP                ;        ;                       ;         ; Row I/O    ;                 ; no       ; On           ;
; N5       ; 58         ; 2        ; RESERVED_INPUT_WITH_WEAK_PULLUP                ;        ;                       ;         ; Row I/O    ;                 ; no       ; On           ;
; N6       ;            ; 2        ; VCCIO2                                         ; power  ;                       ; 2.5V    ; --         ;                 ; --       ; --           ;
; N7       ;            ; 2        ; VCCIO2                                         ; power  ;                       ; 2.5V    ; --         ;                 ; --       ; --           ;
; N8       ; 84         ; 2        ; RESERVED_INPUT_WITH_WEAK_PULLUP                ;        ;                       ;         ; Row I/O    ;                 ; no       ; On           ;
; N9       ; 86         ; 2        ; RESERVED_INPUT_WITH_WEAK_PULLUP                ;        ;                       ;         ; Row I/O    ;                 ; no       ; On           ;
; N10      ;            ; --       ; VCC                                            ; power  ;                       ; 1.2V    ; --         ;                 ; --       ; --           ;
; N11      ;            ;          ; GND                                            ; gnd    ;                       ;         ; --         ;                 ; --       ; --           ;
; N12      ;            ; --       ; VCC                                            ; power  ;                       ; 1.2V    ; --         ;                 ; --       ; --           ;
; N13      ;            ;          ; GND                                            ; gnd    ;                       ;         ; --         ;                 ; --       ; --           ;
; N14      ; 320        ; 6        ; RESERVED_INPUT_WITH_WEAK_PULLUP                ;        ;                       ;         ; Row I/O    ;                 ; no       ; On           ;
; N15      ; 322        ; 6        ; Result[15]                                     ; output ; 2.5 V                 ;         ; Row I/O    ; N               ; no       ; Off          ;
; N16      ;            ; 5        ; VCCIO5                                         ; power  ;                       ; 2.5V    ; --         ;                 ; --       ; --           ;
; N17      ;            ; 6        ; VCCIO6                                         ; power  ;                       ; 2.5V    ; --         ;                 ; --       ; --           ;
; N18      ; 336        ; 6        ; A[26]                                          ; input  ; 2.5 V                 ;         ; Row I/O    ; N               ; no       ; Off          ;
; N19      ; 338        ; 6        ; B[13]                                          ; input  ; 2.5 V                 ;         ; Row I/O    ; N               ; no       ; Off          ;
; N20      ; 339        ; 6        ; B[24]                                          ; input  ; 2.5 V                 ;         ; Row I/O    ; N               ; no       ; Off          ;
; N21      ; 313        ; 5        ; RESERVED_INPUT_WITH_WEAK_PULLUP                ;        ;                       ;         ; Row I/O    ;                 ; no       ; On           ;
; N22      ; 307        ; 5        ; RESERVED_INPUT_WITH_WEAK_PULLUP                ;        ;                       ;         ; Row I/O    ;                 ; no       ; On           ;
; P1       ; 85         ; 2        ; RESERVED_INPUT_WITH_WEAK_PULLUP                ;        ;                       ;         ; Row I/O    ;                 ; no       ; On           ;
; P2       ;            ;          ; GND                                            ; gnd    ;                       ;         ; --         ;                 ; --       ; --           ;
; P3       ; 76         ; 2        ; RESERVED_INPUT_WITH_WEAK_PULLUP                ;        ;                       ;         ; Row I/O    ;                 ; no       ; On           ;
; P4       ; 57         ; 2        ; RESERVED_INPUT_WITH_WEAK_PULLUP                ;        ;                       ;         ; Row I/O    ;                 ; no       ; On           ;
; P5       ; 59         ; 2        ; RESERVED_INPUT_WITH_WEAK_PULLUP                ;        ;                       ;         ; Row I/O    ;                 ; no       ; On           ;
; P6       ;            ;          ; GND                                            ; gnd    ;                       ;         ; --         ;                 ; --       ; --           ;
; P7       ;            ; 2        ; VCCIO2                                         ; power  ;                       ; 2.5V    ; --         ;                 ; --       ; --           ;
; P8       ; 96         ; 2        ; RESERVED_INPUT_WITH_WEAK_PULLUP                ;        ;                       ;         ; Row I/O    ;                 ; no       ; On           ;
; P9       ; 142        ; 3        ; RESERVED_INPUT_WITH_WEAK_PULLUP                ;        ;                       ;         ; Column I/O ;                 ; no       ; On           ;
; P10      ; 154        ; 3        ; RESERVED_INPUT_WITH_WEAK_PULLUP                ;        ;                       ;         ; Column I/O ;                 ; no       ; On           ;
; P11      ; 166        ; 3        ; RESERVED_INPUT_WITH_WEAK_PULLUP                ;        ;                       ;         ; Column I/O ;                 ; no       ; On           ;
; P12      ; 178        ; 4        ; RESERVED_INPUT_WITH_WEAK_PULLUP                ;        ;                       ;         ; Column I/O ;                 ; no       ; On           ;
; P13      ; 198        ; 4        ; RESERVED_INPUT_WITH_WEAK_PULLUP                ;        ;                       ;         ; Column I/O ;                 ; no       ; On           ;
; P14      ; 306        ; 5        ; RESERVED_INPUT_WITH_WEAK_PULLUP                ;        ;                       ;         ; Row I/O    ;                 ; no       ; On           ;
; P15      ; 304        ; 5        ; RESERVED_INPUT_WITH_WEAK_PULLUP                ;        ;                       ;         ; Row I/O    ;                 ; no       ; On           ;
; P16      ;            ; 5        ; VCCIO5                                         ; power  ;                       ; 2.5V    ; --         ;                 ; --       ; --           ;
; P17      ;            ;          ; GND                                            ; gnd    ;                       ;         ; --         ;                 ; --       ; --           ;
; P18      ; 310        ; 5        ; RESERVED_INPUT_WITH_WEAK_PULLUP                ;        ;                       ;         ; Row I/O    ;                 ; no       ; On           ;
; P19      ; 309        ; 5        ; RESERVED_INPUT_WITH_WEAK_PULLUP                ;        ;                       ;         ; Row I/O    ;                 ; no       ; On           ;
; P20      ; 311        ; 5        ; RESERVED_INPUT_WITH_WEAK_PULLUP                ;        ;                       ;         ; Row I/O    ;                 ; no       ; On           ;
; P21      ; 305        ; 5        ; RESERVED_INPUT_WITH_WEAK_PULLUP                ;        ;                       ;         ; Row I/O    ;                 ; no       ; On           ;
; P22      ; 303        ; 5        ; RESERVED_INPUT_WITH_WEAK_PULLUP                ;        ;                       ;         ; Row I/O    ;                 ; --       ; --           ;
; R1       ; 121        ; 2        ; RESERVED_INPUT_WITH_WEAK_PULLUP                ;        ;                       ;         ; Row I/O    ;                 ; no       ; On           ;
; R2       ; 123        ; 2        ; RESERVED_INPUT_WITH_WEAK_PULLUP                ;        ;                       ;         ; Row I/O    ;                 ; no       ; On           ;
; R3       ; 78         ; 2        ; RESERVED_INPUT_WITH_WEAK_PULLUP                ;        ;                       ;         ; Row I/O    ;                 ; no       ; On           ;
; R4       ; 80         ; 2        ; RESERVED_INPUT_WITH_WEAK_PULLUP                ;        ;                       ;         ; Row I/O    ;                 ; no       ; On           ;
; R5       ; 82         ; 2        ; RESERVED_INPUT_WITH_WEAK_PULLUP                ;        ;                       ;         ; Row I/O    ;                 ; no       ; On           ;
; R6       ;            ; 2        ; VCCIO2                                         ; power  ;                       ; 2.5V    ; --         ;                 ; --       ; --           ;
; R7       ; 98         ; 2        ; RESERVED_INPUT_WITH_WEAK_PULLUP                ;        ;                       ;         ; Row I/O    ;                 ; no       ; On           ;
; R8       ;            ; --       ; VCCA1                                          ; power  ;                       ; 2.5V    ; --         ;                 ; --       ; --           ;
; R9       ; 140        ; 3        ; RESERVED_INPUT_WITH_WEAK_PULLUP                ;        ;                       ;         ; Column I/O ;                 ; no       ; On           ;
; R10      ; 152        ; 3        ; RESERVED_INPUT_WITH_WEAK_PULLUP                ;        ;                       ;         ; Column I/O ;                 ; no       ; On           ;
; R11      ; 164        ; 3        ; RESERVED_INPUT_WITH_WEAK_PULLUP                ;        ;                       ;         ; Column I/O ;                 ; no       ; On           ;
; R12      ; 176        ; 4        ; RESERVED_INPUT_WITH_WEAK_PULLUP                ;        ;                       ;         ; Column I/O ;                 ; no       ; On           ;
; R13      ; 196        ; 4        ; RESERVED_INPUT_WITH_WEAK_PULLUP                ;        ;                       ;         ; Column I/O ;                 ; no       ; On           ;
; R14      ; 294        ; 5        ; RESERVED_INPUT_WITH_WEAK_PULLUP                ;        ;                       ;         ; Row I/O    ;                 ; no       ; On           ;
; R15      ; 292        ; 5        ; RESERVED_INPUT_WITH_WEAK_PULLUP                ;        ;                       ;         ; Row I/O    ;                 ; no       ; On           ;
; R16      ;            ; 5        ; VCCIO5                                         ; power  ;                       ; 2.5V    ; --         ;                 ; --       ; --           ;
; R17      ;            ; 5        ; VCCIO5                                         ; power  ;                       ; 2.5V    ; --         ;                 ; --       ; --           ;
; R18      ; 308        ; 5        ; RESERVED_INPUT_WITH_WEAK_PULLUP                ;        ;                       ;         ; Row I/O    ;                 ; no       ; On           ;
; R19      ;            ;          ; GND                                            ; gnd    ;                       ;         ; --         ;                 ; --       ; --           ;
; R20      ; 299        ; 5        ; RESERVED_INPUT_WITH_WEAK_PULLUP                ;        ;                       ;         ; Row I/O    ;                 ; no       ; On           ;
; R21      ;            ;          ; GND                                            ; gnd    ;                       ;         ; --         ;                 ; --       ; --           ;
; R22      ; 301        ; 5        ; RESERVED_INPUT_WITH_WEAK_PULLUP                ;        ;                       ;         ; Row I/O    ;                 ; no       ; On           ;
; T1       ; 81         ; 2        ; RESERVED_INPUT_WITH_WEAK_PULLUP                ;        ;                       ;         ; Row I/O    ;                 ; no       ; On           ;
; T2       ; 83         ; 2        ; RESERVED_INPUT_WITH_WEAK_PULLUP                ;        ;                       ;         ; Row I/O    ;                 ; no       ; On           ;
; T3       ; 88         ; 2        ; RESERVED_INPUT_WITH_WEAK_PULLUP                ;        ;                       ;         ; Row I/O    ;                 ; no       ; On           ;
; T4       ;            ;          ; GND                                            ; gnd    ;                       ;         ; --         ;                 ; --       ; --           ;
; T5       ; 120        ; 2        ; RESERVED_INPUT_WITH_WEAK_PULLUP                ;        ;                       ;         ; Row I/O    ;                 ; no       ; On           ;
; T6       ; 122        ; 2        ; RESERVED_INPUT_WITH_WEAK_PULLUP                ;        ;                       ;         ; Row I/O    ;                 ; no       ; On           ;
; T7       ;            ;          ; VCCD_PLL1                                      ; power  ;                       ; 1.2V    ; --         ;                 ; --       ; --           ;
; T8       ;            ;          ; GND                                            ; gnd    ;                       ;         ; --         ;                 ; --       ; --           ;
; T9       ;            ; 3        ; VCCIO3                                         ; power  ;                       ; 2.5V    ; --         ;                 ; --       ; --           ;
; T10      ;            ; 3        ; VCCIO3                                         ; power  ;                       ; 2.5V    ; --         ;                 ; --       ; --           ;
; T11      ;            ; 3        ; VCCIO3                                         ; power  ;                       ; 2.5V    ; --         ;                 ; --       ; --           ;
; T12      ;            ; 4        ; VCCIO4                                         ; power  ;                       ; 2.5V    ; --         ;                 ; --       ; --           ;
; T13      ;            ; 4        ; VCCIO4                                         ; power  ;                       ; 2.5V    ; --         ;                 ; --       ; --           ;
; T14      ;            ;          ; GND                                            ; gnd    ;                       ;         ; --         ;                 ; --       ; --           ;
; T15      ;            ; --       ; VCCA4                                          ; power  ;                       ; 2.5V    ; --         ;                 ; --       ; --           ;
; T16      ;            ;          ; GND                                            ; gnd    ;                       ;         ; --         ;                 ; --       ; --           ;
; T17      ;            ; 5        ; VCCIO5                                         ; power  ;                       ; 2.5V    ; --         ;                 ; --       ; --           ;
; T18      ; 298        ; 5        ; RESERVED_INPUT_WITH_WEAK_PULLUP                ;        ;                       ;         ; Row I/O    ;                 ; no       ; On           ;
; T19      ; 296        ; 5        ; RESERVED_INPUT_WITH_WEAK_PULLUP                ;        ;                       ;         ; Row I/O    ;                 ; no       ; On           ;
; T20      ; 297        ; 5        ; RESERVED_INPUT_WITH_WEAK_PULLUP                ;        ;                       ;         ; Row I/O    ;                 ; no       ; On           ;
; T21      ; 293        ; 5        ; RESERVED_INPUT_WITH_WEAK_PULLUP                ;        ;                       ;         ; Row I/O    ;                 ; no       ; On           ;
; T22      ; 295        ; 5        ; RESERVED_INPUT_WITH_WEAK_PULLUP                ;        ;                       ;         ; Row I/O    ;                 ; no       ; On           ;
; U1       ; 89         ; 2        ; RESERVED_INPUT_WITH_WEAK_PULLUP                ;        ;                       ;         ; Row I/O    ;                 ; no       ; On           ;
; U2       ; 90         ; 2        ; RESERVED_INPUT_WITH_WEAK_PULLUP                ;        ;                       ;         ; Row I/O    ;                 ; no       ; On           ;
; U3       ; 93         ; 2        ; RESERVED_INPUT_WITH_WEAK_PULLUP                ;        ;                       ;         ; Row I/O    ;                 ; no       ; On           ;
; U4       ; 92         ; 2        ; RESERVED_INPUT_WITH_WEAK_PULLUP                ;        ;                       ;         ; Row I/O    ;                 ; no       ; On           ;
; U5       ; 94         ; 2        ; RESERVED_INPUT_WITH_WEAK_PULLUP                ;        ;                       ;         ; Row I/O    ;                 ; no       ; On           ;
; U6       ; 128        ; 3        ; RESERVED_INPUT_WITH_WEAK_PULLUP                ;        ;                       ;         ; Column I/O ;                 ; no       ; On           ;
; U7       ; 130        ; 3        ; RESERVED_INPUT_WITH_WEAK_PULLUP                ;        ;                       ;         ; Column I/O ;                 ; no       ; On           ;
; U8       ;            ; 3        ; VCCIO3                                         ; power  ;                       ; 2.5V    ; --         ;                 ; --       ; --           ;
; U9       ;            ; 3        ; VCCIO3                                         ; power  ;                       ; 2.5V    ; --         ;                 ; --       ; --           ;
; U10      ;            ;          ; GND                                            ; gnd    ;                       ;         ; --         ;                 ; --       ; --           ;
; U11      ;            ; 4        ; VCCIO4                                         ; power  ;                       ; 2.5V    ; --         ;                 ; --       ; --           ;
; U12      ;            ; 4        ; VCCIO4                                         ; power  ;                       ; 2.5V    ; --         ;                 ; --       ; --           ;
; U13      ;            ;          ; GND                                            ; gnd    ;                       ;         ; --         ;                 ; --       ; --           ;
; U14      ;            ; 4        ; VCCIO4                                         ; power  ;                       ; 2.5V    ; --         ;                 ; --       ; --           ;
; U15      ; 208        ; 4        ; RESERVED_INPUT_WITH_WEAK_PULLUP                ;        ;                       ;         ; Column I/O ;                 ; no       ; On           ;
; U16      ;            ;          ; VCCD_PLL4                                      ; power  ;                       ; 1.2V    ; --         ;                 ; --       ; --           ;
; U17      ; 246        ; 5        ; RESERVED_INPUT_WITH_WEAK_PULLUP                ;        ;                       ;         ; Row I/O    ;                 ; no       ; On           ;
; U18      ; 244        ; 5        ; RESERVED_INPUT_WITH_WEAK_PULLUP                ;        ;                       ;         ; Row I/O    ;                 ; no       ; On           ;
; U19      ; 282        ; 5        ; RESERVED_INPUT_WITH_WEAK_PULLUP                ;        ;                       ;         ; Row I/O    ;                 ; no       ; On           ;
; U20      ; 290        ; 5        ; RESERVED_INPUT_WITH_WEAK_PULLUP                ;        ;                       ;         ; Row I/O    ;                 ; no       ; On           ;
; U21      ; 300        ; 5        ; RESERVED_INPUT_WITH_WEAK_PULLUP                ;        ;                       ;         ; Row I/O    ;                 ; no       ; On           ;
; U22      ; 302        ; 5        ; RESERVED_INPUT_WITH_WEAK_PULLUP                ;        ;                       ;         ; Row I/O    ;                 ; no       ; On           ;
; V1       ; 91         ; 2        ; RESERVED_INPUT_WITH_WEAK_PULLUP                ;        ;                       ;         ; Row I/O    ;                 ; no       ; On           ;
; V2       ;            ;          ; GND                                            ; gnd    ;                       ;         ; --         ;                 ; --       ; --           ;
; V3       ; 95         ; 2        ; RESERVED_INPUT_WITH_WEAK_PULLUP                ;        ;                       ;         ; Row I/O    ;                 ; no       ; On           ;
; V4       ; 125        ; 3        ; RESERVED_INPUT_WITH_WEAK_PULLUP                ;        ;                       ;         ; Column I/O ;                 ; no       ; On           ;
; V5       ; 127        ; 3        ; RESERVED_INPUT_WITH_WEAK_PULLUP                ;        ;                       ;         ; Column I/O ;                 ; no       ; On           ;
; V6       ;            ;          ; GND                                            ; gnd    ;                       ;         ; --         ;                 ; --       ; --           ;
; V7       ; 136        ; 3        ; RESERVED_INPUT_WITH_WEAK_PULLUP                ;        ;                       ;         ; Column I/O ;                 ; no       ; On           ;
; V8       ; 138        ; 3        ; RESERVED_INPUT_WITH_WEAK_PULLUP                ;        ;                       ;         ; Column I/O ;                 ; no       ; On           ;
; V9       ; 160        ; 3        ; RESERVED_INPUT_WITH_WEAK_PULLUP                ;        ;                       ;         ; Column I/O ;                 ; no       ; On           ;
; V10      ; 162        ; 3        ; RESERVED_INPUT_WITH_WEAK_PULLUP                ;        ;                       ;         ; Column I/O ;                 ; no       ; On           ;
; V11      ; 172        ; 4        ; RESERVED_INPUT_WITH_WEAK_PULLUP                ;        ;                       ;         ; Column I/O ;                 ; no       ; On           ;
; V12      ; 174        ; 4        ; RESERVED_INPUT_WITH_WEAK_PULLUP                ;        ;                       ;         ; Column I/O ;                 ; no       ; On           ;
; V13      ; 192        ; 4        ; RESERVED_INPUT_WITH_WEAK_PULLUP                ;        ;                       ;         ; Column I/O ;                 ; no       ; On           ;
; V14      ; 204        ; 4        ; RESERVED_INPUT_WITH_WEAK_PULLUP                ;        ;                       ;         ; Column I/O ;                 ; no       ; On           ;
; V15      ; 216        ; 4        ; RESERVED_INPUT_WITH_WEAK_PULLUP                ;        ;                       ;         ; Column I/O ;                 ; no       ; On           ;
; V16      ; 210        ; 4        ; RESERVED_INPUT_WITH_WEAK_PULLUP                ;        ;                       ;         ; Column I/O ;                 ; no       ; On           ;
; V17      ; 242        ; 4        ; RESERVED_INPUT_WITH_WEAK_PULLUP                ;        ;                       ;         ; Column I/O ;                 ; no       ; On           ;
; V18      ; 280        ; 5        ; RESERVED_INPUT_WITH_WEAK_PULLUP                ;        ;                       ;         ; Row I/O    ;                 ; no       ; On           ;
; V19      ;            ;          ; GND                                            ; gnd    ;                       ;         ; --         ;                 ; --       ; --           ;
; V20      ; 288        ; 5        ; RESERVED_INPUT_WITH_WEAK_PULLUP                ;        ;                       ;         ; Row I/O    ;                 ; no       ; On           ;
; V21      ; 289        ; 5        ; RESERVED_INPUT_WITH_WEAK_PULLUP                ;        ;                       ;         ; Row I/O    ;                 ; no       ; On           ;
; V22      ; 291        ; 5        ; RESERVED_INPUT_WITH_WEAK_PULLUP                ;        ;                       ;         ; Row I/O    ;                 ; no       ; On           ;
; W1       ; 97         ; 2        ; RESERVED_INPUT_WITH_WEAK_PULLUP                ;        ;                       ;         ; Row I/O    ;                 ; no       ; On           ;
; W2       ; 99         ; 2        ; RESERVED_INPUT_WITH_WEAK_PULLUP                ;        ;                       ;         ; Row I/O    ;                 ; no       ; On           ;
; W3       ; 134        ; 3        ; RESERVED_INPUT_WITH_WEAK_PULLUP                ;        ;                       ;         ; Column I/O ;                 ; no       ; On           ;
; W4       ; 132        ; 3        ; RESERVED_INPUT_WITH_WEAK_PULLUP                ;        ;                       ;         ; Column I/O ;                 ; no       ; On           ;
; W5       ; 124        ; 3        ; RESERVED_INPUT_WITH_WEAK_PULLUP                ;        ;                       ;         ; Column I/O ;                 ; no       ; On           ;
; W6       ; 126        ; 3        ; RESERVED_INPUT_WITH_WEAK_PULLUP                ;        ;                       ;         ; Column I/O ;                 ; no       ; On           ;
; W7       ; 148        ; 3        ; RESERVED_INPUT_WITH_WEAK_PULLUP                ;        ;                       ;         ; Column I/O ;                 ; no       ; On           ;
; W8       ; 150        ; 3        ; RESERVED_INPUT_WITH_WEAK_PULLUP                ;        ;                       ;         ; Column I/O ;                 ; no       ; On           ;
; W9       ; 144        ; 3        ; RESERVED_INPUT_WITH_WEAK_PULLUP                ;        ;                       ;         ; Column I/O ;                 ; no       ; On           ;
; W10      ; 146        ; 3        ; RESERVED_INPUT_WITH_WEAK_PULLUP                ;        ;                       ;         ; Column I/O ;                 ; no       ; On           ;
; W11      ; 173        ; 4        ; RESERVED_INPUT_WITH_WEAK_PULLUP                ;        ;                       ;         ; Column I/O ;                 ; no       ; On           ;
; W12      ; 193        ; 4        ; RESERVED_INPUT_WITH_WEAK_PULLUP                ;        ;                       ;         ; Column I/O ;                 ; no       ; On           ;
; W13      ; 195        ; 4        ; RESERVED_INPUT_WITH_WEAK_PULLUP                ;        ;                       ;         ; Column I/O ;                 ; no       ; On           ;
; W14      ; 194        ; 4        ; RESERVED_INPUT_WITH_WEAK_PULLUP                ;        ;                       ;         ; Column I/O ;                 ; no       ; On           ;
; W15      ; 206        ; 4        ; RESERVED_INPUT_WITH_WEAK_PULLUP                ;        ;                       ;         ; Column I/O ;                 ; no       ; On           ;
; W16      ; 218        ; 4        ; RESERVED_INPUT_WITH_WEAK_PULLUP                ;        ;                       ;         ; Column I/O ;                 ; no       ; On           ;
; W17      ; 240        ; 4        ; RESERVED_INPUT_WITH_WEAK_PULLUP                ;        ;                       ;         ; Column I/O ;                 ; no       ; On           ;
; W18      ; 226        ; 4        ; RESERVED_INPUT_WITH_WEAK_PULLUP                ;        ;                       ;         ; Column I/O ;                 ; no       ; On           ;
; W19      ; 284        ; 5        ; RESERVED_INPUT_WITH_WEAK_PULLUP                ;        ;                       ;         ; Row I/O    ;                 ; no       ; On           ;
; W20      ; 286        ; 5        ; RESERVED_INPUT_WITH_WEAK_PULLUP                ;        ;                       ;         ; Row I/O    ;                 ; no       ; On           ;
; W21      ;            ;          ; GND                                            ; gnd    ;                       ;         ; --         ;                 ; --       ; --           ;
; W22      ; 283        ; 5        ; RESERVED_INPUT_WITH_WEAK_PULLUP                ;        ;                       ;         ; Row I/O    ;                 ; no       ; On           ;
; Y1       ; 129        ; 3        ; RESERVED_INPUT_WITH_WEAK_PULLUP                ;        ;                       ;         ; Column I/O ;                 ; no       ; On           ;
; Y2       ; 131        ; 3        ; RESERVED_INPUT_WITH_WEAK_PULLUP                ;        ;                       ;         ; Column I/O ;                 ; no       ; On           ;
; Y3       ; 149        ; 3        ; RESERVED_INPUT_WITH_WEAK_PULLUP                ;        ;                       ;         ; Column I/O ;                 ; no       ; On           ;
; Y4       ; 151        ; 3        ; RESERVED_INPUT_WITH_WEAK_PULLUP                ;        ;                       ;         ; Column I/O ;                 ; no       ; On           ;
; Y5       ; 137        ; 3        ; RESERVED_INPUT_WITH_WEAK_PULLUP                ;        ;                       ;         ; Column I/O ;                 ; no       ; On           ;
; Y6       ; 139        ; 3        ; RESERVED_INPUT_WITH_WEAK_PULLUP                ;        ;                       ;         ; Column I/O ;                 ; no       ; On           ;
; Y7       ; 141        ; 3        ; RESERVED_INPUT_WITH_WEAK_PULLUP                ;        ;                       ;         ; Column I/O ;                 ; no       ; On           ;
; Y8       ; 143        ; 3        ; RESERVED_INPUT_WITH_WEAK_PULLUP                ;        ;                       ;         ; Column I/O ;                 ; no       ; On           ;
; Y9       ;            ;          ; GND                                            ; gnd    ;                       ;         ; --         ;                 ; --       ; --           ;
; Y10      ; 168        ; 3        ; RESERVED_INPUT_WITH_WEAK_PULLUP                ;        ;                       ;         ; Column I/O ;                 ; no       ; On           ;
; Y11      ; 175        ; 4        ; RESERVED_INPUT_WITH_WEAK_PULLUP                ;        ;                       ;         ; Column I/O ;                 ; no       ; On           ;
; Y12      ;            ;          ; GND                                            ; gnd    ;                       ;         ; --         ;                 ; --       ; --           ;
; Y13      ; 200        ; 4        ; RESERVED_INPUT_WITH_WEAK_PULLUP                ;        ;                       ;         ; Column I/O ;                 ; no       ; On           ;
; Y14      ; 202        ; 4        ; RESERVED_INPUT_WITH_WEAK_PULLUP                ;        ;                       ;         ; Column I/O ;                 ; no       ; On           ;
; Y15      ;            ;          ; GND                                            ; gnd    ;                       ;         ; --         ;                 ; --       ; --           ;
; Y16      ; 207        ; 4        ; RESERVED_INPUT_WITH_WEAK_PULLUP                ;        ;                       ;         ; Column I/O ;                 ; no       ; On           ;
; Y17      ; 214        ; 4        ; RESERVED_INPUT_WITH_WEAK_PULLUP                ;        ;                       ;         ; Column I/O ;                 ; no       ; On           ;
; Y18      ; 219        ; 4        ; RESERVED_INPUT_WITH_WEAK_PULLUP                ;        ;                       ;         ; Column I/O ;                 ; no       ; On           ;
; Y19      ; 224        ; 4        ; RESERVED_INPUT_WITH_WEAK_PULLUP                ;        ;                       ;         ; Column I/O ;                 ; no       ; On           ;
; Y20      ; 285        ; 5        ; RESERVED_INPUT_WITH_WEAK_PULLUP                ;        ;                       ;         ; Row I/O    ;                 ; no       ; On           ;
; Y21      ; 287        ; 5        ; RESERVED_INPUT_WITH_WEAK_PULLUP                ;        ;                       ;         ; Row I/O    ;                 ; no       ; On           ;
; Y22      ; 281        ; 5        ; RESERVED_INPUT_WITH_WEAK_PULLUP                ;        ;                       ;         ; Row I/O    ;                 ; no       ; On           ;
+----------+------------+----------+------------------------------------------------+--------+-----------------------+---------+------------+-----------------+----------+--------------+
Note: Pin directions (input, output or bidir) are based on device operating in user mode.


+--------------------------------------------+
; I/O Assignment Warnings                    ;
+------------+-------------------------------+
; Pin Name   ; Reason                        ;
+------------+-------------------------------+
; Result[0]  ; Incomplete set of assignments ;
; Result[1]  ; Incomplete set of assignments ;
; Result[2]  ; Incomplete set of assignments ;
; Result[3]  ; Incomplete set of assignments ;
; Result[4]  ; Incomplete set of assignments ;
; Result[5]  ; Incomplete set of assignments ;
; Result[6]  ; Incomplete set of assignments ;
; Result[7]  ; Incomplete set of assignments ;
; Result[8]  ; Incomplete set of assignments ;
; Result[9]  ; Incomplete set of assignments ;
; Result[10] ; Incomplete set of assignments ;
; Result[11] ; Incomplete set of assignments ;
; Result[12] ; Incomplete set of assignments ;
; Result[13] ; Incomplete set of assignments ;
; Result[14] ; Incomplete set of assignments ;
; Result[15] ; Incomplete set of assignments ;
; Result[16] ; Incomplete set of assignments ;
; Result[17] ; Incomplete set of assignments ;
; Result[18] ; Incomplete set of assignments ;
; Result[19] ; Incomplete set of assignments ;
; Result[20] ; Incomplete set of assignments ;
; Result[21] ; Incomplete set of assignments ;
; Result[22] ; Incomplete set of assignments ;
; Result[23] ; Incomplete set of assignments ;
; Result[24] ; Incomplete set of assignments ;
; Result[25] ; Incomplete set of assignments ;
; Result[26] ; Incomplete set of assignments ;
; Result[27] ; Incomplete set of assignments ;
; Result[28] ; Incomplete set of assignments ;
; Result[29] ; Incomplete set of assignments ;
; Result[30] ; Incomplete set of assignments ;
; Result[31] ; Incomplete set of assignments ;
; Zero       ; Incomplete set of assignments ;
; ALUOP[0]   ; Incomplete set of assignments ;
; B[0]       ; Incomplete set of assignments ;
; A[0]       ; Incomplete set of assignments ;
; ALUOP[1]   ; Incomplete set of assignments ;
; ALUOP[2]   ; Incomplete set of assignments ;
; A[1]       ; Incomplete set of assignments ;
; B[1]       ; Incomplete set of assignments ;
; A[3]       ; Incomplete set of assignments ;
; A[2]       ; Incomplete set of assignments ;
; B[2]       ; Incomplete set of assignments ;
; A[7]       ; Incomplete set of assignments ;
; A[6]       ; Incomplete set of assignments ;
; A[5]       ; Incomplete set of assignments ;
; A[4]       ; Incomplete set of assignments ;
; B[3]       ; Incomplete set of assignments ;
; A[15]      ; Incomplete set of assignments ;
; A[13]      ; Incomplete set of assignments ;
; A[14]      ; Incomplete set of assignments ;
; A[12]      ; Incomplete set of assignments ;
; A[11]      ; Incomplete set of assignments ;
; A[9]       ; Incomplete set of assignments ;
; A[10]      ; Incomplete set of assignments ;
; A[8]       ; Incomplete set of assignments ;
; B[4]       ; Incomplete set of assignments ;
; A[23]      ; Incomplete set of assignments ;
; A[21]      ; Incomplete set of assignments ;
; A[22]      ; Incomplete set of assignments ;
; A[20]      ; Incomplete set of assignments ;
; A[19]      ; Incomplete set of assignments ;
; A[17]      ; Incomplete set of assignments ;
; A[18]      ; Incomplete set of assignments ;
; A[16]      ; Incomplete set of assignments ;
; A[29]      ; Incomplete set of assignments ;
; A[28]      ; Incomplete set of assignments ;
; A[31]      ; Incomplete set of assignments ;
; A[30]      ; Incomplete set of assignments ;
; A[27]      ; Incomplete set of assignments ;
; A[25]      ; Incomplete set of assignments ;
; A[26]      ; Incomplete set of assignments ;
; A[24]      ; Incomplete set of assignments ;
; B[31]      ; Incomplete set of assignments ;
; B[30]      ; Incomplete set of assignments ;
; B[29]      ; Incomplete set of assignments ;
; B[28]      ; Incomplete set of assignments ;
; B[27]      ; Incomplete set of assignments ;
; B[26]      ; Incomplete set of assignments ;
; B[25]      ; Incomplete set of assignments ;
; B[24]      ; Incomplete set of assignments ;
; B[23]      ; Incomplete set of assignments ;
; B[22]      ; Incomplete set of assignments ;
; B[21]      ; Incomplete set of assignments ;
; B[20]      ; Incomplete set of assignments ;
; B[19]      ; Incomplete set of assignments ;
; B[18]      ; Incomplete set of assignments ;
; B[17]      ; Incomplete set of assignments ;
; B[16]      ; Incomplete set of assignments ;
; B[15]      ; Incomplete set of assignments ;
; B[14]      ; Incomplete set of assignments ;
; B[13]      ; Incomplete set of assignments ;
; B[12]      ; Incomplete set of assignments ;
; B[11]      ; Incomplete set of assignments ;
; B[10]      ; Incomplete set of assignments ;
; B[9]       ; Incomplete set of assignments ;
; B[8]       ; Incomplete set of assignments ;
; B[7]       ; Incomplete set of assignments ;
; B[6]       ; Incomplete set of assignments ;
; B[5]       ; Incomplete set of assignments ;
; Result[0]  ; Missing location assignment   ;
; Result[1]  ; Missing location assignment   ;
; Result[2]  ; Missing location assignment   ;
; Result[3]  ; Missing location assignment   ;
; Result[4]  ; Missing location assignment   ;
; Result[5]  ; Missing location assignment   ;
; Result[6]  ; Missing location assignment   ;
; Result[7]  ; Missing location assignment   ;
; Result[8]  ; Missing location assignment   ;
; Result[9]  ; Missing location assignment   ;
; Result[10] ; Missing location assignment   ;
; Result[11] ; Missing location assignment   ;
; Result[12] ; Missing location assignment   ;
; Result[13] ; Missing location assignment   ;
; Result[14] ; Missing location assignment   ;
; Result[15] ; Missing location assignment   ;
; Result[16] ; Missing location assignment   ;
; Result[17] ; Missing location assignment   ;
; Result[18] ; Missing location assignment   ;
; Result[19] ; Missing location assignment   ;
; Result[20] ; Missing location assignment   ;
; Result[21] ; Missing location assignment   ;
; Result[22] ; Missing location assignment   ;
; Result[23] ; Missing location assignment   ;
; Result[24] ; Missing location assignment   ;
; Result[25] ; Missing location assignment   ;
; Result[26] ; Missing location assignment   ;
; Result[27] ; Missing location assignment   ;
; Result[28] ; Missing location assignment   ;
; Result[29] ; Missing location assignment   ;
; Result[30] ; Missing location assignment   ;
; Result[31] ; Missing location assignment   ;
; Zero       ; Missing location assignment   ;
; ALUOP[0]   ; Missing location assignment   ;
; B[0]       ; Missing location assignment   ;
; A[0]       ; Missing location assignment   ;
; ALUOP[1]   ; Missing location assignment   ;
; ALUOP[2]   ; Missing location assignment   ;
; A[1]       ; Missing location assignment   ;
; B[1]       ; Missing location assignment   ;
; A[3]       ; Missing location assignment   ;
; A[2]       ; Missing location assignment   ;
; B[2]       ; Missing location assignment   ;
; A[7]       ; Missing location assignment   ;
; A[6]       ; Missing location assignment   ;
; A[5]       ; Missing location assignment   ;
; A[4]       ; Missing location assignment   ;
; B[3]       ; Missing location assignment   ;
; A[15]      ; Missing location assignment   ;
; A[13]      ; Missing location assignment   ;
; A[14]      ; Missing location assignment   ;
; A[12]      ; Missing location assignment   ;
; A[11]      ; Missing location assignment   ;
; A[9]       ; Missing location assignment   ;
; A[10]      ; Missing location assignment   ;
; A[8]       ; Missing location assignment   ;
; B[4]       ; Missing location assignment   ;
; A[23]      ; Missing location assignment   ;
; A[21]      ; Missing location assignment   ;
; A[22]      ; Missing location assignment   ;
; A[20]      ; Missing location assignment   ;
; A[19]      ; Missing location assignment   ;
; A[17]      ; Missing location assignment   ;
; A[18]      ; Missing location assignment   ;
; A[16]      ; Missing location assignment   ;
; A[29]      ; Missing location assignment   ;
; A[28]      ; Missing location assignment   ;
; A[31]      ; Missing location assignment   ;
; A[30]      ; Missing location assignment   ;
; A[27]      ; Missing location assignment   ;
; A[25]      ; Missing location assignment   ;
; A[26]      ; Missing location assignment   ;
; A[24]      ; Missing location assignment   ;
; B[31]      ; Missing location assignment   ;
; B[30]      ; Missing location assignment   ;
; B[29]      ; Missing location assignment   ;
; B[28]      ; Missing location assignment   ;
; B[27]      ; Missing location assignment   ;
; B[26]      ; Missing location assignment   ;
; B[25]      ; Missing location assignment   ;
; B[24]      ; Missing location assignment   ;
; B[23]      ; Missing location assignment   ;
; B[22]      ; Missing location assignment   ;
; B[21]      ; Missing location assignment   ;
; B[20]      ; Missing location assignment   ;
; B[19]      ; Missing location assignment   ;
; B[18]      ; Missing location assignment   ;
; B[17]      ; Missing location assignment   ;
; B[16]      ; Missing location assignment   ;
; B[15]      ; Missing location assignment   ;
; B[14]      ; Missing location assignment   ;
; B[13]      ; Missing location assignment   ;
; B[12]      ; Missing location assignment   ;
; B[11]      ; Missing location assignment   ;
; B[10]      ; Missing location assignment   ;
; B[9]       ; Missing location assignment   ;
; B[8]       ; Missing location assignment   ;
; B[7]       ; Missing location assignment   ;
; B[6]       ; Missing location assignment   ;
; B[5]       ; Missing location assignment   ;
+------------+-------------------------------+


+-----------------------------------------------------------------------------------------------------------------------------------------------------------------------------------------------------------------------------------------------------------------------------------------------------------+
; Fitter Resource Utilization by Entity                                                                                                                                                                                                                                                                     ;
+----------------------------+-------------+---------------------------+---------------+-------------+------+------------+--------------+---------+-----------+------+--------------+--------------+-------------------+------------------+------------+---------------------+---------------+--------------+
; Compilation Hierarchy Node ; Logic Cells ; Dedicated Logic Registers ; I/O Registers ; Memory Bits ; M9Ks ; UFM Blocks ; DSP Elements ; DSP 9x9 ; DSP 18x18 ; Pins ; Virtual Pins ; LUT-Only LCs ; Register-Only LCs ; LUT/Register LCs ; ADC blocks ; Full Hierarchy Name ; Entity Name   ; Library Name ;
+----------------------------+-------------+---------------------------+---------------+-------------+------+------------+--------------+---------+-----------+------+--------------+--------------+-------------------+------------------+------------+---------------------+---------------+--------------+
; |riscv_alu_opt             ; 578 (578)   ; 0 (0)                     ; 0 (0)         ; 0           ; 0    ; 1          ; 0            ; 0       ; 0         ; 100  ; 0            ; 578 (578)    ; 0 (0)             ; 0 (0)            ; 0          ; |riscv_alu_opt      ; riscv_alu_opt ; work         ;
+----------------------------+-------------+---------------------------+---------------+-------------+------+------------+--------------+---------+-----------+------+--------------+--------------+-------------------+------------------+------------+---------------------+---------------+--------------+
Note: For table entries with two numbers listed, the numbers in parentheses indicate the number of resources of the given type used by the specific entity alone. The numbers listed outside of parentheses indicate the total resources of the given type used by the specific entity and all of its sub-entities in the hierarchy.


+--------------------------------------------------------------------------------------------+
; Delay Chain Summary                                                                        ;
+------------+----------+---------------+---------------+-----------------------+-----+------+
; Name       ; Pin Type ; Pad to Core 0 ; Pad to Core 1 ; Pad to Input Register ; TCO ; TCOE ;
+------------+----------+---------------+---------------+-----------------------+-----+------+
; Result[0]  ; Output   ; --            ; --            ; --                    ; --  ; --   ;
; Result[1]  ; Output   ; --            ; --            ; --                    ; --  ; --   ;
; Result[2]  ; Output   ; --            ; --            ; --                    ; --  ; --   ;
; Result[3]  ; Output   ; --            ; --            ; --                    ; --  ; --   ;
; Result[4]  ; Output   ; --            ; --            ; --                    ; --  ; --   ;
; Result[5]  ; Output   ; --            ; --            ; --                    ; --  ; --   ;
; Result[6]  ; Output   ; --            ; --            ; --                    ; --  ; --   ;
; Result[7]  ; Output   ; --            ; --            ; --                    ; --  ; --   ;
; Result[8]  ; Output   ; --            ; --            ; --                    ; --  ; --   ;
; Result[9]  ; Output   ; --            ; --            ; --                    ; --  ; --   ;
; Result[10] ; Output   ; --            ; --            ; --                    ; --  ; --   ;
; Result[11] ; Output   ; --            ; --            ; --                    ; --  ; --   ;
; Result[12] ; Output   ; --            ; --            ; --                    ; --  ; --   ;
; Result[13] ; Output   ; --            ; --            ; --                    ; --  ; --   ;
; Result[14] ; Output   ; --            ; --            ; --                    ; --  ; --   ;
; Result[15] ; Output   ; --            ; --            ; --                    ; --  ; --   ;
; Result[16] ; Output   ; --            ; --            ; --                    ; --  ; --   ;
; Result[17] ; Output   ; --            ; --            ; --                    ; --  ; --   ;
; Result[18] ; Output   ; --            ; --            ; --                    ; --  ; --   ;
; Result[19] ; Output   ; --            ; --            ; --                    ; --  ; --   ;
; Result[20] ; Output   ; --            ; --            ; --                    ; --  ; --   ;
; Result[21] ; Output   ; --            ; --            ; --                    ; --  ; --   ;
; Result[22] ; Output   ; --            ; --            ; --                    ; --  ; --   ;
; Result[23] ; Output   ; --            ; --            ; --                    ; --  ; --   ;
; Result[24] ; Output   ; --            ; --            ; --                    ; --  ; --   ;
; Result[25] ; Output   ; --            ; --            ; --                    ; --  ; --   ;
; Result[26] ; Output   ; --            ; --            ; --                    ; --  ; --   ;
; Result[27] ; Output   ; --            ; --            ; --                    ; --  ; --   ;
; Result[28] ; Output   ; --            ; --            ; --                    ; --  ; --   ;
; Result[29] ; Output   ; --            ; --            ; --                    ; --  ; --   ;
; Result[30] ; Output   ; --            ; --            ; --                    ; --  ; --   ;
; Result[31] ; Output   ; --            ; --            ; --                    ; --  ; --   ;
; Zero       ; Output   ; --            ; --            ; --                    ; --  ; --   ;
; ALUOP[0]   ; Input    ; (6) 873 ps    ; --            ; --                    ; --  ; --   ;
; B[0]       ; Input    ; --            ; (6) 868 ps    ; --                    ; --  ; --   ;
; A[0]       ; Input    ; --            ; (6) 868 ps    ; --                    ; --  ; --   ;
; ALUOP[1]   ; Input    ; (6) 868 ps    ; --            ; --                    ; --  ; --   ;
; ALUOP[2]   ; Input    ; --            ; (6) 868 ps    ; --                    ; --  ; --   ;
; A[1]       ; Input    ; (6) 873 ps    ; --            ; --                    ; --  ; --   ;
; B[1]       ; Input    ; --            ; (6) 868 ps    ; --                    ; --  ; --   ;
; A[3]       ; Input    ; (6) 868 ps    ; --            ; --                    ; --  ; --   ;
; A[2]       ; Input    ; --            ; (6) 868 ps    ; --                    ; --  ; --   ;
; B[2]       ; Input    ; --            ; (6) 868 ps    ; --                    ; --  ; --   ;
; A[7]       ; Input    ; (6) 868 ps    ; --            ; --                    ; --  ; --   ;
; A[6]       ; Input    ; (6) 873 ps    ; --            ; --                    ; --  ; --   ;
; A[5]       ; Input    ; (6) 868 ps    ; --            ; --                    ; --  ; --   ;
; A[4]       ; Input    ; --            ; (6) 868 ps    ; --                    ; --  ; --   ;
; B[3]       ; Input    ; --            ; (6) 868 ps    ; --                    ; --  ; --   ;
; A[15]      ; Input    ; --            ; (6) 868 ps    ; --                    ; --  ; --   ;
; A[13]      ; Input    ; (6) 868 ps    ; --            ; --                    ; --  ; --   ;
; A[14]      ; Input    ; (6) 868 ps    ; --            ; --                    ; --  ; --   ;
; A[12]      ; Input    ; --            ; (6) 868 ps    ; --                    ; --  ; --   ;
; A[11]      ; Input    ; (6) 868 ps    ; --            ; --                    ; --  ; --   ;
; A[9]       ; Input    ; (6) 873 ps    ; --            ; --                    ; --  ; --   ;
; A[10]      ; Input    ; --            ; (6) 868 ps    ; --                    ; --  ; --   ;
; A[8]       ; Input    ; --            ; (6) 868 ps    ; --                    ; --  ; --   ;
; B[4]       ; Input    ; --            ; (6) 868 ps    ; --                    ; --  ; --   ;
; A[23]      ; Input    ; (6) 873 ps    ; --            ; --                    ; --  ; --   ;
; A[21]      ; Input    ; (6) 868 ps    ; --            ; --                    ; --  ; --   ;
; A[22]      ; Input    ; (6) 868 ps    ; --            ; --                    ; --  ; --   ;
; A[20]      ; Input    ; (6) 868 ps    ; --            ; --                    ; --  ; --   ;
; A[19]      ; Input    ; --            ; (6) 873 ps    ; --                    ; --  ; --   ;
; A[17]      ; Input    ; (6) 868 ps    ; --            ; --                    ; --  ; --   ;
; A[18]      ; Input    ; (6) 873 ps    ; --            ; --                    ; --  ; --   ;
; A[16]      ; Input    ; --            ; (6) 873 ps    ; --                    ; --  ; --   ;
; A[29]      ; Input    ; (6) 868 ps    ; --            ; --                    ; --  ; --   ;
; A[28]      ; Input    ; --            ; (6) 868 ps    ; --                    ; --  ; --   ;
; A[31]      ; Input    ; --            ; (6) 868 ps    ; --                    ; --  ; --   ;
; A[30]      ; Input    ; --            ; (6) 868 ps    ; --                    ; --  ; --   ;
; A[27]      ; Input    ; --            ; (6) 868 ps    ; --                    ; --  ; --   ;
; A[25]      ; Input    ; (6) 868 ps    ; --            ; --                    ; --  ; --   ;
; A[26]      ; Input    ; (6) 873 ps    ; --            ; --                    ; --  ; --   ;
; A[24]      ; Input    ; (6) 868 ps    ; --            ; --                    ; --  ; --   ;
; B[31]      ; Input    ; --            ; (6) 873 ps    ; --                    ; --  ; --   ;
; B[30]      ; Input    ; (6) 873 ps    ; --            ; --                    ; --  ; --   ;
; B[29]      ; Input    ; (6) 868 ps    ; --            ; --                    ; --  ; --   ;
; B[28]      ; Input    ; --            ; (6) 868 ps    ; --                    ; --  ; --   ;
; B[27]      ; Input    ; (6) 868 ps    ; --            ; --                    ; --  ; --   ;
; B[26]      ; Input    ; (6) 868 ps    ; --            ; --                    ; --  ; --   ;
; B[25]      ; Input    ; --            ; (6) 868 ps    ; --                    ; --  ; --   ;
; B[24]      ; Input    ; (6) 873 ps    ; --            ; --                    ; --  ; --   ;
; B[23]      ; Input    ; --            ; (6) 868 ps    ; --                    ; --  ; --   ;
; B[22]      ; Input    ; --            ; (6) 868 ps    ; --                    ; --  ; --   ;
; B[21]      ; Input    ; --            ; (6) 868 ps    ; --                    ; --  ; --   ;
; B[20]      ; Input    ; (6) 873 ps    ; --            ; --                    ; --  ; --   ;
; B[19]      ; Input    ; (6) 873 ps    ; --            ; --                    ; --  ; --   ;
; B[18]      ; Input    ; --            ; (6) 873 ps    ; --                    ; --  ; --   ;
; B[17]      ; Input    ; --            ; (6) 868 ps    ; --                    ; --  ; --   ;
; B[16]      ; Input    ; (6) 873 ps    ; --            ; --                    ; --  ; --   ;
; B[15]      ; Input    ; --            ; (6) 868 ps    ; --                    ; --  ; --   ;
; B[14]      ; Input    ; (6) 868 ps    ; --            ; --                    ; --  ; --   ;
; B[13]      ; Input    ; (6) 873 ps    ; --            ; --                    ; --  ; --   ;
; B[12]      ; Input    ; (6) 873 ps    ; --            ; --                    ; --  ; --   ;
; B[11]      ; Input    ; (6) 873 ps    ; --            ; --                    ; --  ; --   ;
; B[10]      ; Input    ; --            ; (6) 868 ps    ; --                    ; --  ; --   ;
; B[9]       ; Input    ; --            ; (6) 868 ps    ; --                    ; --  ; --   ;
; B[8]       ; Input    ; --            ; (6) 868 ps    ; --                    ; --  ; --   ;
; B[7]       ; Input    ; (6) 868 ps    ; --            ; --                    ; --  ; --   ;
; B[6]       ; Input    ; (6) 873 ps    ; --            ; --                    ; --  ; --   ;
; B[5]       ; Input    ; (6) 868 ps    ; --            ; --                    ; --  ; --   ;
+------------+----------+---------------+---------------+-----------------------+-----+------+


+-----------------------------------------------------+
; Pad To Core Delay Chain Fanout                      ;
+-----------------------+-------------------+---------+
; Source Pin / Fanout   ; Pad To Core Index ; Setting ;
+-----------------------+-------------------+---------+
; ALUOP[0]              ;                   ;         ;
;      - Add0~2         ; 0                 ; 6       ;
;      - Mux31~4        ; 0                 ; 6       ;
;      - Add0~0         ; 0                 ; 6       ;
;      - Mux31~6        ; 0                 ; 6       ;
;      - Mux30~0        ; 0                 ; 6       ;
;      - Add0~5         ; 0                 ; 6       ;
;      - Mux3~0         ; 0                 ; 6       ;
;      - Mux3~1         ; 0                 ; 6       ;
;      - Mux30~4        ; 0                 ; 6       ;
;      - Mux30~9        ; 0                 ; 6       ;
;      - Add0~8         ; 0                 ; 6       ;
;      - Mux28~0        ; 0                 ; 6       ;
;      - Mux29~0        ; 0                 ; 6       ;
;      - Mux28~2        ; 0                 ; 6       ;
;      - Mux28~3        ; 0                 ; 6       ;
;      - Mux28~5        ; 0                 ; 6       ;
;      - Add0~11        ; 0                 ; 6       ;
;      - Mux28~6        ; 0                 ; 6       ;
;      - Mux25~2        ; 0                 ; 6       ;
;      - Add0~14        ; 0                 ; 6       ;
;      - Mux25~3        ; 0                 ; 6       ;
;      - Mux25~5        ; 0                 ; 6       ;
;      - Mux25~6        ; 0                 ; 6       ;
;      - Mux25~7        ; 0                 ; 6       ;
;      - Mux27~6        ; 0                 ; 6       ;
;      - Add0~17        ; 0                 ; 6       ;
;      - Mux26~6        ; 0                 ; 6       ;
;      - Add0~20        ; 0                 ; 6       ;
;      - Mux25~12       ; 0                 ; 6       ;
;      - Add0~23        ; 0                 ; 6       ;
;      - Mux24~6        ; 0                 ; 6       ;
;      - Add0~26        ; 0                 ; 6       ;
;      - Add0~29        ; 0                 ; 6       ;
;      - Mux22~1        ; 0                 ; 6       ;
;      - Add0~32        ; 0                 ; 6       ;
;      - Add0~35        ; 0                 ; 6       ;
;      - Mux20~1        ; 0                 ; 6       ;
;      - Add0~38        ; 0                 ; 6       ;
;      - Mux19~1        ; 0                 ; 6       ;
;      - Add0~41        ; 0                 ; 6       ;
;      - Mux18~1        ; 0                 ; 6       ;
;      - Add0~44        ; 0                 ; 6       ;
;      - Mux17~1        ; 0                 ; 6       ;
;      - Add0~47        ; 0                 ; 6       ;
;      - Mux16~1        ; 0                 ; 6       ;
;      - Add0~50        ; 0                 ; 6       ;
;      - Mux15~1        ; 0                 ; 6       ;
;      - Mux1~0         ; 0                 ; 6       ;
;      - Mux12~0        ; 0                 ; 6       ;
;      - Mux12~1        ; 0                 ; 6       ;
;      - Mux12~2        ; 0                 ; 6       ;
;      - Add0~53        ; 0                 ; 6       ;
;      - Mux14~4        ; 0                 ; 6       ;
;      - Mux14~5        ; 0                 ; 6       ;
;      - Add0~56        ; 0                 ; 6       ;
;      - Mux13~4        ; 0                 ; 6       ;
;      - Add0~59        ; 0                 ; 6       ;
;      - Mux12~9        ; 0                 ; 6       ;
;      - Add0~62        ; 0                 ; 6       ;
;      - Mux11~4        ; 0                 ; 6       ;
;      - Add0~65        ; 0                 ; 6       ;
;      - Mux10~4        ; 0                 ; 6       ;
;      - Add0~68        ; 0                 ; 6       ;
;      - Mux9~4         ; 0                 ; 6       ;
;      - Add0~71        ; 0                 ; 6       ;
;      - Mux8~4         ; 0                 ; 6       ;
;      - Mux7~4         ; 0                 ; 6       ;
;      - Mux7~5         ; 0                 ; 6       ;
;      - Add0~74        ; 0                 ; 6       ;
;      - Add0~77        ; 0                 ; 6       ;
;      - Add0~80        ; 0                 ; 6       ;
;      - Add0~83        ; 0                 ; 6       ;
;      - Add0~86        ; 0                 ; 6       ;
;      - Mux3~4         ; 0                 ; 6       ;
;      - Mux3~6         ; 0                 ; 6       ;
;      - Mux3~7         ; 0                 ; 6       ;
;      - Add0~89        ; 0                 ; 6       ;
;      - Mux1~1         ; 0                 ; 6       ;
;      - Add0~92        ; 0                 ; 6       ;
;      - Mux0~1         ; 0                 ; 6       ;
;      - Mux0~2         ; 0                 ; 6       ;
;      - Add0~95        ; 0                 ; 6       ;
;      - Mux31~13       ; 0                 ; 6       ;
;      - Mux31~14       ; 0                 ; 6       ;
;      - Mux23~9        ; 0                 ; 6       ;
;      - Mux21~8        ; 0                 ; 6       ;
; B[0]                  ;                   ;         ;
;      - LessThan0~1    ; 1                 ; 6       ;
;      - Mux31~4        ; 1                 ; 6       ;
;      - Add0~0         ; 1                 ; 6       ;
;      - Mux31~7        ; 1                 ; 6       ;
;      - ShiftRight1~16 ; 1                 ; 6       ;
;      - ShiftRight0~12 ; 1                 ; 6       ;
;      - ShiftRight1~17 ; 1                 ; 6       ;
;      - ShiftRight0~16 ; 1                 ; 6       ;
;      - ShiftRight0~19 ; 1                 ; 6       ;
;      - ShiftRight0~23 ; 1                 ; 6       ;
;      - ShiftRight0~26 ; 1                 ; 6       ;
;      - ShiftRight0~27 ; 1                 ; 6       ;
;      - ShiftRight1~18 ; 1                 ; 6       ;
;      - ShiftRight0~31 ; 1                 ; 6       ;
;      - ShiftRight0~34 ; 1                 ; 6       ;
;      - ShiftLeft0~11  ; 1                 ; 6       ;
;      - ShiftRight0~36 ; 1                 ; 6       ;
;      - ShiftRight0~37 ; 1                 ; 6       ;
;      - ShiftRight0~38 ; 1                 ; 6       ;
;      - ShiftRight1~22 ; 1                 ; 6       ;
;      - Mux30~5        ; 1                 ; 6       ;
;      - ShiftRight1~25 ; 1                 ; 6       ;
;      - ShiftRight0~39 ; 1                 ; 6       ;
;      - ShiftRight1~26 ; 1                 ; 6       ;
;      - ShiftRight0~41 ; 1                 ; 6       ;
;      - ShiftRight0~42 ; 1                 ; 6       ;
;      - ShiftRight0~44 ; 1                 ; 6       ;
;      - ShiftRight0~45 ; 1                 ; 6       ;
;      - ShiftLeft0~12  ; 1                 ; 6       ;
;      - ShiftLeft0~13  ; 1                 ; 6       ;
;      - ShiftRight1~29 ; 1                 ; 6       ;
;      - ShiftRight1~30 ; 1                 ; 6       ;
;      - ShiftRight1~32 ; 1                 ; 6       ;
;      - ShiftRight1~34 ; 1                 ; 6       ;
;      - ShiftRight1~35 ; 1                 ; 6       ;
;      - ShiftRight1~37 ; 1                 ; 6       ;
;      - ShiftRight1~39 ; 1                 ; 6       ;
;      - ShiftRight1~41 ; 1                 ; 6       ;
;      - ShiftRight1~43 ; 1                 ; 6       ;
;      - ShiftLeft0~14  ; 1                 ; 6       ;
;      - ShiftLeft0~16  ; 1                 ; 6       ;
;      - ShiftRight1~44 ; 1                 ; 6       ;
;      - ShiftRight1~45 ; 1                 ; 6       ;
;      - ShiftRight1~46 ; 1                 ; 6       ;
;      - ShiftRight1~48 ; 1                 ; 6       ;
;      - ShiftRight1~49 ; 1                 ; 6       ;
;      - ShiftRight1~50 ; 1                 ; 6       ;
;      - ShiftLeft0~17  ; 1                 ; 6       ;
;      - ShiftLeft0~19  ; 1                 ; 6       ;
;      - ShiftLeft0~22  ; 1                 ; 6       ;
;      - ShiftLeft0~24  ; 1                 ; 6       ;
;      - ShiftLeft0~27  ; 1                 ; 6       ;
;      - ShiftRight0~60 ; 1                 ; 6       ;
;      - ShiftLeft0~31  ; 1                 ; 6       ;
;      - ShiftLeft0~33  ; 1                 ; 6       ;
;      - ShiftLeft0~35  ; 1                 ; 6       ;
;      - ShiftLeft0~39  ; 1                 ; 6       ;
;      - ShiftLeft0~42  ; 1                 ; 6       ;
;      - ShiftLeft0~45  ; 1                 ; 6       ;
;      - ShiftRight0~69 ; 1                 ; 6       ;
;      - ShiftLeft0~48  ; 1                 ; 6       ;
;      - ShiftLeft0~53  ; 1                 ; 6       ;
;      - ShiftLeft0~58  ; 1                 ; 6       ;
;      - ShiftLeft0~63  ; 1                 ; 6       ;
;      - ShiftLeft0~67  ; 1                 ; 6       ;
;      - ShiftLeft0~70  ; 1                 ; 6       ;
;      - ShiftLeft0~73  ; 1                 ; 6       ;
;      - ShiftLeft0~76  ; 1                 ; 6       ;
;      - ShiftLeft0~79  ; 1                 ; 6       ;
;      - ShiftLeft0~82  ; 1                 ; 6       ;
;      - ShiftLeft0~85  ; 1                 ; 6       ;
;      - ShiftLeft0~88  ; 1                 ; 6       ;
;      - ShiftLeft0~91  ; 1                 ; 6       ;
;      - ShiftLeft0~92  ; 1                 ; 6       ;
;      - ShiftLeft0~93  ; 1                 ; 6       ;
;      - ShiftLeft0~94  ; 1                 ; 6       ;
;      - ShiftLeft0~95  ; 1                 ; 6       ;
;      - ShiftLeft0~97  ; 1                 ; 6       ;
;      - ShiftLeft0~98  ; 1                 ; 6       ;
;      - ShiftLeft0~100 ; 1                 ; 6       ;
;      - ShiftLeft0~101 ; 1                 ; 6       ;
;      - Mux1~5         ; 1                 ; 6       ;
;      - Mux0~4         ; 1                 ; 6       ;
; A[0]                  ;                   ;         ;
;      - Add0~3         ; 1                 ; 6       ;
;      - LessThan0~1    ; 1                 ; 6       ;
;      - Mux31~4        ; 1                 ; 6       ;
;      - Mux31~7        ; 1                 ; 6       ;
;      - ShiftLeft0~11  ; 1                 ; 6       ;
;      - ShiftLeft0~12  ; 1                 ; 6       ;
;      - ShiftLeft0~20  ; 1                 ; 6       ;
;      - ShiftLeft0~22  ; 1                 ; 6       ;
;      - ShiftLeft0~33  ; 1                 ; 6       ;
;      - Mux15~3        ; 1                 ; 6       ;
;      - Mux31~13       ; 1                 ; 6       ;
; ALUOP[1]              ;                   ;         ;
;      - Mux31~4        ; 0                 ; 6       ;
;      - Mux31~5        ; 0                 ; 6       ;
;      - Mux31~6        ; 0                 ; 6       ;
;      - Mux30~0        ; 0                 ; 6       ;
;      - Mux30~1        ; 0                 ; 6       ;
;      - Mux30~2        ; 0                 ; 6       ;
;      - Mux3~1         ; 0                 ; 6       ;
;      - Mux30~4        ; 0                 ; 6       ;
;      - Mux30~9        ; 0                 ; 6       ;
;      - Mux28~0        ; 0                 ; 6       ;
;      - Mux28~2        ; 0                 ; 6       ;
;      - Mux28~3        ; 0                 ; 6       ;
;      - Mux28~4        ; 0                 ; 6       ;
;      - Mux28~5        ; 0                 ; 6       ;
;      - Mux25~2        ; 0                 ; 6       ;
;      - Mux25~3        ; 0                 ; 6       ;
;      - Mux25~6        ; 0                 ; 6       ;
;      - Mux25~7        ; 0                 ; 6       ;
;      - Mux15~0        ; 0                 ; 6       ;
;      - Mux15~2        ; 0                 ; 6       ;
;      - Mux15~3        ; 0                 ; 6       ;
;      - Mux15~6        ; 0                 ; 6       ;
;      - Mux15~7        ; 0                 ; 6       ;
;      - Mux12~3        ; 0                 ; 6       ;
;      - Mux12~4        ; 0                 ; 6       ;
;      - Mux14~4        ; 0                 ; 6       ;
;      - Mux7~4         ; 0                 ; 6       ;
;      - Mux7~5         ; 0                 ; 6       ;
;      - Mux7~7         ; 0                 ; 6       ;
;      - Mux6~3         ; 0                 ; 6       ;
;      - Mux5~3         ; 0                 ; 6       ;
;      - Mux4~3         ; 0                 ; 6       ;
;      - Mux3~4         ; 0                 ; 6       ;
;      - Mux3~6         ; 0                 ; 6       ;
;      - Mux3~7         ; 0                 ; 6       ;
;      - Mux1~2         ; 0                 ; 6       ;
;      - Mux1~3         ; 0                 ; 6       ;
;      - Mux1~4         ; 0                 ; 6       ;
;      - Mux1~9         ; 0                 ; 6       ;
;      - Mux0~3         ; 0                 ; 6       ;
;      - Mux0~7         ; 0                 ; 6       ;
;      - Mux0~8         ; 0                 ; 6       ;
;      - Mux31~13       ; 0                 ; 6       ;
;      - Mux31~14       ; 0                 ; 6       ;
;      - Mux27~7        ; 0                 ; 6       ;
;      - Mux26~7        ; 0                 ; 6       ;
;      - Mux25~13       ; 0                 ; 6       ;
;      - Mux24~7        ; 0                 ; 6       ;
; ALUOP[2]              ;                   ;         ;
;      - Mux31~5        ; 1                 ; 6       ;
;      - Mux31~12       ; 1                 ; 6       ;
;      - Mux30~1        ; 1                 ; 6       ;
;      - Mux3~0         ; 1                 ; 6       ;
;      - Mux3~1         ; 1                 ; 6       ;
;      - Mux30~4        ; 1                 ; 6       ;
;      - Mux30~9        ; 1                 ; 6       ;
;      - Mux28~4        ; 1                 ; 6       ;
;      - Mux28~5        ; 1                 ; 6       ;
;      - Mux25~2        ; 1                 ; 6       ;
;      - Mux25~6        ; 1                 ; 6       ;
;      - Mux25~7        ; 1                 ; 6       ;
;      - Mux23~2        ; 1                 ; 6       ;
;      - Mux15~0        ; 1                 ; 6       ;
;      - Mux15~1        ; 1                 ; 6       ;
;      - Mux1~0         ; 1                 ; 6       ;
;      - Mux12~3        ; 1                 ; 6       ;
;      - Mux12~4        ; 1                 ; 6       ;
;      - Mux14~4        ; 1                 ; 6       ;
;      - Mux1~1         ; 1                 ; 6       ;
;      - Mux1~3         ; 1                 ; 6       ;
;      - Mux0~1         ; 1                 ; 6       ;
;      - Mux0~3         ; 1                 ; 6       ;
;      - Mux27~7        ; 1                 ; 6       ;
;      - Mux26~7        ; 1                 ; 6       ;
;      - Mux25~13       ; 1                 ; 6       ;
;      - Mux24~7        ; 1                 ; 6       ;
; A[1]                  ;                   ;         ;
;      - Add0~6         ; 0                 ; 6       ;
;      - LessThan0~3    ; 0                 ; 6       ;
;      - Mux31~7        ; 0                 ; 6       ;
;      - Mux30~0        ; 0                 ; 6       ;
;      - ShiftLeft0~11  ; 0                 ; 6       ;
;      - Mux30~5        ; 0                 ; 6       ;
;      - ShiftLeft0~13  ; 0                 ; 6       ;
;      - ShiftLeft0~17  ; 0                 ; 6       ;
;      - ShiftLeft0~22  ; 0                 ; 6       ;
; B[1]                  ;                   ;         ;
;      - LessThan0~3    ; 1                 ; 6       ;
;      - Mux31~7        ; 1                 ; 6       ;
;      - Mux31~8        ; 1                 ; 6       ;
;      - ShiftRight0~12 ; 1                 ; 6       ;
;      - ShiftRight0~13 ; 1                 ; 6       ;
;      - ShiftRight0~14 ; 1                 ; 6       ;
;      - ShiftRight0~15 ; 1                 ; 6       ;
;      - ShiftRight0~17 ; 1                 ; 6       ;
;      - ShiftRight0~18 ; 1                 ; 6       ;
;      - ShiftRight0~21 ; 1                 ; 6       ;
;      - ShiftRight0~22 ; 1                 ; 6       ;
;      - ShiftRight0~24 ; 1                 ; 6       ;
;      - ShiftRight0~25 ; 1                 ; 6       ;
;      - ShiftRight0~27 ; 1                 ; 6       ;
;      - ShiftRight0~28 ; 1                 ; 6       ;
;      - ShiftRight0~29 ; 1                 ; 6       ;
;      - ShiftRight0~30 ; 1                 ; 6       ;
;      - ShiftRight0~34 ; 1                 ; 6       ;
;      - Mux30~0        ; 1                 ; 6       ;
;      - Add0~5         ; 1                 ; 6       ;
;      - ShiftRight1~19 ; 1                 ; 6       ;
;      - ShiftRight1~20 ; 1                 ; 6       ;
;      - ShiftRight1~21 ; 1                 ; 6       ;
;      - ShiftRight1~23 ; 1                 ; 6       ;
;      - Mux30~5        ; 1                 ; 6       ;
;      - Mux30~6        ; 1                 ; 6       ;
;      - ShiftRight0~39 ; 1                 ; 6       ;
;      - ShiftRight0~40 ; 1                 ; 6       ;
;      - ShiftRight1~27 ; 1                 ; 6       ;
;      - ShiftRight1~28 ; 1                 ; 6       ;
;      - ShiftRight0~44 ; 1                 ; 6       ;
;      - ShiftLeft0~12  ; 1                 ; 6       ;
;      - ShiftLeft0~13  ; 1                 ; 6       ;
;      - ShiftRight1~29 ; 1                 ; 6       ;
;      - ShiftRight1~31 ; 1                 ; 6       ;
;      - ShiftRight0~49 ; 1                 ; 6       ;
;      - ShiftRight1~33 ; 1                 ; 6       ;
;      - ShiftRight1~35 ; 1                 ; 6       ;
;      - Mux28~1        ; 1                 ; 6       ;
;      - ShiftRight1~37 ; 1                 ; 6       ;
;      - ShiftRight1~38 ; 1                 ; 6       ;
;      - ShiftRight1~40 ; 1                 ; 6       ;
;      - ShiftRight1~42 ; 1                 ; 6       ;
;      - ShiftLeft0~14  ; 1                 ; 6       ;
;      - ShiftLeft0~15  ; 1                 ; 6       ;
;      - ShiftLeft0~16  ; 1                 ; 6       ;
;      - ShiftRight1~46 ; 1                 ; 6       ;
;      - ShiftRight1~47 ; 1                 ; 6       ;
;      - ShiftLeft0~17  ; 1                 ; 6       ;
;      - ShiftLeft0~18  ; 1                 ; 6       ;
;      - ShiftLeft0~22  ; 1                 ; 6       ;
;      - ShiftLeft0~23  ; 1                 ; 6       ;
;      - ShiftRight1~51 ; 1                 ; 6       ;
;      - ShiftLeft0~26  ; 1                 ; 6       ;
;      - ShiftRight0~60 ; 1                 ; 6       ;
;      - ShiftLeft0~29  ; 1                 ; 6       ;
;      - ShiftLeft0~30  ; 1                 ; 6       ;
;      - ShiftLeft0~33  ; 1                 ; 6       ;
;      - ShiftLeft0~34  ; 1                 ; 6       ;
;      - ShiftLeft0~38  ; 1                 ; 6       ;
;      - ShiftLeft0~41  ; 1                 ; 6       ;
;      - ShiftLeft0~44  ; 1                 ; 6       ;
;      - ShiftRight0~69 ; 1                 ; 6       ;
;      - ShiftLeft0~47  ; 1                 ; 6       ;
;      - ShiftRight0~71 ; 1                 ; 6       ;
;      - ShiftLeft0~51  ; 1                 ; 6       ;
;      - ShiftLeft0~52  ; 1                 ; 6       ;
;      - ShiftRight1~55 ; 1                 ; 6       ;
;      - ShiftLeft0~57  ; 1                 ; 6       ;
;      - ShiftLeft0~62  ; 1                 ; 6       ;
;      - ShiftLeft0~66  ; 1                 ; 6       ;
;      - ShiftLeft0~69  ; 1                 ; 6       ;
;      - ShiftLeft0~72  ; 1                 ; 6       ;
;      - ShiftLeft0~75  ; 1                 ; 6       ;
;      - ShiftLeft0~78  ; 1                 ; 6       ;
;      - ShiftLeft0~81  ; 1                 ; 6       ;
;      - ShiftLeft0~84  ; 1                 ; 6       ;
;      - ShiftLeft0~87  ; 1                 ; 6       ;
;      - ShiftLeft0~90  ; 1                 ; 6       ;
;      - ShiftLeft0~92  ; 1                 ; 6       ;
;      - ShiftLeft0~94  ; 1                 ; 6       ;
;      - ShiftLeft0~96  ; 1                 ; 6       ;
;      - ShiftLeft0~97  ; 1                 ; 6       ;
;      - ShiftLeft0~99  ; 1                 ; 6       ;
;      - Mux3~5         ; 1                 ; 6       ;
;      - Mux1~5         ; 1                 ; 6       ;
;      - Mux1~6         ; 1                 ; 6       ;
;      - Mux0~4         ; 1                 ; 6       ;
;      - ShiftLeft0~102 ; 1                 ; 6       ;
;      - ShiftRight0~78 ; 1                 ; 6       ;
; A[3]                  ;                   ;         ;
;      - Add0~12        ; 0                 ; 6       ;
;      - LessThan0~7    ; 0                 ; 6       ;
;      - ShiftRight1~16 ; 0                 ; 6       ;
;      - ShiftRight1~25 ; 0                 ; 6       ;
;      - ShiftLeft0~14  ; 0                 ; 6       ;
;      - Mux28~11       ; 0                 ; 6       ;
;      - ShiftLeft0~17  ; 0                 ; 6       ;
;      - ShiftLeft0~23  ; 0                 ; 6       ;
; A[2]                  ;                   ;         ;
;      - Add0~9         ; 1                 ; 6       ;
;      - LessThan0~5    ; 1                 ; 6       ;
;      - ShiftRight1~16 ; 1                 ; 6       ;
;      - Mux30~5        ; 1                 ; 6       ;
;      - ShiftLeft0~12  ; 1                 ; 6       ;
;      - Mux29~5        ; 1                 ; 6       ;
;      - ShiftLeft0~14  ; 1                 ; 6       ;
;      - ShiftLeft0~18  ; 1                 ; 6       ;
; B[2]                  ;                   ;         ;
;      - LessThan0~5    ; 1                 ; 6       ;
;      - Mux31~8        ; 1                 ; 6       ;
;      - Mux31~9        ; 1                 ; 6       ;
;      - ShiftRight0~20 ; 1                 ; 6       ;
;      - ShiftRight0~32 ; 1                 ; 6       ;
;      - ShiftRight0~34 ; 1                 ; 6       ;
;      - ShiftRight0~35 ; 1                 ; 6       ;
;      - Mux22~0        ; 1                 ; 6       ;
;      - ShiftRight0~38 ; 1                 ; 6       ;
;      - ShiftRight1~23 ; 1                 ; 6       ;
;      - Mux30~6        ; 1                 ; 6       ;
;      - Mux30~7        ; 1                 ; 6       ;
;      - ShiftRight0~43 ; 1                 ; 6       ;
;      - ShiftRight0~46 ; 1                 ; 6       ;
;      - Add0~8         ; 1                 ; 6       ;
;      - ShiftRight0~48 ; 1                 ; 6       ;
;      - ShiftRight0~49 ; 1                 ; 6       ;
;      - ShiftRight1~36 ; 1                 ; 6       ;
;      - Mux21~2        ; 1                 ; 6       ;
;      - Mux28~1        ; 1                 ; 6       ;
;      - ShiftRight0~51 ; 1                 ; 6       ;
;      - Mux29~5        ; 1                 ; 6       ;
;      - ShiftRight0~53 ; 1                 ; 6       ;
;      - ShiftRight0~54 ; 1                 ; 6       ;
;      - Mux28~6        ; 1                 ; 6       ;
;      - ShiftRight0~55 ; 1                 ; 6       ;
;      - ShiftLeft0~20  ; 1                 ; 6       ;
;      - ShiftRight0~56 ; 1                 ; 6       ;
;      - ShiftRight0~57 ; 1                 ; 6       ;
;      - Mux25~4        ; 1                 ; 6       ;
;      - ShiftLeft0~25  ; 1                 ; 6       ;
;      - ShiftRight0~58 ; 1                 ; 6       ;
;      - ShiftRight1~51 ; 1                 ; 6       ;
;      - ShiftRight0~59 ; 1                 ; 6       ;
;      - ShiftLeft0~28  ; 1                 ; 6       ;
;      - ShiftRight0~61 ; 1                 ; 6       ;
;      - ShiftRight1~53 ; 1                 ; 6       ;
;      - ShiftRight0~62 ; 1                 ; 6       ;
;      - ShiftLeft0~32  ; 1                 ; 6       ;
;      - ShiftRight0~63 ; 1                 ; 6       ;
;      - ShiftRight0~64 ; 1                 ; 6       ;
;      - ShiftRight0~65 ; 1                 ; 6       ;
;      - Mux23~3        ; 1                 ; 6       ;
;      - ShiftLeft0~33  ; 1                 ; 6       ;
;      - ShiftLeft0~36  ; 1                 ; 6       ;
;      - ShiftLeft0~37  ; 1                 ; 6       ;
;      - ShiftRight0~66 ; 1                 ; 6       ;
;      - ShiftLeft0~40  ; 1                 ; 6       ;
;      - ShiftRight0~67 ; 1                 ; 6       ;
;      - ShiftLeft0~43  ; 1                 ; 6       ;
;      - ShiftRight0~68 ; 1                 ; 6       ;
;      - Mux20~0        ; 1                 ; 6       ;
;      - ShiftLeft0~46  ; 1                 ; 6       ;
;      - ShiftRight0~69 ; 1                 ; 6       ;
;      - Mux19~0        ; 1                 ; 6       ;
;      - ShiftLeft0~49  ; 1                 ; 6       ;
;      - Mux18~0        ; 1                 ; 6       ;
;      - ShiftLeft0~51  ; 1                 ; 6       ;
;      - ShiftLeft0~54  ; 1                 ; 6       ;
;      - Mux17~0        ; 1                 ; 6       ;
;      - ShiftLeft0~56  ; 1                 ; 6       ;
;      - ShiftLeft0~59  ; 1                 ; 6       ;
;      - Mux16~0        ; 1                 ; 6       ;
;      - ShiftLeft0~61  ; 1                 ; 6       ;
;      - ShiftLeft0~64  ; 1                 ; 6       ;
;      - Mux15~4        ; 1                 ; 6       ;
;      - ShiftLeft0~68  ; 1                 ; 6       ;
;      - ShiftLeft0~71  ; 1                 ; 6       ;
;      - ShiftLeft0~74  ; 1                 ; 6       ;
;      - ShiftLeft0~77  ; 1                 ; 6       ;
;      - ShiftLeft0~80  ; 1                 ; 6       ;
;      - ShiftLeft0~83  ; 1                 ; 6       ;
;      - ShiftLeft0~86  ; 1                 ; 6       ;
;      - ShiftLeft0~89  ; 1                 ; 6       ;
;      - Mux7~1         ; 1                 ; 6       ;
;      - Mux0~0         ; 1                 ; 6       ;
;      - Mux1~6         ; 1                 ; 6       ;
;      - Mux1~7         ; 1                 ; 6       ;
;      - Mux0~5         ; 1                 ; 6       ;
;      - ShiftLeft0~102 ; 1                 ; 6       ;
;      - ShiftLeft0~103 ; 1                 ; 6       ;
;      - ShiftRight0~73 ; 1                 ; 6       ;
;      - ShiftRight0~74 ; 1                 ; 6       ;
;      - ShiftRight1~57 ; 1                 ; 6       ;
;      - ShiftRight0~75 ; 1                 ; 6       ;
;      - ShiftRight0~76 ; 1                 ; 6       ;
;      - ShiftLeft0~104 ; 1                 ; 6       ;
;      - ShiftLeft0~105 ; 1                 ; 6       ;
;      - ShiftLeft0~106 ; 1                 ; 6       ;
;      - ShiftRight0~77 ; 1                 ; 6       ;
;      - ShiftRight0~78 ; 1                 ; 6       ;
;      - ShiftRight1~60 ; 1                 ; 6       ;
;      - ShiftRight1~63 ; 1                 ; 6       ;
;      - ShiftRight1~64 ; 1                 ; 6       ;
;      - Mux2~9         ; 1                 ; 6       ;
; A[7]                  ;                   ;         ;
;      - Add0~24        ; 0                 ; 6       ;
;      - LessThan0~15   ; 0                 ; 6       ;
;      - ShiftRight0~12 ; 0                 ; 6       ;
;      - ShiftRight0~39 ; 0                 ; 6       ;
;      - ShiftRight1~38 ; 0                 ; 6       ;
;      - ShiftLeft0~30  ; 0                 ; 6       ;
;      - Mux24~6        ; 0                 ; 6       ;
;      - ShiftLeft0~38  ; 0                 ; 6       ;
; A[6]                  ;                   ;         ;
;      - Add0~21        ; 0                 ; 6       ;
;      - LessThan0~13   ; 0                 ; 6       ;
;      - ShiftRight0~12 ; 0                 ; 6       ;
;      - ShiftRight1~26 ; 0                 ; 6       ;
;      - ShiftRight1~37 ; 0                 ; 6       ;
;      - ShiftLeft0~26  ; 0                 ; 6       ;
;      - Mux25~12       ; 0                 ; 6       ;
;      - ShiftLeft0~34  ; 0                 ; 6       ;
; A[5]                  ;                   ;         ;
;      - Add0~18        ; 0                 ; 6       ;
;      - LessThan0~11   ; 0                 ; 6       ;
;      - ShiftRight1~17 ; 0                 ; 6       ;
;      - ShiftRight1~26 ; 0                 ; 6       ;
;      - ShiftLeft0~23  ; 0                 ; 6       ;
;      - Mux26~6        ; 0                 ; 6       ;
;      - ShiftLeft0~30  ; 0                 ; 6       ;
; A[4]                  ;                   ;         ;
;      - Add0~15        ; 1                 ; 6       ;
;      - LessThan0~9    ; 1                 ; 6       ;
;      - ShiftRight1~17 ; 1                 ; 6       ;
;      - ShiftRight1~25 ; 1                 ; 6       ;
;      - ShiftLeft0~18  ; 1                 ; 6       ;
;      - Mux27~6        ; 1                 ; 6       ;
;      - ShiftLeft0~26  ; 1                 ; 6       ;
; B[3]                  ;                   ;         ;
;      - LessThan0~7    ; 1                 ; 6       ;
;      - Mux31~9        ; 1                 ; 6       ;
;      - Mux31~10       ; 1                 ; 6       ;
;      - ShiftRight0~32 ; 1                 ; 6       ;
;      - ShiftRight0~33 ; 1                 ; 6       ;
;      - ShiftRight0~34 ; 1                 ; 6       ;
;      - ShiftRight0~35 ; 1                 ; 6       ;
;      - ShiftRight1~24 ; 1                 ; 6       ;
;      - Mux30~7        ; 1                 ; 6       ;
;      - Mux30~8        ; 1                 ; 6       ;
;      - ShiftRight0~46 ; 1                 ; 6       ;
;      - ShiftRight0~47 ; 1                 ; 6       ;
;      - ShiftRight0~48 ; 1                 ; 6       ;
;      - ShiftRight0~49 ; 1                 ; 6       ;
;      - Mux29~0        ; 1                 ; 6       ;
;      - Mux28~1        ; 1                 ; 6       ;
;      - Add0~11        ; 1                 ; 6       ;
;      - ShiftRight0~52 ; 1                 ; 6       ;
;      - ShiftRight0~53 ; 1                 ; 6       ;
;      - Mux28~11       ; 1                 ; 6       ;
;      - ShiftLeft0~21  ; 1                 ; 6       ;
;      - ShiftRight0~56 ; 1                 ; 6       ;
;      - Mux25~3        ; 1                 ; 6       ;
;      - Mux25~4        ; 1                 ; 6       ;
;      - ShiftLeft0~25  ; 1                 ; 6       ;
;      - ShiftRight0~58 ; 1                 ; 6       ;
;      - ShiftRight1~52 ; 1                 ; 6       ;
;      - ShiftLeft0~28  ; 1                 ; 6       ;
;      - ShiftRight0~61 ; 1                 ; 6       ;
;      - ShiftRight1~54 ; 1                 ; 6       ;
;      - ShiftLeft0~32  ; 1                 ; 6       ;
;      - ShiftRight0~63 ; 1                 ; 6       ;
;      - Mux23~2        ; 1                 ; 6       ;
;      - ShiftLeft0~36  ; 1                 ; 6       ;
;      - ShiftLeft0~37  ; 1                 ; 6       ;
;      - ShiftRight0~66 ; 1                 ; 6       ;
;      - ShiftRight0~67 ; 1                 ; 6       ;
;      - ShiftRight0~68 ; 1                 ; 6       ;
;      - ShiftRight0~69 ; 1                 ; 6       ;
;      - ShiftLeft0~50  ; 1                 ; 6       ;
;      - ShiftLeft0~55  ; 1                 ; 6       ;
;      - ShiftLeft0~56  ; 1                 ; 6       ;
;      - ShiftLeft0~60  ; 1                 ; 6       ;
;      - ShiftLeft0~61  ; 1                 ; 6       ;
;      - ShiftLeft0~65  ; 1                 ; 6       ;
;      - Mux15~4        ; 1                 ; 6       ;
;      - Mux15~5        ; 1                 ; 6       ;
;      - Mux12~2        ; 1                 ; 6       ;
;      - ShiftRight1~56 ; 1                 ; 6       ;
;      - Mux7~0         ; 1                 ; 6       ;
;      - Mux7~1         ; 1                 ; 6       ;
;      - Mux0~0         ; 1                 ; 6       ;
;      - Mux1~7         ; 1                 ; 6       ;
;      - Mux1~8         ; 1                 ; 6       ;
;      - Mux0~5         ; 1                 ; 6       ;
;      - Mux0~6         ; 1                 ; 6       ;
;      - ShiftLeft0~102 ; 1                 ; 6       ;
;      - ShiftLeft0~103 ; 1                 ; 6       ;
;      - ShiftRight0~73 ; 1                 ; 6       ;
;      - ShiftRight0~74 ; 1                 ; 6       ;
;      - ShiftRight1~57 ; 1                 ; 6       ;
;      - ShiftRight0~75 ; 1                 ; 6       ;
;      - ShiftRight0~76 ; 1                 ; 6       ;
;      - ShiftRight1~58 ; 1                 ; 6       ;
;      - Mux23~9        ; 1                 ; 6       ;
;      - ShiftLeft0~104 ; 1                 ; 6       ;
;      - ShiftRight1~59 ; 1                 ; 6       ;
;      - ShiftLeft0~105 ; 1                 ; 6       ;
;      - Mux21~8        ; 1                 ; 6       ;
;      - ShiftLeft0~106 ; 1                 ; 6       ;
;      - ShiftRight0~77 ; 1                 ; 6       ;
;      - ShiftRight0~78 ; 1                 ; 6       ;
;      - ShiftRight1~60 ; 1                 ; 6       ;
;      - ShiftRight1~61 ; 1                 ; 6       ;
;      - ShiftRight1~62 ; 1                 ; 6       ;
;      - ShiftRight1~63 ; 1                 ; 6       ;
;      - ShiftRight1~64 ; 1                 ; 6       ;
;      - Mux2~9         ; 1                 ; 6       ;
; A[15]                 ;                   ;         ;
;      - Add0~48        ; 1                 ; 6       ;
;      - LessThan0~31   ; 1                 ; 6       ;
;      - ShiftRight0~14 ; 1                 ; 6       ;
;      - ShiftRight1~40 ; 1                 ; 6       ;
;      - ShiftLeft0~62  ; 1                 ; 6       ;
;      - Mux16~4        ; 1                 ; 6       ;
;      - ShiftLeft0~69  ; 1                 ; 6       ;
; A[13]                 ;                   ;         ;
;      - Add0~42        ; 0                 ; 6       ;
;      - LessThan0~27   ; 0                 ; 6       ;
;      - ShiftRight0~14 ; 0                 ; 6       ;
;      - ShiftRight1~42 ; 0                 ; 6       ;
;      - ShiftLeft0~52  ; 0                 ; 6       ;
;      - Mux18~4        ; 0                 ; 6       ;
;      - ShiftLeft0~62  ; 0                 ; 6       ;
; A[14]                 ;                   ;         ;
;      - Add0~45        ; 0                 ; 6       ;
;      - LessThan0~29   ; 0                 ; 6       ;
;      - ShiftRight0~15 ; 0                 ; 6       ;
;      - ShiftRight1~27 ; 0                 ; 6       ;
;      - ShiftLeft0~57  ; 0                 ; 6       ;
;      - Mux17~4        ; 0                 ; 6       ;
;      - ShiftLeft0~66  ; 0                 ; 6       ;
; A[12]                 ;                   ;         ;
;      - Add0~39        ; 1                 ; 6       ;
;      - LessThan0~25   ; 1                 ; 6       ;
;      - ShiftRight0~15 ; 1                 ; 6       ;
;      - ShiftRight1~28 ; 1                 ; 6       ;
;      - ShiftLeft0~47  ; 1                 ; 6       ;
;      - Mux19~4        ; 1                 ; 6       ;
;      - ShiftLeft0~57  ; 1                 ; 6       ;
; A[11]                 ;                   ;         ;
;      - Add0~36        ; 0                 ; 6       ;
;      - LessThan0~23   ; 0                 ; 6       ;
;      - ShiftRight0~17 ; 0                 ; 6       ;
;      - ShiftRight1~42 ; 0                 ; 6       ;
;      - ShiftLeft0~44  ; 0                 ; 6       ;
;      - Mux20~4        ; 0                 ; 6       ;
;      - ShiftLeft0~52  ; 0                 ; 6       ;
; A[9]                  ;                   ;         ;
;      - Add0~30        ; 0                 ; 6       ;
;      - LessThan0~19   ; 0                 ; 6       ;
;      - ShiftRight0~17 ; 0                 ; 6       ;
;      - ShiftRight1~38 ; 0                 ; 6       ;
;      - ShiftLeft0~38  ; 0                 ; 6       ;
;      - Mux22~4        ; 0                 ; 6       ;
;      - ShiftLeft0~44  ; 0                 ; 6       ;
; A[10]                 ;                   ;         ;
;      - Add0~33        ; 1                 ; 6       ;
;      - LessThan0~21   ; 1                 ; 6       ;
;      - ShiftRight0~18 ; 1                 ; 6       ;
;      - ShiftRight1~28 ; 1                 ; 6       ;
;      - ShiftLeft0~41  ; 1                 ; 6       ;
;      - Mux21~5        ; 1                 ; 6       ;
;      - ShiftLeft0~47  ; 1                 ; 6       ;
; A[8]                  ;                   ;         ;
;      - Add0~27        ; 1                 ; 6       ;
;      - LessThan0~17   ; 1                 ; 6       ;
;      - ShiftRight0~18 ; 1                 ; 6       ;
;      - ShiftRight0~39 ; 1                 ; 6       ;
;      - ShiftRight1~37 ; 1                 ; 6       ;
;      - ShiftLeft0~34  ; 1                 ; 6       ;
;      - Mux23~6        ; 1                 ; 6       ;
;      - ShiftLeft0~41  ; 1                 ; 6       ;
; B[4]                  ;                   ;         ;
;      - LessThan0~9    ; 1                 ; 6       ;
;      - Mux31~10       ; 1                 ; 6       ;
;      - Mux31~11       ; 1                 ; 6       ;
;      - ShiftLeft0~10  ; 1                 ; 6       ;
;      - Mux30~2        ; 1                 ; 6       ;
;      - Mux3~1         ; 1                 ; 6       ;
;      - Mux30~4        ; 1                 ; 6       ;
;      - Mux30~9        ; 1                 ; 6       ;
;      - Mux28~0        ; 1                 ; 6       ;
;      - Mux28~2        ; 1                 ; 6       ;
;      - Mux28~3        ; 1                 ; 6       ;
;      - Mux25~2        ; 1                 ; 6       ;
;      - Add0~14        ; 1                 ; 6       ;
;      - Mux25~3        ; 1                 ; 6       ;
;      - Mux25~4        ; 1                 ; 6       ;
;      - Mux25~6        ; 1                 ; 6       ;
;      - Mux27~6        ; 1                 ; 6       ;
;      - Mux23~2        ; 1                 ; 6       ;
;      - Mux1~0         ; 1                 ; 6       ;
;      - Mux15~6        ; 1                 ; 6       ;
;      - Mux15~7        ; 1                 ; 6       ;
;      - Mux12~0        ; 1                 ; 6       ;
;      - Mux12~1        ; 1                 ; 6       ;
;      - Mux12~2        ; 1                 ; 6       ;
;      - Mux12~3        ; 1                 ; 6       ;
;      - Mux7~0         ; 1                 ; 6       ;
;      - Mux7~1         ; 1                 ; 6       ;
;      - Mux7~4         ; 1                 ; 6       ;
;      - Mux7~5         ; 1                 ; 6       ;
;      - Mux0~0         ; 1                 ; 6       ;
;      - Mux3~7         ; 1                 ; 6       ;
;      - Mux1~8         ; 1                 ; 6       ;
;      - Mux1~9         ; 1                 ; 6       ;
;      - Mux0~6         ; 1                 ; 6       ;
;      - Mux0~7         ; 1                 ; 6       ;
;      - Mux2~9         ; 1                 ; 6       ;
; A[23]                 ;                   ;         ;
;      - Add0~72        ; 0                 ; 6       ;
;      - LessThan0~47   ; 0                 ; 6       ;
;      - ShiftRight0~21 ; 0                 ; 6       ;
;      - ShiftRight1~31 ; 0                 ; 6       ;
;      - ShiftLeft0~87  ; 0                 ; 6       ;
;      - Mux8~4         ; 0                 ; 6       ;
;      - ShiftLeft0~92  ; 0                 ; 6       ;
;      - ShiftLeft0~94  ; 0                 ; 6       ;
; A[21]                 ;                   ;         ;
;      - Add0~66        ; 0                 ; 6       ;
;      - LessThan0~43   ; 0                 ; 6       ;
;      - ShiftRight0~21 ; 0                 ; 6       ;
;      - ShiftRight1~33 ; 0                 ; 6       ;
;      - ShiftLeft0~81  ; 0                 ; 6       ;
;      - Mux10~4        ; 0                 ; 6       ;
;      - ShiftLeft0~87  ; 0                 ; 6       ;
; A[22]                 ;                   ;         ;
;      - Add0~69        ; 0                 ; 6       ;
;      - LessThan0~45   ; 0                 ; 6       ;
;      - ShiftRight0~22 ; 0                 ; 6       ;
;      - ShiftRight1~19 ; 0                 ; 6       ;
;      - ShiftLeft0~84  ; 0                 ; 6       ;
;      - Mux9~4         ; 0                 ; 6       ;
;      - ShiftLeft0~90  ; 0                 ; 6       ;
; A[20]                 ;                   ;         ;
;      - Add0~63        ; 0                 ; 6       ;
;      - LessThan0~41   ; 0                 ; 6       ;
;      - ShiftRight0~22 ; 0                 ; 6       ;
;      - ShiftRight1~20 ; 0                 ; 6       ;
;      - ShiftLeft0~78  ; 0                 ; 6       ;
;      - Mux11~4        ; 0                 ; 6       ;
;      - ShiftLeft0~84  ; 0                 ; 6       ;
; A[19]                 ;                   ;         ;
;      - Add0~60        ; 1                 ; 6       ;
;      - LessThan0~39   ; 1                 ; 6       ;
;      - ShiftRight0~24 ; 1                 ; 6       ;
;      - ShiftRight1~33 ; 1                 ; 6       ;
;      - ShiftLeft0~75  ; 1                 ; 6       ;
;      - Mux12~9        ; 1                 ; 6       ;
;      - ShiftLeft0~81  ; 1                 ; 6       ;
; A[17]                 ;                   ;         ;
;      - Add0~54        ; 0                 ; 6       ;
;      - LessThan0~35   ; 0                 ; 6       ;
;      - ShiftRight0~24 ; 0                 ; 6       ;
;      - ShiftRight1~40 ; 0                 ; 6       ;
;      - ShiftLeft0~69  ; 0                 ; 6       ;
;      - Mux14~5        ; 0                 ; 6       ;
;      - ShiftLeft0~75  ; 0                 ; 6       ;
; A[18]                 ;                   ;         ;
;      - Add0~57        ; 0                 ; 6       ;
;      - LessThan0~37   ; 0                 ; 6       ;
;      - ShiftRight0~25 ; 0                 ; 6       ;
;      - ShiftRight1~20 ; 0                 ; 6       ;
;      - ShiftLeft0~72  ; 0                 ; 6       ;
;      - Mux13~4        ; 0                 ; 6       ;
;      - ShiftLeft0~78  ; 0                 ; 6       ;
; A[16]                 ;                   ;         ;
;      - Add0~51        ; 1                 ; 6       ;
;      - LessThan0~33   ; 1                 ; 6       ;
;      - ShiftRight0~25 ; 1                 ; 6       ;
;      - ShiftRight1~27 ; 1                 ; 6       ;
;      - Mux15~1        ; 1                 ; 6       ;
;      - ShiftLeft0~66  ; 1                 ; 6       ;
;      - ShiftLeft0~72  ; 1                 ; 6       ;
; A[29]                 ;                   ;         ;
;      - Add0~90        ; 0                 ; 6       ;
;      - LessThan0~59   ; 0                 ; 6       ;
;      - ShiftRight0~27 ; 0                 ; 6       ;
;      - ShiftRight1~22 ; 0                 ; 6       ;
;      - ShiftRight1~29 ; 0                 ; 6       ;
;      - Mux2~2         ; 0                 ; 6       ;
;      - ShiftLeft0~101 ; 0                 ; 6       ;
;      - Mux1~5         ; 0                 ; 6       ;
; A[28]                 ;                   ;         ;
;      - Add0~87        ; 1                 ; 6       ;
;      - LessThan0~57   ; 1                 ; 6       ;
;      - ShiftRight0~27 ; 1                 ; 6       ;
;      - ShiftRight1~21 ; 1                 ; 6       ;
;      - ShiftRight1~46 ; 1                 ; 6       ;
;      - ShiftLeft0~100 ; 1                 ; 6       ;
;      - Mux3~10        ; 1                 ; 6       ;
;      - ShiftLeft0~101 ; 1                 ; 6       ;
; A[31]                 ;                   ;         ;
;      - LessThan0~62   ; 1                 ; 6       ;
;      - Add0~96        ; 1                 ; 6       ;
;      - ShiftRight1~18 ; 1                 ; 6       ;
;      - ShiftRight1~23 ; 1                 ; 6       ;
;      - ShiftRight0~44 ; 1                 ; 6       ;
;      - ShiftRight1~35 ; 1                 ; 6       ;
;      - ShiftRight0~52 ; 1                 ; 6       ;
;      - ShiftRight1~51 ; 1                 ; 6       ;
;      - ShiftRight0~60 ; 1                 ; 6       ;
;      - ShiftRight1~53 ; 1                 ; 6       ;
;      - ShiftRight0~70 ; 1                 ; 6       ;
;      - Mux20~1        ; 1                 ; 6       ;
;      - Mux19~1        ; 1                 ; 6       ;
;      - ShiftRight1~55 ; 1                 ; 6       ;
;      - Mux17~1        ; 1                 ; 6       ;
;      - ShiftRight0~72 ; 1                 ; 6       ;
;      - Mux16~1        ; 1                 ; 6       ;
;      - Mux15~3        ; 1                 ; 6       ;
;      - Mux14~3        ; 1                 ; 6       ;
;      - Mux13~3        ; 1                 ; 6       ;
;      - Mux12~8        ; 1                 ; 6       ;
;      - Mux11~3        ; 1                 ; 6       ;
;      - Mux10~3        ; 1                 ; 6       ;
;      - Mux9~3         ; 1                 ; 6       ;
;      - Mux8~3         ; 1                 ; 6       ;
;      - Mux7~7         ; 1                 ; 6       ;
;      - Mux6~3         ; 1                 ; 6       ;
;      - Mux5~3         ; 1                 ; 6       ;
;      - Mux4~3         ; 1                 ; 6       ;
;      - Mux3~12        ; 1                 ; 6       ;
;      - Mux2~8         ; 1                 ; 6       ;
;      - Mux1~4         ; 1                 ; 6       ;
;      - Mux0~1         ; 1                 ; 6       ;
;      - Mux0~2         ; 1                 ; 6       ;
;      - Mux0~8         ; 1                 ; 6       ;
;      - ShiftRight1~57 ; 1                 ; 6       ;
;      - ShiftRight1~58 ; 1                 ; 6       ;
;      - Mux23~9        ; 1                 ; 6       ;
;      - ShiftRight1~59 ; 1                 ; 6       ;
;      - Mux21~8        ; 1                 ; 6       ;
;      - ShiftRight1~60 ; 1                 ; 6       ;
;      - ShiftRight1~61 ; 1                 ; 6       ;
;      - ShiftRight1~62 ; 1                 ; 6       ;
;      - ShiftRight1~63 ; 1                 ; 6       ;
;      - ShiftRight1~64 ; 1                 ; 6       ;
; A[30]                 ;                   ;         ;
;      - Add0~93        ; 1                 ; 6       ;
;      - LessThan0~61   ; 1                 ; 6       ;
;      - ShiftRight1~18 ; 1                 ; 6       ;
;      - ShiftRight1~22 ; 1                 ; 6       ;
;      - ShiftRight1~35 ; 1                 ; 6       ;
;      - ShiftRight0~60 ; 1                 ; 6       ;
;      - ShiftRight1~53 ; 1                 ; 6       ;
;      - Mux17~1        ; 1                 ; 6       ;
;      - Mux1~1         ; 1                 ; 6       ;
;      - Mux1~4         ; 1                 ; 6       ;
;      - Mux1~5         ; 1                 ; 6       ;
;      - Mux0~4         ; 1                 ; 6       ;
; A[27]                 ;                   ;         ;
;      - Add0~84        ; 1                 ; 6       ;
;      - LessThan0~55   ; 1                 ; 6       ;
;      - ShiftRight0~29 ; 1                 ; 6       ;
;      - ShiftRight1~29 ; 1                 ; 6       ;
;      - ShiftRight1~46 ; 1                 ; 6       ;
;      - ShiftLeft0~98  ; 1                 ; 6       ;
;      - Mux4           ; 1                 ; 6       ;
;      - ShiftLeft0~100 ; 1                 ; 6       ;
; A[25]                 ;                   ;         ;
;      - Add0~78        ; 0                 ; 6       ;
;      - LessThan0~51   ; 0                 ; 6       ;
;      - ShiftRight0~29 ; 0                 ; 6       ;
;      - ShiftRight1~31 ; 0                 ; 6       ;
;      - ShiftLeft0~92  ; 0                 ; 6       ;
;      - Mux6           ; 0                 ; 6       ;
;      - ShiftLeft0~95  ; 0                 ; 6       ;
;      - ShiftLeft0~97  ; 0                 ; 6       ;
; A[26]                 ;                   ;         ;
;      - Add0~81        ; 0                 ; 6       ;
;      - LessThan0~53   ; 0                 ; 6       ;
;      - ShiftRight0~30 ; 0                 ; 6       ;
;      - ShiftRight1~21 ; 0                 ; 6       ;
;      - ShiftLeft0~95  ; 0                 ; 6       ;
;      - Mux5           ; 0                 ; 6       ;
;      - ShiftLeft0~98  ; 0                 ; 6       ;
; A[24]                 ;                   ;         ;
;      - Add0~75        ; 0                 ; 6       ;
;      - LessThan0~49   ; 0                 ; 6       ;
;      - ShiftRight0~30 ; 0                 ; 6       ;
;      - ShiftRight1~19 ; 0                 ; 6       ;
;      - ShiftLeft0~90  ; 0                 ; 6       ;
;      - Mux7           ; 0                 ; 6       ;
;      - ShiftLeft0~94  ; 0                 ; 6       ;
;      - ShiftLeft0~97  ; 0                 ; 6       ;
; B[31]                 ;                   ;         ;
;      - LessThan0~62   ; 1                 ; 6       ;
;      - Mux0~1         ; 1                 ; 6       ;
;      - Add0~95        ; 1                 ; 6       ;
; B[30]                 ;                   ;         ;
;      - LessThan0~61   ; 0                 ; 6       ;
;      - Mux1~1         ; 0                 ; 6       ;
;      - Add0~92        ; 0                 ; 6       ;
; B[29]                 ;                   ;         ;
;      - LessThan0~59   ; 0                 ; 6       ;
;      - Add0~89        ; 0                 ; 6       ;
;      - Mux2~2         ; 0                 ; 6       ;
; B[28]                 ;                   ;         ;
;      - LessThan0~57   ; 1                 ; 6       ;
;      - Add0~86        ; 1                 ; 6       ;
;      - Mux3~10        ; 1                 ; 6       ;
; B[27]                 ;                   ;         ;
;      - LessThan0~55   ; 0                 ; 6       ;
;      - Add0~83        ; 0                 ; 6       ;
;      - Mux4           ; 0                 ; 6       ;
; B[26]                 ;                   ;         ;
;      - LessThan0~53   ; 0                 ; 6       ;
;      - Add0~80        ; 0                 ; 6       ;
;      - Mux5           ; 0                 ; 6       ;
; B[25]                 ;                   ;         ;
;      - LessThan0~51   ; 1                 ; 6       ;
;      - Add0~77        ; 1                 ; 6       ;
;      - Mux6           ; 1                 ; 6       ;
; B[24]                 ;                   ;         ;
;      - LessThan0~49   ; 0                 ; 6       ;
;      - Add0~74        ; 0                 ; 6       ;
;      - Mux7           ; 0                 ; 6       ;
; B[23]                 ;                   ;         ;
;      - LessThan0~47   ; 1                 ; 6       ;
;      - Add0~71        ; 1                 ; 6       ;
;      - Mux8~4         ; 1                 ; 6       ;
; B[22]                 ;                   ;         ;
;      - LessThan0~45   ; 1                 ; 6       ;
;      - Add0~68        ; 1                 ; 6       ;
;      - Mux9~4         ; 1                 ; 6       ;
; B[21]                 ;                   ;         ;
;      - LessThan0~43   ; 1                 ; 6       ;
;      - Add0~65        ; 1                 ; 6       ;
;      - Mux10~4        ; 1                 ; 6       ;
; B[20]                 ;                   ;         ;
;      - LessThan0~41   ; 0                 ; 6       ;
;      - Add0~62        ; 0                 ; 6       ;
;      - Mux11~4        ; 0                 ; 6       ;
; B[19]                 ;                   ;         ;
;      - LessThan0~39   ; 0                 ; 6       ;
;      - Add0~59        ; 0                 ; 6       ;
;      - Mux12~9        ; 0                 ; 6       ;
; B[18]                 ;                   ;         ;
;      - LessThan0~37   ; 1                 ; 6       ;
;      - Add0~56        ; 1                 ; 6       ;
;      - Mux13~4        ; 1                 ; 6       ;
; B[17]                 ;                   ;         ;
;      - LessThan0~35   ; 1                 ; 6       ;
;      - Add0~53        ; 1                 ; 6       ;
;      - Mux14~5        ; 1                 ; 6       ;
; B[16]                 ;                   ;         ;
;      - LessThan0~33   ; 0                 ; 6       ;
;      - Add0~50        ; 0                 ; 6       ;
;      - Mux15~1        ; 0                 ; 6       ;
; B[15]                 ;                   ;         ;
;      - LessThan0~31   ; 1                 ; 6       ;
;      - Add0~47        ; 1                 ; 6       ;
;      - Mux16~4        ; 1                 ; 6       ;
; B[14]                 ;                   ;         ;
;      - LessThan0~29   ; 0                 ; 6       ;
;      - Add0~44        ; 0                 ; 6       ;
;      - Mux17~4        ; 0                 ; 6       ;
; B[13]                 ;                   ;         ;
;      - LessThan0~27   ; 0                 ; 6       ;
;      - Add0~41        ; 0                 ; 6       ;
;      - Mux18~4        ; 0                 ; 6       ;
; B[12]                 ;                   ;         ;
;      - LessThan0~25   ; 0                 ; 6       ;
;      - Add0~38        ; 0                 ; 6       ;
;      - Mux19~4        ; 0                 ; 6       ;
; B[11]                 ;                   ;         ;
;      - LessThan0~23   ; 0                 ; 6       ;
;      - Add0~35        ; 0                 ; 6       ;
;      - Mux20~4        ; 0                 ; 6       ;
; B[10]                 ;                   ;         ;
;      - LessThan0~21   ; 1                 ; 6       ;
;      - Add0~32        ; 1                 ; 6       ;
;      - Mux21~5        ; 1                 ; 6       ;
; B[9]                  ;                   ;         ;
;      - LessThan0~19   ; 1                 ; 6       ;
;      - Add0~29        ; 1                 ; 6       ;
;      - Mux22~4        ; 1                 ; 6       ;
; B[8]                  ;                   ;         ;
;      - LessThan0~17   ; 1                 ; 6       ;
;      - Add0~26        ; 1                 ; 6       ;
;      - Mux23~6        ; 1                 ; 6       ;
; B[7]                  ;                   ;         ;
;      - LessThan0~15   ; 0                 ; 6       ;
;      - Add0~23        ; 0                 ; 6       ;
;      - Mux24~6        ; 0                 ; 6       ;
; B[6]                  ;                   ;         ;
;      - LessThan0~13   ; 0                 ; 6       ;
;      - Add0~20        ; 0                 ; 6       ;
;      - Mux25~12       ; 0                 ; 6       ;
; B[5]                  ;                   ;         ;
;      - LessThan0~11   ; 0                 ; 6       ;
;      - Add0~17        ; 0                 ; 6       ;
;      - Mux26~6        ; 0                 ; 6       ;
+-----------------------+-------------------+---------+


+-------------------------------------------------+
; Routing Usage Summary                           ;
+-----------------------+-------------------------+
; Routing Resource Type ; Usage                   ;
+-----------------------+-------------------------+
; Block interconnects   ; 847 / 148,641 ( < 1 % ) ;
; C16 interconnects     ; 83 / 5,382 ( 2 % )      ;
; C4 interconnects      ; 532 / 106,704 ( < 1 % ) ;
; Direct links          ; 58 / 148,641 ( < 1 % )  ;
; Global clocks         ; 0 / 20 ( 0 % )          ;
; Local interconnects   ; 284 / 49,760 ( < 1 % )  ;
; NSLEEPs               ; 0 / 500 ( 0 % )         ;
; R24 interconnects     ; 97 / 5,406 ( 2 % )      ;
; R4 interconnects      ; 541 / 147,764 ( < 1 % ) ;
+-----------------------+-------------------------+


+----------------------------------------------------------------------------+
; LAB Logic Elements                                                         ;
+---------------------------------------------+------------------------------+
; Number of Logic Elements  (Average = 14.45) ; Number of LABs  (Total = 40) ;
+---------------------------------------------+------------------------------+
; 1                                           ; 2                            ;
; 2                                           ; 0                            ;
; 3                                           ; 0                            ;
; 4                                           ; 0                            ;
; 5                                           ; 0                            ;
; 6                                           ; 0                            ;
; 7                                           ; 0                            ;
; 8                                           ; 0                            ;
; 9                                           ; 0                            ;
; 10                                          ; 1                            ;
; 11                                          ; 1                            ;
; 12                                          ; 0                            ;
; 13                                          ; 3                            ;
; 14                                          ; 2                            ;
; 15                                          ; 8                            ;
; 16                                          ; 23                           ;
+---------------------------------------------+------------------------------+


+-----------------------------------------------------------------------------+
; LAB Signals Sourced                                                         ;
+----------------------------------------------+------------------------------+
; Number of Signals Sourced  (Average = 13.65) ; Number of LABs  (Total = 40) ;
+----------------------------------------------+------------------------------+
; 0                                            ; 1                            ;
; 1                                            ; 3                            ;
; 2                                            ; 0                            ;
; 3                                            ; 0                            ;
; 4                                            ; 0                            ;
; 5                                            ; 0                            ;
; 6                                            ; 0                            ;
; 7                                            ; 0                            ;
; 8                                            ; 0                            ;
; 9                                            ; 0                            ;
; 10                                           ; 1                            ;
; 11                                           ; 1                            ;
; 12                                           ; 0                            ;
; 13                                           ; 3                            ;
; 14                                           ; 2                            ;
; 15                                           ; 9                            ;
; 16                                           ; 20                           ;
+----------------------------------------------+------------------------------+


+--------------------------------------------------------------------------------+
; LAB Signals Sourced Out                                                        ;
+-------------------------------------------------+------------------------------+
; Number of Signals Sourced Out  (Average = 8.25) ; Number of LABs  (Total = 40) ;
+-------------------------------------------------+------------------------------+
; 0                                               ; 1                            ;
; 1                                               ; 3                            ;
; 2                                               ; 0                            ;
; 3                                               ; 0                            ;
; 4                                               ; 1                            ;
; 5                                               ; 2                            ;
; 6                                               ; 6                            ;
; 7                                               ; 2                            ;
; 8                                               ; 5                            ;
; 9                                               ; 4                            ;
; 10                                              ; 4                            ;
; 11                                              ; 6                            ;
; 12                                              ; 3                            ;
; 13                                              ; 0                            ;
; 14                                              ; 1                            ;
; 15                                              ; 1                            ;
; 16                                              ; 1                            ;
+-------------------------------------------------+------------------------------+


+-----------------------------------------------------------------------------+
; LAB Distinct Inputs                                                         ;
+----------------------------------------------+------------------------------+
; Number of Distinct Inputs  (Average = 19.38) ; Number of LABs  (Total = 40) ;
+----------------------------------------------+------------------------------+
; 0                                            ; 0                            ;
; 1                                            ; 0                            ;
; 2                                            ; 1                            ;
; 3                                            ; 0                            ;
; 4                                            ; 0                            ;
; 5                                            ; 0                            ;
; 6                                            ; 0                            ;
; 7                                            ; 0                            ;
; 8                                            ; 0                            ;
; 9                                            ; 1                            ;
; 10                                           ; 5                            ;
; 11                                           ; 2                            ;
; 12                                           ; 0                            ;
; 13                                           ; 0                            ;
; 14                                           ; 0                            ;
; 15                                           ; 3                            ;
; 16                                           ; 3                            ;
; 17                                           ; 0                            ;
; 18                                           ; 3                            ;
; 19                                           ; 1                            ;
; 20                                           ; 1                            ;
; 21                                           ; 2                            ;
; 22                                           ; 0                            ;
; 23                                           ; 2                            ;
; 24                                           ; 2                            ;
; 25                                           ; 3                            ;
; 26                                           ; 0                            ;
; 27                                           ; 2                            ;
; 28                                           ; 2                            ;
; 29                                           ; 3                            ;
; 30                                           ; 0                            ;
; 31                                           ; 0                            ;
; 32                                           ; 1                            ;
; 33                                           ; 2                            ;
+----------------------------------------------+------------------------------+


+------------------------------------------+
; I/O Rules Summary                        ;
+----------------------------------+-------+
; I/O Rules Statistic              ; Total ;
+----------------------------------+-------+
; Total I/O Rules                  ; 30    ;
; Number of I/O Rules Passed       ; 9     ;
; Number of I/O Rules Failed       ; 0     ;
; Number of I/O Rules Unchecked    ; 0     ;
; Number of I/O Rules Inapplicable ; 21    ;
+----------------------------------+-------+


+-----------------------------------------------------------------------------------------------------------------------------------------------------------------------------------------------------------------------------------------------------------------------------------------------------+
; I/O Rules Details                                                                                                                                                                                                                                                                                   ;
+--------------+-----------+-----------------------------------+------------------------------------------------------------------------------------------------------+----------+--------------------------------------------------------------------------+---------------------+-------------------+
; Status       ; ID        ; Category                          ; Rule Description                                                                                     ; Severity ; Information                                                              ; Area                ; Extra Information ;
+--------------+-----------+-----------------------------------+------------------------------------------------------------------------------------------------------+----------+--------------------------------------------------------------------------+---------------------+-------------------+
; Inapplicable ; IO_000002 ; Capacity Checks                   ; Number of clocks in an I/O bank should not exceed the number of clocks available.                    ; Critical ; No Global Signal assignments found.                                      ; I/O                 ;                   ;
; Inapplicable ; IO_000001 ; Capacity Checks                   ; Number of pins in an I/O bank should not exceed the number of locations available.                   ; Critical ; No Location assignments found.                                           ; I/O                 ;                   ;
; Inapplicable ; IO_000003 ; Capacity Checks                   ; Number of pins in a Vrefgroup should not exceed the number of locations available.                   ; Critical ; No Location assignments found.                                           ; I/O                 ;                   ;
; Inapplicable ; IO_000004 ; Voltage Compatibility Checks      ; The I/O bank should support the requested VCCIO.                                                     ; Critical ; No IOBANK_VCCIO assignments found.                                       ; I/O                 ;                   ;
; Inapplicable ; IO_000005 ; Voltage Compatibility Checks      ; The I/O bank should not have competing VREF values.                                                  ; Critical ; No VREF I/O Standard assignments found.                                  ; I/O                 ;                   ;
; Pass         ; IO_000006 ; Voltage Compatibility Checks      ; The I/O bank should not have competing VCCIO values.                                                 ; Critical ; 0 such failures found.                                                   ; I/O                 ;                   ;
; Inapplicable ; IO_000007 ; Valid Location Checks             ; Checks for unavailable locations.                                                                    ; Critical ; No Location assignments found.                                           ; I/O                 ;                   ;
; Inapplicable ; IO_000008 ; Valid Location Checks             ; Checks for reserved locations.                                                                       ; Critical ; No reserved LogicLock region found.                                      ; I/O                 ;                   ;
; Inapplicable ; IO_000047 ; I/O Properties Checks for One I/O ; On Chip Termination and Slew Rate should not be used at the same time.                               ; Critical ; No Slew Rate assignments found.                                          ; I/O                 ;                   ;
; Inapplicable ; IO_000046 ; I/O Properties Checks for One I/O ; The location should support the requested Slew Rate value.                                           ; Critical ; No Slew Rate assignments found.                                          ; I/O                 ;                   ;
; Inapplicable ; IO_000045 ; I/O Properties Checks for One I/O ; The I/O standard should support the requested Slew Rate value.                                       ; Critical ; No Slew Rate assignments found.                                          ; I/O                 ;                   ;
; Inapplicable ; IO_000027 ; I/O Properties Checks for One I/O ; Weak Pull Up and Bus Hold should not be used at the same time.                                       ; Critical ; No Enable Bus-Hold Circuitry or Weak Pull-Up Resistor assignments found. ; I/O                 ;                   ;
; Inapplicable ; IO_000026 ; I/O Properties Checks for One I/O ; On Chip Termination and Current Strength should not be used at the same time.                        ; Critical ; No Current Strength assignments found.                                   ; I/O                 ;                   ;
; Pass         ; IO_000024 ; I/O Properties Checks for One I/O ; The I/O direction should support the On Chip Termination value.                                      ; Critical ; 0 such failures found.                                                   ; I/O                 ;                   ;
; Inapplicable ; IO_000023 ; I/O Properties Checks for One I/O ; The I/O standard should support the Open Drain value.                                                ; Critical ; No open drain assignments found.                                         ; I/O                 ;                   ;
; Inapplicable ; IO_000022 ; I/O Properties Checks for One I/O ; The I/O standard should support the requested Bus Hold value.                                        ; Critical ; No Enable Bus-Hold Circuitry assignments found.                          ; I/O                 ;                   ;
; Inapplicable ; IO_000021 ; I/O Properties Checks for One I/O ; The I/O standard should support the requested Weak Pull Up value.                                    ; Critical ; No Weak Pull-Up Resistor assignments found.                              ; I/O                 ;                   ;
; Pass         ; IO_000020 ; I/O Properties Checks for One I/O ; The I/O standard should support the requested PCI Clamp Diode.                                       ; Critical ; 0 such failures found.                                                   ; I/O                 ;                   ;
; Pass         ; IO_000019 ; I/O Properties Checks for One I/O ; The I/O standard should support the requested On Chip Termination value.                             ; Critical ; 0 such failures found.                                                   ; I/O                 ;                   ;
; Inapplicable ; IO_000018 ; I/O Properties Checks for One I/O ; The I/O standard should support the requested Current Strength.                                      ; Critical ; No Current Strength assignments found.                                   ; I/O                 ;                   ;
; Pass         ; IO_000015 ; I/O Properties Checks for One I/O ; The location should support the requested PCI Clamp Diode.                                           ; Critical ; 0 such failures found.                                                   ; I/O                 ;                   ;
; Inapplicable ; IO_000014 ; I/O Properties Checks for One I/O ; The location should support the requested Weak Pull Up value.                                        ; Critical ; No Weak Pull-Up Resistor assignments found.                              ; I/O                 ;                   ;
; Inapplicable ; IO_000013 ; I/O Properties Checks for One I/O ; The location should support the requested Bus Hold value.                                            ; Critical ; No Enable Bus-Hold Circuitry assignments found.                          ; I/O                 ;                   ;
; Pass         ; IO_000012 ; I/O Properties Checks for One I/O ; The location should support the requested On Chip Termination value.                                 ; Critical ; 0 such failures found.                                                   ; I/O                 ;                   ;
; Inapplicable ; IO_000011 ; I/O Properties Checks for One I/O ; The location should support the requested Current Strength.                                          ; Critical ; No Current Strength assignments found.                                   ; I/O                 ;                   ;
; Pass         ; IO_000010 ; I/O Properties Checks for One I/O ; The location should support the requested I/O direction.                                             ; Critical ; 0 such failures found.                                                   ; I/O                 ;                   ;
; Pass         ; IO_000009 ; I/O Properties Checks for One I/O ; The location should support the requested I/O standard.                                              ; Critical ; 0 such failures found.                                                   ; I/O                 ;                   ;
; Pass         ; IO_000033 ; Electromigration Checks           ; Current density for consecutive I/Os should not exceed 160mA for row I/Os and 160mA for column I/Os. ; Critical ; 0 such failures found.                                                   ; I/O                 ;                   ;
; Inapplicable ; IO_000034 ; SI Related Distance Checks        ; Single-ended outputs should be 5 LAB row(s) away from a differential I/O.                            ; High     ; No Differential I/O Standard assignments found.                          ; I/O                 ;                   ;
; Inapplicable ; IO_000042 ; SI Related SSO Limit Checks       ; No more than 20 outputs are allowed in a VREF group when VREF is being read from.                    ; High     ; No VREF I/O Standard assignments found.                                  ; I/O                 ;                   ;
; ----         ; ----      ; Disclaimer                        ; OCT rules are checked but not reported.                                                              ; None     ; ----                                                                     ; On Chip Termination ;                   ;
+--------------+-----------+-----------------------------------+------------------------------------------------------------------------------------------------------+----------+--------------------------------------------------------------------------+---------------------+-------------------+


+--------------------------------------------------------------------------------------------------------------------------------------------------------------------------------------------------------------------------------------------------------------------------------------------------------------------------------------------------------------------------------------------------------------------------------------------------------------------------+
; I/O Rules Matrix                                                                                                                                                                                                                                                                                                                                                                                                                                                         ;
+--------------------+--------------+--------------+--------------+--------------+--------------+-----------+--------------+--------------+--------------+--------------+--------------+--------------+--------------+--------------+--------------+--------------+--------------+--------------+--------------+--------------+--------------+--------------+--------------+--------------+--------------+-----------+-----------+-----------+--------------+--------------+
; Pin/Rules          ; IO_000002    ; IO_000001    ; IO_000003    ; IO_000004    ; IO_000005    ; IO_000006 ; IO_000007    ; IO_000008    ; IO_000047    ; IO_000046    ; IO_000045    ; IO_000027    ; IO_000026    ; IO_000024    ; IO_000023    ; IO_000022    ; IO_000021    ; IO_000020    ; IO_000019    ; IO_000018    ; IO_000015    ; IO_000014    ; IO_000013    ; IO_000012    ; IO_000011    ; IO_000010 ; IO_000009 ; IO_000033 ; IO_000034    ; IO_000042    ;
+--------------------+--------------+--------------+--------------+--------------+--------------+-----------+--------------+--------------+--------------+--------------+--------------+--------------+--------------+--------------+--------------+--------------+--------------+--------------+--------------+--------------+--------------+--------------+--------------+--------------+--------------+-----------+-----------+-----------+--------------+--------------+
; Total Pass         ; 0            ; 0            ; 0            ; 0            ; 0            ; 100       ; 0            ; 0            ; 0            ; 0            ; 0            ; 0            ; 0            ; 33           ; 0            ; 0            ; 0            ; 67           ; 33           ; 0            ; 67           ; 0            ; 0            ; 33           ; 0            ; 100       ; 100       ; 100       ; 0            ; 0            ;
; Total Unchecked    ; 0            ; 0            ; 0            ; 0            ; 0            ; 0         ; 0            ; 0            ; 0            ; 0            ; 0            ; 0            ; 0            ; 0            ; 0            ; 0            ; 0            ; 0            ; 0            ; 0            ; 0            ; 0            ; 0            ; 0            ; 0            ; 0         ; 0         ; 0         ; 0            ; 0            ;
; Total Inapplicable ; 100          ; 100          ; 100          ; 100          ; 100          ; 0         ; 100          ; 100          ; 100          ; 100          ; 100          ; 100          ; 100          ; 67           ; 100          ; 100          ; 100          ; 33           ; 67           ; 100          ; 33           ; 100          ; 100          ; 67           ; 100          ; 0         ; 0         ; 0         ; 100          ; 100          ;
; Total Fail         ; 0            ; 0            ; 0            ; 0            ; 0            ; 0         ; 0            ; 0            ; 0            ; 0            ; 0            ; 0            ; 0            ; 0            ; 0            ; 0            ; 0            ; 0            ; 0            ; 0            ; 0            ; 0            ; 0            ; 0            ; 0            ; 0         ; 0         ; 0         ; 0            ; 0            ;
; Result[0]          ; Inapplicable ; Inapplicable ; Inapplicable ; Inapplicable ; Inapplicable ; Pass      ; Inapplicable ; Inapplicable ; Inapplicable ; Inapplicable ; Inapplicable ; Inapplicable ; Inapplicable ; Pass         ; Inapplicable ; Inapplicable ; Inapplicable ; Inapplicable ; Pass         ; Inapplicable ; Inapplicable ; Inapplicable ; Inapplicable ; Pass         ; Inapplicable ; Pass      ; Pass      ; Pass      ; Inapplicable ; Inapplicable ;
; Result[1]          ; Inapplicable ; Inapplicable ; Inapplicable ; Inapplicable ; Inapplicable ; Pass      ; Inapplicable ; Inapplicable ; Inapplicable ; Inapplicable ; Inapplicable ; Inapplicable ; Inapplicable ; Pass         ; Inapplicable ; Inapplicable ; Inapplicable ; Inapplicable ; Pass         ; Inapplicable ; Inapplicable ; Inapplicable ; Inapplicable ; Pass         ; Inapplicable ; Pass      ; Pass      ; Pass      ; Inapplicable ; Inapplicable ;
; Result[2]          ; Inapplicable ; Inapplicable ; Inapplicable ; Inapplicable ; Inapplicable ; Pass      ; Inapplicable ; Inapplicable ; Inapplicable ; Inapplicable ; Inapplicable ; Inapplicable ; Inapplicable ; Pass         ; Inapplicable ; Inapplicable ; Inapplicable ; Inapplicable ; Pass         ; Inapplicable ; Inapplicable ; Inapplicable ; Inapplicable ; Pass         ; Inapplicable ; Pass      ; Pass      ; Pass      ; Inapplicable ; Inapplicable ;
; Result[3]          ; Inapplicable ; Inapplicable ; Inapplicable ; Inapplicable ; Inapplicable ; Pass      ; Inapplicable ; Inapplicable ; Inapplicable ; Inapplicable ; Inapplicable ; Inapplicable ; Inapplicable ; Pass         ; Inapplicable ; Inapplicable ; Inapplicable ; Inapplicable ; Pass         ; Inapplicable ; Inapplicable ; Inapplicable ; Inapplicable ; Pass         ; Inapplicable ; Pass      ; Pass      ; Pass      ; Inapplicable ; Inapplicable ;
; Result[4]          ; Inapplicable ; Inapplicable ; Inapplicable ; Inapplicable ; Inapplicable ; Pass      ; Inapplicable ; Inapplicable ; Inapplicable ; Inapplicable ; Inapplicable ; Inapplicable ; Inapplicable ; Pass         ; Inapplicable ; Inapplicable ; Inapplicable ; Inapplicable ; Pass         ; Inapplicable ; Inapplicable ; Inapplicable ; Inapplicable ; Pass         ; Inapplicable ; Pass      ; Pass      ; Pass      ; Inapplicable ; Inapplicable ;
; Result[5]          ; Inapplicable ; Inapplicable ; Inapplicable ; Inapplicable ; Inapplicable ; Pass      ; Inapplicable ; Inapplicable ; Inapplicable ; Inapplicable ; Inapplicable ; Inapplicable ; Inapplicable ; Pass         ; Inapplicable ; Inapplicable ; Inapplicable ; Inapplicable ; Pass         ; Inapplicable ; Inapplicable ; Inapplicable ; Inapplicable ; Pass         ; Inapplicable ; Pass      ; Pass      ; Pass      ; Inapplicable ; Inapplicable ;
; Result[6]          ; Inapplicable ; Inapplicable ; Inapplicable ; Inapplicable ; Inapplicable ; Pass      ; Inapplicable ; Inapplicable ; Inapplicable ; Inapplicable ; Inapplicable ; Inapplicable ; Inapplicable ; Pass         ; Inapplicable ; Inapplicable ; Inapplicable ; Inapplicable ; Pass         ; Inapplicable ; Inapplicable ; Inapplicable ; Inapplicable ; Pass         ; Inapplicable ; Pass      ; Pass      ; Pass      ; Inapplicable ; Inapplicable ;
; Result[7]          ; Inapplicable ; Inapplicable ; Inapplicable ; Inapplicable ; Inapplicable ; Pass      ; Inapplicable ; Inapplicable ; Inapplicable ; Inapplicable ; Inapplicable ; Inapplicable ; Inapplicable ; Pass         ; Inapplicable ; Inapplicable ; Inapplicable ; Inapplicable ; Pass         ; Inapplicable ; Inapplicable ; Inapplicable ; Inapplicable ; Pass         ; Inapplicable ; Pass      ; Pass      ; Pass      ; Inapplicable ; Inapplicable ;
; Result[8]          ; Inapplicable ; Inapplicable ; Inapplicable ; Inapplicable ; Inapplicable ; Pass      ; Inapplicable ; Inapplicable ; Inapplicable ; Inapplicable ; Inapplicable ; Inapplicable ; Inapplicable ; Pass         ; Inapplicable ; Inapplicable ; Inapplicable ; Inapplicable ; Pass         ; Inapplicable ; Inapplicable ; Inapplicable ; Inapplicable ; Pass         ; Inapplicable ; Pass      ; Pass      ; Pass      ; Inapplicable ; Inapplicable ;
; Result[9]          ; Inapplicable ; Inapplicable ; Inapplicable ; Inapplicable ; Inapplicable ; Pass      ; Inapplicable ; Inapplicable ; Inapplicable ; Inapplicable ; Inapplicable ; Inapplicable ; Inapplicable ; Pass         ; Inapplicable ; Inapplicable ; Inapplicable ; Inapplicable ; Pass         ; Inapplicable ; Inapplicable ; Inapplicable ; Inapplicable ; Pass         ; Inapplicable ; Pass      ; Pass      ; Pass      ; Inapplicable ; Inapplicable ;
; Result[10]         ; Inapplicable ; Inapplicable ; Inapplicable ; Inapplicable ; Inapplicable ; Pass      ; Inapplicable ; Inapplicable ; Inapplicable ; Inapplicable ; Inapplicable ; Inapplicable ; Inapplicable ; Pass         ; Inapplicable ; Inapplicable ; Inapplicable ; Inapplicable ; Pass         ; Inapplicable ; Inapplicable ; Inapplicable ; Inapplicable ; Pass         ; Inapplicable ; Pass      ; Pass      ; Pass      ; Inapplicable ; Inapplicable ;
; Result[11]         ; Inapplicable ; Inapplicable ; Inapplicable ; Inapplicable ; Inapplicable ; Pass      ; Inapplicable ; Inapplicable ; Inapplicable ; Inapplicable ; Inapplicable ; Inapplicable ; Inapplicable ; Pass         ; Inapplicable ; Inapplicable ; Inapplicable ; Inapplicable ; Pass         ; Inapplicable ; Inapplicable ; Inapplicable ; Inapplicable ; Pass         ; Inapplicable ; Pass      ; Pass      ; Pass      ; Inapplicable ; Inapplicable ;
; Result[12]         ; Inapplicable ; Inapplicable ; Inapplicable ; Inapplicable ; Inapplicable ; Pass      ; Inapplicable ; Inapplicable ; Inapplicable ; Inapplicable ; Inapplicable ; Inapplicable ; Inapplicable ; Pass         ; Inapplicable ; Inapplicable ; Inapplicable ; Inapplicable ; Pass         ; Inapplicable ; Inapplicable ; Inapplicable ; Inapplicable ; Pass         ; Inapplicable ; Pass      ; Pass      ; Pass      ; Inapplicable ; Inapplicable ;
; Result[13]         ; Inapplicable ; Inapplicable ; Inapplicable ; Inapplicable ; Inapplicable ; Pass      ; Inapplicable ; Inapplicable ; Inapplicable ; Inapplicable ; Inapplicable ; Inapplicable ; Inapplicable ; Pass         ; Inapplicable ; Inapplicable ; Inapplicable ; Inapplicable ; Pass         ; Inapplicable ; Inapplicable ; Inapplicable ; Inapplicable ; Pass         ; Inapplicable ; Pass      ; Pass      ; Pass      ; Inapplicable ; Inapplicable ;
; Result[14]         ; Inapplicable ; Inapplicable ; Inapplicable ; Inapplicable ; Inapplicable ; Pass      ; Inapplicable ; Inapplicable ; Inapplicable ; Inapplicable ; Inapplicable ; Inapplicable ; Inapplicable ; Pass         ; Inapplicable ; Inapplicable ; Inapplicable ; Inapplicable ; Pass         ; Inapplicable ; Inapplicable ; Inapplicable ; Inapplicable ; Pass         ; Inapplicable ; Pass      ; Pass      ; Pass      ; Inapplicable ; Inapplicable ;
; Result[15]         ; Inapplicable ; Inapplicable ; Inapplicable ; Inapplicable ; Inapplicable ; Pass      ; Inapplicable ; Inapplicable ; Inapplicable ; Inapplicable ; Inapplicable ; Inapplicable ; Inapplicable ; Pass         ; Inapplicable ; Inapplicable ; Inapplicable ; Inapplicable ; Pass         ; Inapplicable ; Inapplicable ; Inapplicable ; Inapplicable ; Pass         ; Inapplicable ; Pass      ; Pass      ; Pass      ; Inapplicable ; Inapplicable ;
; Result[16]         ; Inapplicable ; Inapplicable ; Inapplicable ; Inapplicable ; Inapplicable ; Pass      ; Inapplicable ; Inapplicable ; Inapplicable ; Inapplicable ; Inapplicable ; Inapplicable ; Inapplicable ; Pass         ; Inapplicable ; Inapplicable ; Inapplicable ; Inapplicable ; Pass         ; Inapplicable ; Inapplicable ; Inapplicable ; Inapplicable ; Pass         ; Inapplicable ; Pass      ; Pass      ; Pass      ; Inapplicable ; Inapplicable ;
; Result[17]         ; Inapplicable ; Inapplicable ; Inapplicable ; Inapplicable ; Inapplicable ; Pass      ; Inapplicable ; Inapplicable ; Inapplicable ; Inapplicable ; Inapplicable ; Inapplicable ; Inapplicable ; Pass         ; Inapplicable ; Inapplicable ; Inapplicable ; Inapplicable ; Pass         ; Inapplicable ; Inapplicable ; Inapplicable ; Inapplicable ; Pass         ; Inapplicable ; Pass      ; Pass      ; Pass      ; Inapplicable ; Inapplicable ;
; Result[18]         ; Inapplicable ; Inapplicable ; Inapplicable ; Inapplicable ; Inapplicable ; Pass      ; Inapplicable ; Inapplicable ; Inapplicable ; Inapplicable ; Inapplicable ; Inapplicable ; Inapplicable ; Pass         ; Inapplicable ; Inapplicable ; Inapplicable ; Inapplicable ; Pass         ; Inapplicable ; Inapplicable ; Inapplicable ; Inapplicable ; Pass         ; Inapplicable ; Pass      ; Pass      ; Pass      ; Inapplicable ; Inapplicable ;
; Result[19]         ; Inapplicable ; Inapplicable ; Inapplicable ; Inapplicable ; Inapplicable ; Pass      ; Inapplicable ; Inapplicable ; Inapplicable ; Inapplicable ; Inapplicable ; Inapplicable ; Inapplicable ; Pass         ; Inapplicable ; Inapplicable ; Inapplicable ; Inapplicable ; Pass         ; Inapplicable ; Inapplicable ; Inapplicable ; Inapplicable ; Pass         ; Inapplicable ; Pass      ; Pass      ; Pass      ; Inapplicable ; Inapplicable ;
; Result[20]         ; Inapplicable ; Inapplicable ; Inapplicable ; Inapplicable ; Inapplicable ; Pass      ; Inapplicable ; Inapplicable ; Inapplicable ; Inapplicable ; Inapplicable ; Inapplicable ; Inapplicable ; Pass         ; Inapplicable ; Inapplicable ; Inapplicable ; Inapplicable ; Pass         ; Inapplicable ; Inapplicable ; Inapplicable ; Inapplicable ; Pass         ; Inapplicable ; Pass      ; Pass      ; Pass      ; Inapplicable ; Inapplicable ;
; Result[21]         ; Inapplicable ; Inapplicable ; Inapplicable ; Inapplicable ; Inapplicable ; Pass      ; Inapplicable ; Inapplicable ; Inapplicable ; Inapplicable ; Inapplicable ; Inapplicable ; Inapplicable ; Pass         ; Inapplicable ; Inapplicable ; Inapplicable ; Inapplicable ; Pass         ; Inapplicable ; Inapplicable ; Inapplicable ; Inapplicable ; Pass         ; Inapplicable ; Pass      ; Pass      ; Pass      ; Inapplicable ; Inapplicable ;
; Result[22]         ; Inapplicable ; Inapplicable ; Inapplicable ; Inapplicable ; Inapplicable ; Pass      ; Inapplicable ; Inapplicable ; Inapplicable ; Inapplicable ; Inapplicable ; Inapplicable ; Inapplicable ; Pass         ; Inapplicable ; Inapplicable ; Inapplicable ; Inapplicable ; Pass         ; Inapplicable ; Inapplicable ; Inapplicable ; Inapplicable ; Pass         ; Inapplicable ; Pass      ; Pass      ; Pass      ; Inapplicable ; Inapplicable ;
; Result[23]         ; Inapplicable ; Inapplicable ; Inapplicable ; Inapplicable ; Inapplicable ; Pass      ; Inapplicable ; Inapplicable ; Inapplicable ; Inapplicable ; Inapplicable ; Inapplicable ; Inapplicable ; Pass         ; Inapplicable ; Inapplicable ; Inapplicable ; Inapplicable ; Pass         ; Inapplicable ; Inapplicable ; Inapplicable ; Inapplicable ; Pass         ; Inapplicable ; Pass      ; Pass      ; Pass      ; Inapplicable ; Inapplicable ;
; Result[24]         ; Inapplicable ; Inapplicable ; Inapplicable ; Inapplicable ; Inapplicable ; Pass      ; Inapplicable ; Inapplicable ; Inapplicable ; Inapplicable ; Inapplicable ; Inapplicable ; Inapplicable ; Pass         ; Inapplicable ; Inapplicable ; Inapplicable ; Inapplicable ; Pass         ; Inapplicable ; Inapplicable ; Inapplicable ; Inapplicable ; Pass         ; Inapplicable ; Pass      ; Pass      ; Pass      ; Inapplicable ; Inapplicable ;
; Result[25]         ; Inapplicable ; Inapplicable ; Inapplicable ; Inapplicable ; Inapplicable ; Pass      ; Inapplicable ; Inapplicable ; Inapplicable ; Inapplicable ; Inapplicable ; Inapplicable ; Inapplicable ; Pass         ; Inapplicable ; Inapplicable ; Inapplicable ; Inapplicable ; Pass         ; Inapplicable ; Inapplicable ; Inapplicable ; Inapplicable ; Pass         ; Inapplicable ; Pass      ; Pass      ; Pass      ; Inapplicable ; Inapplicable ;
; Result[26]         ; Inapplicable ; Inapplicable ; Inapplicable ; Inapplicable ; Inapplicable ; Pass      ; Inapplicable ; Inapplicable ; Inapplicable ; Inapplicable ; Inapplicable ; Inapplicable ; Inapplicable ; Pass         ; Inapplicable ; Inapplicable ; Inapplicable ; Inapplicable ; Pass         ; Inapplicable ; Inapplicable ; Inapplicable ; Inapplicable ; Pass         ; Inapplicable ; Pass      ; Pass      ; Pass      ; Inapplicable ; Inapplicable ;
; Result[27]         ; Inapplicable ; Inapplicable ; Inapplicable ; Inapplicable ; Inapplicable ; Pass      ; Inapplicable ; Inapplicable ; Inapplicable ; Inapplicable ; Inapplicable ; Inapplicable ; Inapplicable ; Pass         ; Inapplicable ; Inapplicable ; Inapplicable ; Inapplicable ; Pass         ; Inapplicable ; Inapplicable ; Inapplicable ; Inapplicable ; Pass         ; Inapplicable ; Pass      ; Pass      ; Pass      ; Inapplicable ; Inapplicable ;
; Result[28]         ; Inapplicable ; Inapplicable ; Inapplicable ; Inapplicable ; Inapplicable ; Pass      ; Inapplicable ; Inapplicable ; Inapplicable ; Inapplicable ; Inapplicable ; Inapplicable ; Inapplicable ; Pass         ; Inapplicable ; Inapplicable ; Inapplicable ; Inapplicable ; Pass         ; Inapplicable ; Inapplicable ; Inapplicable ; Inapplicable ; Pass         ; Inapplicable ; Pass      ; Pass      ; Pass      ; Inapplicable ; Inapplicable ;
; Result[29]         ; Inapplicable ; Inapplicable ; Inapplicable ; Inapplicable ; Inapplicable ; Pass      ; Inapplicable ; Inapplicable ; Inapplicable ; Inapplicable ; Inapplicable ; Inapplicable ; Inapplicable ; Pass         ; Inapplicable ; Inapplicable ; Inapplicable ; Inapplicable ; Pass         ; Inapplicable ; Inapplicable ; Inapplicable ; Inapplicable ; Pass         ; Inapplicable ; Pass      ; Pass      ; Pass      ; Inapplicable ; Inapplicable ;
; Result[30]         ; Inapplicable ; Inapplicable ; Inapplicable ; Inapplicable ; Inapplicable ; Pass      ; Inapplicable ; Inapplicable ; Inapplicable ; Inapplicable ; Inapplicable ; Inapplicable ; Inapplicable ; Pass         ; Inapplicable ; Inapplicable ; Inapplicable ; Inapplicable ; Pass         ; Inapplicable ; Inapplicable ; Inapplicable ; Inapplicable ; Pass         ; Inapplicable ; Pass      ; Pass      ; Pass      ; Inapplicable ; Inapplicable ;
; Result[31]         ; Inapplicable ; Inapplicable ; Inapplicable ; Inapplicable ; Inapplicable ; Pass      ; Inapplicable ; Inapplicable ; Inapplicable ; Inapplicable ; Inapplicable ; Inapplicable ; Inapplicable ; Pass         ; Inapplicable ; Inapplicable ; Inapplicable ; Inapplicable ; Pass         ; Inapplicable ; Inapplicable ; Inapplicable ; Inapplicable ; Pass         ; Inapplicable ; Pass      ; Pass      ; Pass      ; Inapplicable ; Inapplicable ;
; Zero               ; Inapplicable ; Inapplicable ; Inapplicable ; Inapplicable ; Inapplicable ; Pass      ; Inapplicable ; Inapplicable ; Inapplicable ; Inapplicable ; Inapplicable ; Inapplicable ; Inapplicable ; Pass         ; Inapplicable ; Inapplicable ; Inapplicable ; Inapplicable ; Pass         ; Inapplicable ; Inapplicable ; Inapplicable ; Inapplicable ; Pass         ; Inapplicable ; Pass      ; Pass      ; Pass      ; Inapplicable ; Inapplicable ;
; ALUOP[0]           ; Inapplicable ; Inapplicable ; Inapplicable ; Inapplicable ; Inapplicable ; Pass      ; Inapplicable ; Inapplicable ; Inapplicable ; Inapplicable ; Inapplicable ; Inapplicable ; Inapplicable ; Inapplicable ; Inapplicable ; Inapplicable ; Inapplicable ; Pass         ; Inapplicable ; Inapplicable ; Pass         ; Inapplicable ; Inapplicable ; Inapplicable ; Inapplicable ; Pass      ; Pass      ; Pass      ; Inapplicable ; Inapplicable ;
; B[0]               ; Inapplicable ; Inapplicable ; Inapplicable ; Inapplicable ; Inapplicable ; Pass      ; Inapplicable ; Inapplicable ; Inapplicable ; Inapplicable ; Inapplicable ; Inapplicable ; Inapplicable ; Inapplicable ; Inapplicable ; Inapplicable ; Inapplicable ; Pass         ; Inapplicable ; Inapplicable ; Pass         ; Inapplicable ; Inapplicable ; Inapplicable ; Inapplicable ; Pass      ; Pass      ; Pass      ; Inapplicable ; Inapplicable ;
; A[0]               ; Inapplicable ; Inapplicable ; Inapplicable ; Inapplicable ; Inapplicable ; Pass      ; Inapplicable ; Inapplicable ; Inapplicable ; Inapplicable ; Inapplicable ; Inapplicable ; Inapplicable ; Inapplicable ; Inapplicable ; Inapplicable ; Inapplicable ; Pass         ; Inapplicable ; Inapplicable ; Pass         ; Inapplicable ; Inapplicable ; Inapplicable ; Inapplicable ; Pass      ; Pass      ; Pass      ; Inapplicable ; Inapplicable ;
; ALUOP[1]           ; Inapplicable ; Inapplicable ; Inapplicable ; Inapplicable ; Inapplicable ; Pass      ; Inapplicable ; Inapplicable ; Inapplicable ; Inapplicable ; Inapplicable ; Inapplicable ; Inapplicable ; Inapplicable ; Inapplicable ; Inapplicable ; Inapplicable ; Pass         ; Inapplicable ; Inapplicable ; Pass         ; Inapplicable ; Inapplicable ; Inapplicable ; Inapplicable ; Pass      ; Pass      ; Pass      ; Inapplicable ; Inapplicable ;
; ALUOP[2]           ; Inapplicable ; Inapplicable ; Inapplicable ; Inapplicable ; Inapplicable ; Pass      ; Inapplicable ; Inapplicable ; Inapplicable ; Inapplicable ; Inapplicable ; Inapplicable ; Inapplicable ; Inapplicable ; Inapplicable ; Inapplicable ; Inapplicable ; Pass         ; Inapplicable ; Inapplicable ; Pass         ; Inapplicable ; Inapplicable ; Inapplicable ; Inapplicable ; Pass      ; Pass      ; Pass      ; Inapplicable ; Inapplicable ;
; A[1]               ; Inapplicable ; Inapplicable ; Inapplicable ; Inapplicable ; Inapplicable ; Pass      ; Inapplicable ; Inapplicable ; Inapplicable ; Inapplicable ; Inapplicable ; Inapplicable ; Inapplicable ; Inapplicable ; Inapplicable ; Inapplicable ; Inapplicable ; Pass         ; Inapplicable ; Inapplicable ; Pass         ; Inapplicable ; Inapplicable ; Inapplicable ; Inapplicable ; Pass      ; Pass      ; Pass      ; Inapplicable ; Inapplicable ;
; B[1]               ; Inapplicable ; Inapplicable ; Inapplicable ; Inapplicable ; Inapplicable ; Pass      ; Inapplicable ; Inapplicable ; Inapplicable ; Inapplicable ; Inapplicable ; Inapplicable ; Inapplicable ; Inapplicable ; Inapplicable ; Inapplicable ; Inapplicable ; Pass         ; Inapplicable ; Inapplicable ; Pass         ; Inapplicable ; Inapplicable ; Inapplicable ; Inapplicable ; Pass      ; Pass      ; Pass      ; Inapplicable ; Inapplicable ;
; A[3]               ; Inapplicable ; Inapplicable ; Inapplicable ; Inapplicable ; Inapplicable ; Pass      ; Inapplicable ; Inapplicable ; Inapplicable ; Inapplicable ; Inapplicable ; Inapplicable ; Inapplicable ; Inapplicable ; Inapplicable ; Inapplicable ; Inapplicable ; Pass         ; Inapplicable ; Inapplicable ; Pass         ; Inapplicable ; Inapplicable ; Inapplicable ; Inapplicable ; Pass      ; Pass      ; Pass      ; Inapplicable ; Inapplicable ;
; A[2]               ; Inapplicable ; Inapplicable ; Inapplicable ; Inapplicable ; Inapplicable ; Pass      ; Inapplicable ; Inapplicable ; Inapplicable ; Inapplicable ; Inapplicable ; Inapplicable ; Inapplicable ; Inapplicable ; Inapplicable ; Inapplicable ; Inapplicable ; Pass         ; Inapplicable ; Inapplicable ; Pass         ; Inapplicable ; Inapplicable ; Inapplicable ; Inapplicable ; Pass      ; Pass      ; Pass      ; Inapplicable ; Inapplicable ;
; B[2]               ; Inapplicable ; Inapplicable ; Inapplicable ; Inapplicable ; Inapplicable ; Pass      ; Inapplicable ; Inapplicable ; Inapplicable ; Inapplicable ; Inapplicable ; Inapplicable ; Inapplicable ; Inapplicable ; Inapplicable ; Inapplicable ; Inapplicable ; Pass         ; Inapplicable ; Inapplicable ; Pass         ; Inapplicable ; Inapplicable ; Inapplicable ; Inapplicable ; Pass      ; Pass      ; Pass      ; Inapplicable ; Inapplicable ;
; A[7]               ; Inapplicable ; Inapplicable ; Inapplicable ; Inapplicable ; Inapplicable ; Pass      ; Inapplicable ; Inapplicable ; Inapplicable ; Inapplicable ; Inapplicable ; Inapplicable ; Inapplicable ; Inapplicable ; Inapplicable ; Inapplicable ; Inapplicable ; Pass         ; Inapplicable ; Inapplicable ; Pass         ; Inapplicable ; Inapplicable ; Inapplicable ; Inapplicable ; Pass      ; Pass      ; Pass      ; Inapplicable ; Inapplicable ;
; A[6]               ; Inapplicable ; Inapplicable ; Inapplicable ; Inapplicable ; Inapplicable ; Pass      ; Inapplicable ; Inapplicable ; Inapplicable ; Inapplicable ; Inapplicable ; Inapplicable ; Inapplicable ; Inapplicable ; Inapplicable ; Inapplicable ; Inapplicable ; Pass         ; Inapplicable ; Inapplicable ; Pass         ; Inapplicable ; Inapplicable ; Inapplicable ; Inapplicable ; Pass      ; Pass      ; Pass      ; Inapplicable ; Inapplicable ;
; A[5]               ; Inapplicable ; Inapplicable ; Inapplicable ; Inapplicable ; Inapplicable ; Pass      ; Inapplicable ; Inapplicable ; Inapplicable ; Inapplicable ; Inapplicable ; Inapplicable ; Inapplicable ; Inapplicable ; Inapplicable ; Inapplicable ; Inapplicable ; Pass         ; Inapplicable ; Inapplicable ; Pass         ; Inapplicable ; Inapplicable ; Inapplicable ; Inapplicable ; Pass      ; Pass      ; Pass      ; Inapplicable ; Inapplicable ;
; A[4]               ; Inapplicable ; Inapplicable ; Inapplicable ; Inapplicable ; Inapplicable ; Pass      ; Inapplicable ; Inapplicable ; Inapplicable ; Inapplicable ; Inapplicable ; Inapplicable ; Inapplicable ; Inapplicable ; Inapplicable ; Inapplicable ; Inapplicable ; Pass         ; Inapplicable ; Inapplicable ; Pass         ; Inapplicable ; Inapplicable ; Inapplicable ; Inapplicable ; Pass      ; Pass      ; Pass      ; Inapplicable ; Inapplicable ;
; B[3]               ; Inapplicable ; Inapplicable ; Inapplicable ; Inapplicable ; Inapplicable ; Pass      ; Inapplicable ; Inapplicable ; Inapplicable ; Inapplicable ; Inapplicable ; Inapplicable ; Inapplicable ; Inapplicable ; Inapplicable ; Inapplicable ; Inapplicable ; Pass         ; Inapplicable ; Inapplicable ; Pass         ; Inapplicable ; Inapplicable ; Inapplicable ; Inapplicable ; Pass      ; Pass      ; Pass      ; Inapplicable ; Inapplicable ;
; A[15]              ; Inapplicable ; Inapplicable ; Inapplicable ; Inapplicable ; Inapplicable ; Pass      ; Inapplicable ; Inapplicable ; Inapplicable ; Inapplicable ; Inapplicable ; Inapplicable ; Inapplicable ; Inapplicable ; Inapplicable ; Inapplicable ; Inapplicable ; Pass         ; Inapplicable ; Inapplicable ; Pass         ; Inapplicable ; Inapplicable ; Inapplicable ; Inapplicable ; Pass      ; Pass      ; Pass      ; Inapplicable ; Inapplicable ;
; A[13]              ; Inapplicable ; Inapplicable ; Inapplicable ; Inapplicable ; Inapplicable ; Pass      ; Inapplicable ; Inapplicable ; Inapplicable ; Inapplicable ; Inapplicable ; Inapplicable ; Inapplicable ; Inapplicable ; Inapplicable ; Inapplicable ; Inapplicable ; Pass         ; Inapplicable ; Inapplicable ; Pass         ; Inapplicable ; Inapplicable ; Inapplicable ; Inapplicable ; Pass      ; Pass      ; Pass      ; Inapplicable ; Inapplicable ;
; A[14]              ; Inapplicable ; Inapplicable ; Inapplicable ; Inapplicable ; Inapplicable ; Pass      ; Inapplicable ; Inapplicable ; Inapplicable ; Inapplicable ; Inapplicable ; Inapplicable ; Inapplicable ; Inapplicable ; Inapplicable ; Inapplicable ; Inapplicable ; Pass         ; Inapplicable ; Inapplicable ; Pass         ; Inapplicable ; Inapplicable ; Inapplicable ; Inapplicable ; Pass      ; Pass      ; Pass      ; Inapplicable ; Inapplicable ;
; A[12]              ; Inapplicable ; Inapplicable ; Inapplicable ; Inapplicable ; Inapplicable ; Pass      ; Inapplicable ; Inapplicable ; Inapplicable ; Inapplicable ; Inapplicable ; Inapplicable ; Inapplicable ; Inapplicable ; Inapplicable ; Inapplicable ; Inapplicable ; Pass         ; Inapplicable ; Inapplicable ; Pass         ; Inapplicable ; Inapplicable ; Inapplicable ; Inapplicable ; Pass      ; Pass      ; Pass      ; Inapplicable ; Inapplicable ;
; A[11]              ; Inapplicable ; Inapplicable ; Inapplicable ; Inapplicable ; Inapplicable ; Pass      ; Inapplicable ; Inapplicable ; Inapplicable ; Inapplicable ; Inapplicable ; Inapplicable ; Inapplicable ; Inapplicable ; Inapplicable ; Inapplicable ; Inapplicable ; Pass         ; Inapplicable ; Inapplicable ; Pass         ; Inapplicable ; Inapplicable ; Inapplicable ; Inapplicable ; Pass      ; Pass      ; Pass      ; Inapplicable ; Inapplicable ;
; A[9]               ; Inapplicable ; Inapplicable ; Inapplicable ; Inapplicable ; Inapplicable ; Pass      ; Inapplicable ; Inapplicable ; Inapplicable ; Inapplicable ; Inapplicable ; Inapplicable ; Inapplicable ; Inapplicable ; Inapplicable ; Inapplicable ; Inapplicable ; Pass         ; Inapplicable ; Inapplicable ; Pass         ; Inapplicable ; Inapplicable ; Inapplicable ; Inapplicable ; Pass      ; Pass      ; Pass      ; Inapplicable ; Inapplicable ;
; A[10]              ; Inapplicable ; Inapplicable ; Inapplicable ; Inapplicable ; Inapplicable ; Pass      ; Inapplicable ; Inapplicable ; Inapplicable ; Inapplicable ; Inapplicable ; Inapplicable ; Inapplicable ; Inapplicable ; Inapplicable ; Inapplicable ; Inapplicable ; Pass         ; Inapplicable ; Inapplicable ; Pass         ; Inapplicable ; Inapplicable ; Inapplicable ; Inapplicable ; Pass      ; Pass      ; Pass      ; Inapplicable ; Inapplicable ;
; A[8]               ; Inapplicable ; Inapplicable ; Inapplicable ; Inapplicable ; Inapplicable ; Pass      ; Inapplicable ; Inapplicable ; Inapplicable ; Inapplicable ; Inapplicable ; Inapplicable ; Inapplicable ; Inapplicable ; Inapplicable ; Inapplicable ; Inapplicable ; Pass         ; Inapplicable ; Inapplicable ; Pass         ; Inapplicable ; Inapplicable ; Inapplicable ; Inapplicable ; Pass      ; Pass      ; Pass      ; Inapplicable ; Inapplicable ;
; B[4]               ; Inapplicable ; Inapplicable ; Inapplicable ; Inapplicable ; Inapplicable ; Pass      ; Inapplicable ; Inapplicable ; Inapplicable ; Inapplicable ; Inapplicable ; Inapplicable ; Inapplicable ; Inapplicable ; Inapplicable ; Inapplicable ; Inapplicable ; Pass         ; Inapplicable ; Inapplicable ; Pass         ; Inapplicable ; Inapplicable ; Inapplicable ; Inapplicable ; Pass      ; Pass      ; Pass      ; Inapplicable ; Inapplicable ;
; A[23]              ; Inapplicable ; Inapplicable ; Inapplicable ; Inapplicable ; Inapplicable ; Pass      ; Inapplicable ; Inapplicable ; Inapplicable ; Inapplicable ; Inapplicable ; Inapplicable ; Inapplicable ; Inapplicable ; Inapplicable ; Inapplicable ; Inapplicable ; Pass         ; Inapplicable ; Inapplicable ; Pass         ; Inapplicable ; Inapplicable ; Inapplicable ; Inapplicable ; Pass      ; Pass      ; Pass      ; Inapplicable ; Inapplicable ;
; A[21]              ; Inapplicable ; Inapplicable ; Inapplicable ; Inapplicable ; Inapplicable ; Pass      ; Inapplicable ; Inapplicable ; Inapplicable ; Inapplicable ; Inapplicable ; Inapplicable ; Inapplicable ; Inapplicable ; Inapplicable ; Inapplicable ; Inapplicable ; Pass         ; Inapplicable ; Inapplicable ; Pass         ; Inapplicable ; Inapplicable ; Inapplicable ; Inapplicable ; Pass      ; Pass      ; Pass      ; Inapplicable ; Inapplicable ;
; A[22]              ; Inapplicable ; Inapplicable ; Inapplicable ; Inapplicable ; Inapplicable ; Pass      ; Inapplicable ; Inapplicable ; Inapplicable ; Inapplicable ; Inapplicable ; Inapplicable ; Inapplicable ; Inapplicable ; Inapplicable ; Inapplicable ; Inapplicable ; Pass         ; Inapplicable ; Inapplicable ; Pass         ; Inapplicable ; Inapplicable ; Inapplicable ; Inapplicable ; Pass      ; Pass      ; Pass      ; Inapplicable ; Inapplicable ;
; A[20]              ; Inapplicable ; Inapplicable ; Inapplicable ; Inapplicable ; Inapplicable ; Pass      ; Inapplicable ; Inapplicable ; Inapplicable ; Inapplicable ; Inapplicable ; Inapplicable ; Inapplicable ; Inapplicable ; Inapplicable ; Inapplicable ; Inapplicable ; Pass         ; Inapplicable ; Inapplicable ; Pass         ; Inapplicable ; Inapplicable ; Inapplicable ; Inapplicable ; Pass      ; Pass      ; Pass      ; Inapplicable ; Inapplicable ;
; A[19]              ; Inapplicable ; Inapplicable ; Inapplicable ; Inapplicable ; Inapplicable ; Pass      ; Inapplicable ; Inapplicable ; Inapplicable ; Inapplicable ; Inapplicable ; Inapplicable ; Inapplicable ; Inapplicable ; Inapplicable ; Inapplicable ; Inapplicable ; Pass         ; Inapplicable ; Inapplicable ; Pass         ; Inapplicable ; Inapplicable ; Inapplicable ; Inapplicable ; Pass      ; Pass      ; Pass      ; Inapplicable ; Inapplicable ;
; A[17]              ; Inapplicable ; Inapplicable ; Inapplicable ; Inapplicable ; Inapplicable ; Pass      ; Inapplicable ; Inapplicable ; Inapplicable ; Inapplicable ; Inapplicable ; Inapplicable ; Inapplicable ; Inapplicable ; Inapplicable ; Inapplicable ; Inapplicable ; Pass         ; Inapplicable ; Inapplicable ; Pass         ; Inapplicable ; Inapplicable ; Inapplicable ; Inapplicable ; Pass      ; Pass      ; Pass      ; Inapplicable ; Inapplicable ;
; A[18]              ; Inapplicable ; Inapplicable ; Inapplicable ; Inapplicable ; Inapplicable ; Pass      ; Inapplicable ; Inapplicable ; Inapplicable ; Inapplicable ; Inapplicable ; Inapplicable ; Inapplicable ; Inapplicable ; Inapplicable ; Inapplicable ; Inapplicable ; Pass         ; Inapplicable ; Inapplicable ; Pass         ; Inapplicable ; Inapplicable ; Inapplicable ; Inapplicable ; Pass      ; Pass      ; Pass      ; Inapplicable ; Inapplicable ;
; A[16]              ; Inapplicable ; Inapplicable ; Inapplicable ; Inapplicable ; Inapplicable ; Pass      ; Inapplicable ; Inapplicable ; Inapplicable ; Inapplicable ; Inapplicable ; Inapplicable ; Inapplicable ; Inapplicable ; Inapplicable ; Inapplicable ; Inapplicable ; Pass         ; Inapplicable ; Inapplicable ; Pass         ; Inapplicable ; Inapplicable ; Inapplicable ; Inapplicable ; Pass      ; Pass      ; Pass      ; Inapplicable ; Inapplicable ;
; A[29]              ; Inapplicable ; Inapplicable ; Inapplicable ; Inapplicable ; Inapplicable ; Pass      ; Inapplicable ; Inapplicable ; Inapplicable ; Inapplicable ; Inapplicable ; Inapplicable ; Inapplicable ; Inapplicable ; Inapplicable ; Inapplicable ; Inapplicable ; Pass         ; Inapplicable ; Inapplicable ; Pass         ; Inapplicable ; Inapplicable ; Inapplicable ; Inapplicable ; Pass      ; Pass      ; Pass      ; Inapplicable ; Inapplicable ;
; A[28]              ; Inapplicable ; Inapplicable ; Inapplicable ; Inapplicable ; Inapplicable ; Pass      ; Inapplicable ; Inapplicable ; Inapplicable ; Inapplicable ; Inapplicable ; Inapplicable ; Inapplicable ; Inapplicable ; Inapplicable ; Inapplicable ; Inapplicable ; Pass         ; Inapplicable ; Inapplicable ; Pass         ; Inapplicable ; Inapplicable ; Inapplicable ; Inapplicable ; Pass      ; Pass      ; Pass      ; Inapplicable ; Inapplicable ;
; A[31]              ; Inapplicable ; Inapplicable ; Inapplicable ; Inapplicable ; Inapplicable ; Pass      ; Inapplicable ; Inapplicable ; Inapplicable ; Inapplicable ; Inapplicable ; Inapplicable ; Inapplicable ; Inapplicable ; Inapplicable ; Inapplicable ; Inapplicable ; Pass         ; Inapplicable ; Inapplicable ; Pass         ; Inapplicable ; Inapplicable ; Inapplicable ; Inapplicable ; Pass      ; Pass      ; Pass      ; Inapplicable ; Inapplicable ;
; A[30]              ; Inapplicable ; Inapplicable ; Inapplicable ; Inapplicable ; Inapplicable ; Pass      ; Inapplicable ; Inapplicable ; Inapplicable ; Inapplicable ; Inapplicable ; Inapplicable ; Inapplicable ; Inapplicable ; Inapplicable ; Inapplicable ; Inapplicable ; Pass         ; Inapplicable ; Inapplicable ; Pass         ; Inapplicable ; Inapplicable ; Inapplicable ; Inapplicable ; Pass      ; Pass      ; Pass      ; Inapplicable ; Inapplicable ;
; A[27]              ; Inapplicable ; Inapplicable ; Inapplicable ; Inapplicable ; Inapplicable ; Pass      ; Inapplicable ; Inapplicable ; Inapplicable ; Inapplicable ; Inapplicable ; Inapplicable ; Inapplicable ; Inapplicable ; Inapplicable ; Inapplicable ; Inapplicable ; Pass         ; Inapplicable ; Inapplicable ; Pass         ; Inapplicable ; Inapplicable ; Inapplicable ; Inapplicable ; Pass      ; Pass      ; Pass      ; Inapplicable ; Inapplicable ;
; A[25]              ; Inapplicable ; Inapplicable ; Inapplicable ; Inapplicable ; Inapplicable ; Pass      ; Inapplicable ; Inapplicable ; Inapplicable ; Inapplicable ; Inapplicable ; Inapplicable ; Inapplicable ; Inapplicable ; Inapplicable ; Inapplicable ; Inapplicable ; Pass         ; Inapplicable ; Inapplicable ; Pass         ; Inapplicable ; Inapplicable ; Inapplicable ; Inapplicable ; Pass      ; Pass      ; Pass      ; Inapplicable ; Inapplicable ;
; A[26]              ; Inapplicable ; Inapplicable ; Inapplicable ; Inapplicable ; Inapplicable ; Pass      ; Inapplicable ; Inapplicable ; Inapplicable ; Inapplicable ; Inapplicable ; Inapplicable ; Inapplicable ; Inapplicable ; Inapplicable ; Inapplicable ; Inapplicable ; Pass         ; Inapplicable ; Inapplicable ; Pass         ; Inapplicable ; Inapplicable ; Inapplicable ; Inapplicable ; Pass      ; Pass      ; Pass      ; Inapplicable ; Inapplicable ;
; A[24]              ; Inapplicable ; Inapplicable ; Inapplicable ; Inapplicable ; Inapplicable ; Pass      ; Inapplicable ; Inapplicable ; Inapplicable ; Inapplicable ; Inapplicable ; Inapplicable ; Inapplicable ; Inapplicable ; Inapplicable ; Inapplicable ; Inapplicable ; Pass         ; Inapplicable ; Inapplicable ; Pass         ; Inapplicable ; Inapplicable ; Inapplicable ; Inapplicable ; Pass      ; Pass      ; Pass      ; Inapplicable ; Inapplicable ;
; B[31]              ; Inapplicable ; Inapplicable ; Inapplicable ; Inapplicable ; Inapplicable ; Pass      ; Inapplicable ; Inapplicable ; Inapplicable ; Inapplicable ; Inapplicable ; Inapplicable ; Inapplicable ; Inapplicable ; Inapplicable ; Inapplicable ; Inapplicable ; Pass         ; Inapplicable ; Inapplicable ; Pass         ; Inapplicable ; Inapplicable ; Inapplicable ; Inapplicable ; Pass      ; Pass      ; Pass      ; Inapplicable ; Inapplicable ;
; B[30]              ; Inapplicable ; Inapplicable ; Inapplicable ; Inapplicable ; Inapplicable ; Pass      ; Inapplicable ; Inapplicable ; Inapplicable ; Inapplicable ; Inapplicable ; Inapplicable ; Inapplicable ; Inapplicable ; Inapplicable ; Inapplicable ; Inapplicable ; Pass         ; Inapplicable ; Inapplicable ; Pass         ; Inapplicable ; Inapplicable ; Inapplicable ; Inapplicable ; Pass      ; Pass      ; Pass      ; Inapplicable ; Inapplicable ;
; B[29]              ; Inapplicable ; Inapplicable ; Inapplicable ; Inapplicable ; Inapplicable ; Pass      ; Inapplicable ; Inapplicable ; Inapplicable ; Inapplicable ; Inapplicable ; Inapplicable ; Inapplicable ; Inapplicable ; Inapplicable ; Inapplicable ; Inapplicable ; Pass         ; Inapplicable ; Inapplicable ; Pass         ; Inapplicable ; Inapplicable ; Inapplicable ; Inapplicable ; Pass      ; Pass      ; Pass      ; Inapplicable ; Inapplicable ;
; B[28]              ; Inapplicable ; Inapplicable ; Inapplicable ; Inapplicable ; Inapplicable ; Pass      ; Inapplicable ; Inapplicable ; Inapplicable ; Inapplicable ; Inapplicable ; Inapplicable ; Inapplicable ; Inapplicable ; Inapplicable ; Inapplicable ; Inapplicable ; Pass         ; Inapplicable ; Inapplicable ; Pass         ; Inapplicable ; Inapplicable ; Inapplicable ; Inapplicable ; Pass      ; Pass      ; Pass      ; Inapplicable ; Inapplicable ;
; B[27]              ; Inapplicable ; Inapplicable ; Inapplicable ; Inapplicable ; Inapplicable ; Pass      ; Inapplicable ; Inapplicable ; Inapplicable ; Inapplicable ; Inapplicable ; Inapplicable ; Inapplicable ; Inapplicable ; Inapplicable ; Inapplicable ; Inapplicable ; Pass         ; Inapplicable ; Inapplicable ; Pass         ; Inapplicable ; Inapplicable ; Inapplicable ; Inapplicable ; Pass      ; Pass      ; Pass      ; Inapplicable ; Inapplicable ;
; B[26]              ; Inapplicable ; Inapplicable ; Inapplicable ; Inapplicable ; Inapplicable ; Pass      ; Inapplicable ; Inapplicable ; Inapplicable ; Inapplicable ; Inapplicable ; Inapplicable ; Inapplicable ; Inapplicable ; Inapplicable ; Inapplicable ; Inapplicable ; Pass         ; Inapplicable ; Inapplicable ; Pass         ; Inapplicable ; Inapplicable ; Inapplicable ; Inapplicable ; Pass      ; Pass      ; Pass      ; Inapplicable ; Inapplicable ;
; B[25]              ; Inapplicable ; Inapplicable ; Inapplicable ; Inapplicable ; Inapplicable ; Pass      ; Inapplicable ; Inapplicable ; Inapplicable ; Inapplicable ; Inapplicable ; Inapplicable ; Inapplicable ; Inapplicable ; Inapplicable ; Inapplicable ; Inapplicable ; Pass         ; Inapplicable ; Inapplicable ; Pass         ; Inapplicable ; Inapplicable ; Inapplicable ; Inapplicable ; Pass      ; Pass      ; Pass      ; Inapplicable ; Inapplicable ;
; B[24]              ; Inapplicable ; Inapplicable ; Inapplicable ; Inapplicable ; Inapplicable ; Pass      ; Inapplicable ; Inapplicable ; Inapplicable ; Inapplicable ; Inapplicable ; Inapplicable ; Inapplicable ; Inapplicable ; Inapplicable ; Inapplicable ; Inapplicable ; Pass         ; Inapplicable ; Inapplicable ; Pass         ; Inapplicable ; Inapplicable ; Inapplicable ; Inapplicable ; Pass      ; Pass      ; Pass      ; Inapplicable ; Inapplicable ;
; B[23]              ; Inapplicable ; Inapplicable ; Inapplicable ; Inapplicable ; Inapplicable ; Pass      ; Inapplicable ; Inapplicable ; Inapplicable ; Inapplicable ; Inapplicable ; Inapplicable ; Inapplicable ; Inapplicable ; Inapplicable ; Inapplicable ; Inapplicable ; Pass         ; Inapplicable ; Inapplicable ; Pass         ; Inapplicable ; Inapplicable ; Inapplicable ; Inapplicable ; Pass      ; Pass      ; Pass      ; Inapplicable ; Inapplicable ;
; B[22]              ; Inapplicable ; Inapplicable ; Inapplicable ; Inapplicable ; Inapplicable ; Pass      ; Inapplicable ; Inapplicable ; Inapplicable ; Inapplicable ; Inapplicable ; Inapplicable ; Inapplicable ; Inapplicable ; Inapplicable ; Inapplicable ; Inapplicable ; Pass         ; Inapplicable ; Inapplicable ; Pass         ; Inapplicable ; Inapplicable ; Inapplicable ; Inapplicable ; Pass      ; Pass      ; Pass      ; Inapplicable ; Inapplicable ;
; B[21]              ; Inapplicable ; Inapplicable ; Inapplicable ; Inapplicable ; Inapplicable ; Pass      ; Inapplicable ; Inapplicable ; Inapplicable ; Inapplicable ; Inapplicable ; Inapplicable ; Inapplicable ; Inapplicable ; Inapplicable ; Inapplicable ; Inapplicable ; Pass         ; Inapplicable ; Inapplicable ; Pass         ; Inapplicable ; Inapplicable ; Inapplicable ; Inapplicable ; Pass      ; Pass      ; Pass      ; Inapplicable ; Inapplicable ;
; B[20]              ; Inapplicable ; Inapplicable ; Inapplicable ; Inapplicable ; Inapplicable ; Pass      ; Inapplicable ; Inapplicable ; Inapplicable ; Inapplicable ; Inapplicable ; Inapplicable ; Inapplicable ; Inapplicable ; Inapplicable ; Inapplicable ; Inapplicable ; Pass         ; Inapplicable ; Inapplicable ; Pass         ; Inapplicable ; Inapplicable ; Inapplicable ; Inapplicable ; Pass      ; Pass      ; Pass      ; Inapplicable ; Inapplicable ;
; B[19]              ; Inapplicable ; Inapplicable ; Inapplicable ; Inapplicable ; Inapplicable ; Pass      ; Inapplicable ; Inapplicable ; Inapplicable ; Inapplicable ; Inapplicable ; Inapplicable ; Inapplicable ; Inapplicable ; Inapplicable ; Inapplicable ; Inapplicable ; Pass         ; Inapplicable ; Inapplicable ; Pass         ; Inapplicable ; Inapplicable ; Inapplicable ; Inapplicable ; Pass      ; Pass      ; Pass      ; Inapplicable ; Inapplicable ;
; B[18]              ; Inapplicable ; Inapplicable ; Inapplicable ; Inapplicable ; Inapplicable ; Pass      ; Inapplicable ; Inapplicable ; Inapplicable ; Inapplicable ; Inapplicable ; Inapplicable ; Inapplicable ; Inapplicable ; Inapplicable ; Inapplicable ; Inapplicable ; Pass         ; Inapplicable ; Inapplicable ; Pass         ; Inapplicable ; Inapplicable ; Inapplicable ; Inapplicable ; Pass      ; Pass      ; Pass      ; Inapplicable ; Inapplicable ;
; B[17]              ; Inapplicable ; Inapplicable ; Inapplicable ; Inapplicable ; Inapplicable ; Pass      ; Inapplicable ; Inapplicable ; Inapplicable ; Inapplicable ; Inapplicable ; Inapplicable ; Inapplicable ; Inapplicable ; Inapplicable ; Inapplicable ; Inapplicable ; Pass         ; Inapplicable ; Inapplicable ; Pass         ; Inapplicable ; Inapplicable ; Inapplicable ; Inapplicable ; Pass      ; Pass      ; Pass      ; Inapplicable ; Inapplicable ;
; B[16]              ; Inapplicable ; Inapplicable ; Inapplicable ; Inapplicable ; Inapplicable ; Pass      ; Inapplicable ; Inapplicable ; Inapplicable ; Inapplicable ; Inapplicable ; Inapplicable ; Inapplicable ; Inapplicable ; Inapplicable ; Inapplicable ; Inapplicable ; Pass         ; Inapplicable ; Inapplicable ; Pass         ; Inapplicable ; Inapplicable ; Inapplicable ; Inapplicable ; Pass      ; Pass      ; Pass      ; Inapplicable ; Inapplicable ;
; B[15]              ; Inapplicable ; Inapplicable ; Inapplicable ; Inapplicable ; Inapplicable ; Pass      ; Inapplicable ; Inapplicable ; Inapplicable ; Inapplicable ; Inapplicable ; Inapplicable ; Inapplicable ; Inapplicable ; Inapplicable ; Inapplicable ; Inapplicable ; Pass         ; Inapplicable ; Inapplicable ; Pass         ; Inapplicable ; Inapplicable ; Inapplicable ; Inapplicable ; Pass      ; Pass      ; Pass      ; Inapplicable ; Inapplicable ;
; B[14]              ; Inapplicable ; Inapplicable ; Inapplicable ; Inapplicable ; Inapplicable ; Pass      ; Inapplicable ; Inapplicable ; Inapplicable ; Inapplicable ; Inapplicable ; Inapplicable ; Inapplicable ; Inapplicable ; Inapplicable ; Inapplicable ; Inapplicable ; Pass         ; Inapplicable ; Inapplicable ; Pass         ; Inapplicable ; Inapplicable ; Inapplicable ; Inapplicable ; Pass      ; Pass      ; Pass      ; Inapplicable ; Inapplicable ;
; B[13]              ; Inapplicable ; Inapplicable ; Inapplicable ; Inapplicable ; Inapplicable ; Pass      ; Inapplicable ; Inapplicable ; Inapplicable ; Inapplicable ; Inapplicable ; Inapplicable ; Inapplicable ; Inapplicable ; Inapplicable ; Inapplicable ; Inapplicable ; Pass         ; Inapplicable ; Inapplicable ; Pass         ; Inapplicable ; Inapplicable ; Inapplicable ; Inapplicable ; Pass      ; Pass      ; Pass      ; Inapplicable ; Inapplicable ;
; B[12]              ; Inapplicable ; Inapplicable ; Inapplicable ; Inapplicable ; Inapplicable ; Pass      ; Inapplicable ; Inapplicable ; Inapplicable ; Inapplicable ; Inapplicable ; Inapplicable ; Inapplicable ; Inapplicable ; Inapplicable ; Inapplicable ; Inapplicable ; Pass         ; Inapplicable ; Inapplicable ; Pass         ; Inapplicable ; Inapplicable ; Inapplicable ; Inapplicable ; Pass      ; Pass      ; Pass      ; Inapplicable ; Inapplicable ;
; B[11]              ; Inapplicable ; Inapplicable ; Inapplicable ; Inapplicable ; Inapplicable ; Pass      ; Inapplicable ; Inapplicable ; Inapplicable ; Inapplicable ; Inapplicable ; Inapplicable ; Inapplicable ; Inapplicable ; Inapplicable ; Inapplicable ; Inapplicable ; Pass         ; Inapplicable ; Inapplicable ; Pass         ; Inapplicable ; Inapplicable ; Inapplicable ; Inapplicable ; Pass      ; Pass      ; Pass      ; Inapplicable ; Inapplicable ;
; B[10]              ; Inapplicable ; Inapplicable ; Inapplicable ; Inapplicable ; Inapplicable ; Pass      ; Inapplicable ; Inapplicable ; Inapplicable ; Inapplicable ; Inapplicable ; Inapplicable ; Inapplicable ; Inapplicable ; Inapplicable ; Inapplicable ; Inapplicable ; Pass         ; Inapplicable ; Inapplicable ; Pass         ; Inapplicable ; Inapplicable ; Inapplicable ; Inapplicable ; Pass      ; Pass      ; Pass      ; Inapplicable ; Inapplicable ;
; B[9]               ; Inapplicable ; Inapplicable ; Inapplicable ; Inapplicable ; Inapplicable ; Pass      ; Inapplicable ; Inapplicable ; Inapplicable ; Inapplicable ; Inapplicable ; Inapplicable ; Inapplicable ; Inapplicable ; Inapplicable ; Inapplicable ; Inapplicable ; Pass         ; Inapplicable ; Inapplicable ; Pass         ; Inapplicable ; Inapplicable ; Inapplicable ; Inapplicable ; Pass      ; Pass      ; Pass      ; Inapplicable ; Inapplicable ;
; B[8]               ; Inapplicable ; Inapplicable ; Inapplicable ; Inapplicable ; Inapplicable ; Pass      ; Inapplicable ; Inapplicable ; Inapplicable ; Inapplicable ; Inapplicable ; Inapplicable ; Inapplicable ; Inapplicable ; Inapplicable ; Inapplicable ; Inapplicable ; Pass         ; Inapplicable ; Inapplicable ; Pass         ; Inapplicable ; Inapplicable ; Inapplicable ; Inapplicable ; Pass      ; Pass      ; Pass      ; Inapplicable ; Inapplicable ;
; B[7]               ; Inapplicable ; Inapplicable ; Inapplicable ; Inapplicable ; Inapplicable ; Pass      ; Inapplicable ; Inapplicable ; Inapplicable ; Inapplicable ; Inapplicable ; Inapplicable ; Inapplicable ; Inapplicable ; Inapplicable ; Inapplicable ; Inapplicable ; Pass         ; Inapplicable ; Inapplicable ; Pass         ; Inapplicable ; Inapplicable ; Inapplicable ; Inapplicable ; Pass      ; Pass      ; Pass      ; Inapplicable ; Inapplicable ;
; B[6]               ; Inapplicable ; Inapplicable ; Inapplicable ; Inapplicable ; Inapplicable ; Pass      ; Inapplicable ; Inapplicable ; Inapplicable ; Inapplicable ; Inapplicable ; Inapplicable ; Inapplicable ; Inapplicable ; Inapplicable ; Inapplicable ; Inapplicable ; Pass         ; Inapplicable ; Inapplicable ; Pass         ; Inapplicable ; Inapplicable ; Inapplicable ; Inapplicable ; Pass      ; Pass      ; Pass      ; Inapplicable ; Inapplicable ;
; B[5]               ; Inapplicable ; Inapplicable ; Inapplicable ; Inapplicable ; Inapplicable ; Pass      ; Inapplicable ; Inapplicable ; Inapplicable ; Inapplicable ; Inapplicable ; Inapplicable ; Inapplicable ; Inapplicable ; Inapplicable ; Inapplicable ; Inapplicable ; Pass         ; Inapplicable ; Inapplicable ; Pass         ; Inapplicable ; Inapplicable ; Inapplicable ; Inapplicable ; Pass      ; Pass      ; Pass      ; Inapplicable ; Inapplicable ;
+--------------------+--------------+--------------+--------------+--------------+--------------+-----------+--------------+--------------+--------------+--------------+--------------+--------------+--------------+--------------+--------------+--------------+--------------+--------------+--------------+--------------+--------------+--------------+--------------+--------------+--------------+-----------+-----------+-----------+--------------+--------------+


+-------------------------------------------------------------------------------------------+
; Fitter Device Options                                                                     ;
+------------------------------------------------------------------+------------------------+
; Option                                                           ; Setting                ;
+------------------------------------------------------------------+------------------------+
; Enable user-supplied start-up clock (CLKUSR)                     ; Off                    ;
; Enable device-wide reset (DEV_CLRn)                              ; Off                    ;
; Enable device-wide output enable (DEV_OE)                        ; Off                    ;
; Enable INIT_DONE output                                          ; Off                    ;
; Configuration scheme                                             ; Internal Configuration ;
; Enable Error Detection CRC_ERROR pin                             ; Off                    ;
; Enable open drain on CRC_ERROR pin                               ; Off                    ;
; Enable nCONFIG, nSTATUS, and CONF_DONE pins                      ; On                     ;
; Enable JTAG pin sharing                                          ; Off                    ;
; Enable nCE pin                                                   ; Off                    ;
; Enable CONFIG_SEL pin                                            ; On                     ;
; Enable input tri-state on active configuration pins in user mode ; Off                    ;
; Configuration Voltage Level                                      ; Auto                   ;
; Force Configuration Voltage Level                                ; Off                    ;
; Data[0]                                                          ; Unreserved             ;
; Data[1]/ASDO                                                     ; Unreserved             ;
; FLASH_nCE/nCSO                                                   ; Unreserved             ;
; DCLK                                                             ; Unreserved             ;
+------------------------------------------------------------------+------------------------+


+------------------------------------+
; Operating Settings and Conditions  ;
+---------------------------+--------+
; Setting                   ; Value  ;
+---------------------------+--------+
; Nominal Core Voltage      ; 1.20 V ;
; Low Junction Temperature  ; 0 °C   ;
; High Junction Temperature ; 85 °C  ;
+---------------------------+--------+


+-----------------+
; Fitter Messages ;
+-----------------+
Warning (18236): Number of processors has not been specified which may cause overloading on shared machines.  Set the global assignment NUM_PARALLEL_PROCESSORS in your QSF to an appropriate value for best performance.
Info (20030): Parallel compilation is enabled and will use 16 of the 16 processors detected
Info (119006): Selected device 10M50DAF484C7G for design "week3"
Info (21077): Low junction temperature is 0 degrees C
Info (21077): High junction temperature is 85 degrees C
Info (171003): Fitter is performing an Auto Fit compilation, which may decrease Fitter effort to reduce compilation time
Warning (292013): Feature LogicLock is only available with a valid subscription license. You can purchase a software subscription to gain full access to this feature.
Info (176444): Device migration not selected. If you intend to use device migration later, you may need to change the pin assignments as they may be incompatible with other devices
    Info (176445): Device 10M08DAF484I7G is compatible
    Info (176445): Device 10M08DAF484I7P is compatible
    Info (176445): Device 10M16DAF484A7G is compatible
    Info (176445): Device 10M16DAF484C7G is compatible
    Info (176445): Device 10M16DAF484I7G is compatible
    Info (176445): Device 10M16DAF484I7P is compatible
    Info (176445): Device 10M25DAF484A7G is compatible
    Info (176445): Device 10M25DAF484C7G is compatible
    Info (176445): Device 10M25DAF484I7G is compatible
    Info (176445): Device 10M50DAF484I7G is compatible
    Info (176445): Device 10M50DAF484I7P is compatible
    Info (176445): Device 10M40DAF484C7G is compatible
    Info (176445): Device 10M40DAF484I7G is compatible
Info (169124): Fitter converted 8 user pins into dedicated programming pins
    Info (169125): Pin ~ALTERA_TMS~ is reserved at location H2
    Info (169125): Pin ~ALTERA_TCK~ is reserved at location G2
    Info (169125): Pin ~ALTERA_TDI~ is reserved at location L4
    Info (169125): Pin ~ALTERA_TDO~ is reserved at location M5
    Info (169125): Pin ~ALTERA_CONFIG_SEL~ is reserved at location H10
    Info (169125): Pin ~ALTERA_nCONFIG~ is reserved at location H9
    Info (169125): Pin ~ALTERA_nSTATUS~ is reserved at location G9
    Info (169125): Pin ~ALTERA_CONF_DONE~ is reserved at location F8
Info (169141): DATA[0] dual-purpose pin not reserved
Info (12825): Data[1]/ASDO dual-purpose pin not reserved
Info (12825): nCSO dual-purpose pin not reserved
Info (12825): DCLK dual-purpose pin not reserved
Warning (15714): Some pins have incomplete I/O assignments. Refer to the I/O Assignment Warnings report for details
Critical Warning (169085): No exact pin location assignment(s) for 100 pins of 100 total pins. For the list of pins please refer to the I/O Assignment Warnings table in the fitter report.
Critical Warning (332012): Synopsys Design Constraints File file not found: 'week3.sdc'. A Synopsys Design Constraints File is required by the Timing Analyzer to get proper timing constraints. Without it, the Compiler will not properly optimize the design.
Info (332144): No user constrained base clocks found in the design
Info (332096): The command derive_clocks did not find any clocks to derive.  No clocks were created or changed.
Warning (332068): No clocks defined in design.
Info (332143): No user constrained clock uncertainty found in the design. Calling "derive_clock_uncertainty"
Info (332154): The derive_clock_uncertainty command did not apply clock uncertainty to any clock-to-clock transfers.
Info (332130): Timing requirements not specified -- quality metrics such as performance may be sacrificed to reduce compilation time.
Info (176233): Starting register packing
Info (176235): Finished register packing
    Extra Info (176219): No registers were packed into other blocks
Info (176214): Statistics of I/O pins that need to be placed that use the same VCCIO and VREF, before I/O pin placement
    Info (176211): Number of I/O pins in group: 100 (unused VREF, 2.5V VCCIO, 67 input, 33 output, 0 bidirectional)
        Info (176212): I/O standards used: 2.5 V.
Info (176215): I/O bank details before I/O pin placement
    Info (176214): Statistics of I/O banks
        Info (176213): I/O bank number 1A does not use VREF pins and has undetermined VCCIO pins. 0 total pin(s) used --  16 pins available
        Info (176213): I/O bank number 1B does not use VREF pins and has undetermined VCCIO pins. 4 total pin(s) used --  20 pins available
        Info (176213): I/O bank number 2 does not use VREF pins and has undetermined VCCIO pins. 0 total pin(s) used --  36 pins available
        Info (176213): I/O bank number 3 does not use VREF pins and has undetermined VCCIO pins. 0 total pin(s) used --  48 pins available
        Info (176213): I/O bank number 4 does not use VREF pins and has undetermined VCCIO pins. 0 total pin(s) used --  48 pins available
        Info (176213): I/O bank number 5 does not use VREF pins and has undetermined VCCIO pins. 0 total pin(s) used --  40 pins available
        Info (176213): I/O bank number 6 does not use VREF pins and has undetermined VCCIO pins. 0 total pin(s) used --  60 pins available
        Info (176213): I/O bank number 7 does not use VREF pins and has undetermined VCCIO pins. 0 total pin(s) used --  52 pins available
        Info (176213): I/O bank number 8 does not use VREF pins and has undetermined VCCIO pins. 4 total pin(s) used --  32 pins available
Info (171121): Fitter preparation operations ending: elapsed time is 00:00:01
Info (14896): Fitter has disabled Advanced Physical Optimization because it is not supported for the current family.
Info (170189): Fitter placement preparation operations beginning
Info (170190): Fitter placement preparation operations ending: elapsed time is 00:00:00
Info (170191): Fitter placement operations beginning
Info (170137): Fitter placement was successful
Info (170192): Fitter placement operations ending: elapsed time is 00:00:01
Info (170193): Fitter routing operations beginning
Info (170195): Router estimated average interconnect usage is 0% of the available device resources
    Info (170196): Router estimated peak interconnect usage is 12% of the available device resources in the region that extends from location X45_Y33 to location X55_Y43
Info (170199): The Fitter performed an Auto Fit compilation.  Optimizations were skipped to reduce compilation time.
    Info (170201): Optimizations that may affect the design's routability were skipped
    Info (170200): Optimizations that may affect the design's timing were skipped
Info (170194): Fitter routing operations ending: elapsed time is 00:00:00
Info (11888): Total time spent on timing analysis during the Fitter is 0.02 seconds.
Info (334003): Started post-fitting delay annotation
Info (334004): Delay annotation completed successfully
Info (334003): Started post-fitting delay annotation
Info (334004): Delay annotation completed successfully
Info (11218): Fitter post-fit operations ending: elapsed time is 00:00:01
Info (144001): Generated suppressed messages file /home/nw1728/study/y2q2/ComputerArchitectureAndSynthesis/week3/quartus/output_files/week3.fit.smsg
Info: Quartus Prime Fitter was successful. 0 errors, 6 warnings
    Info: Peak virtual memory: 2046 megabytes
    Info: Processing ended: Thu Dec  4 15:17:10 2025
    Info: Elapsed time: 00:00:04
    Info: Total CPU time (on all processors): 00:00:08


+----------------------------+
; Fitter Suppressed Messages ;
+----------------------------+
The suppressed messages can be found in /home/nw1728/study/y2q2/ComputerArchitectureAndSynthesis/week3/quartus/output_files/week3.fit.smsg.


